[2026-08-28 06:28:17] local.ERROR: Class "Modules\Auth\Providers\AuthServiceProvider" not found {"exception":"[object] (Error(code: 0): Class \"Modules\\Auth\\Providers\\AuthServiceProvider\" not found at /Users/primesysindia/priyanshuprimesys/PersonalFolder/projects/pharmacy-erp-blueprint/doctor-erp/apps/admin-api/vendor/laravel/framework/src/Illuminate/Foundation/ProviderRepository.php:205)
[stacktrace]
#0 /Users/primesysindia/priyanshuprimesys/PersonalFolder/projects/pharmacy-erp-blueprint/doctor-erp/apps/admin-api/vendor/laravel/framework/src/Illuminate/Foundation/ProviderRepository.php(141): Illuminate\\Foundation\\ProviderRepository->createProvider('Modules\\\\Auth\\\\Pr...')
#1 /Users/primesysindia/priyanshuprimesys/PersonalFolder/projects/pharmacy-erp-blueprint/doctor-erp/apps/admin-api/vendor/laravel/framework/src/Illuminate/Foundation/ProviderRepository.php(60): Illuminate\\Foundation\\ProviderRepository->compileManifest(Array)
#2 /Users/primesysindia/priyanshuprimesys/PersonalFolder/projects/pharmacy-erp-blueprint/doctor-erp/apps/admin-api/vendor/nwidart/laravel-modules/src/ModulesServiceProvider.php(32): Illuminate\\Foundation\\ProviderRepository->load(Array)
#3 /Users/primesysindia/priyanshuprimesys/PersonalFolder/projects/pharmacy-erp-blueprint/doctor-erp/apps/admin-api/vendor/nwidart/laravel-modules/src/LaravelModulesServiceProvider.php(51): Nwidart\\Modules\\ModulesServiceProvider->registerModules()
#4 /Users/primesysindia/priyanshuprimesys/PersonalFolder/projects/pharmacy-erp-blueprint/doctor-erp/apps/admin-api/vendor/laravel/framework/src/Illuminate/Foundation/Application.php(903): Nwidart\\Modules\\LaravelModulesServiceProvider->register()
#5 /Users/primesysindia/priyanshuprimesys/PersonalFolder/projects/pharmacy-erp-blueprint/doctor-erp/apps/admin-api/vendor/laravel/framework/src/Illuminate/Foundation/ProviderRepository.php(74): Illuminate\\Foundation\\Application->register(Object(Nwidart\\Modules\\LaravelModulesServiceProvider))
#6 /Users/primesysindia/priyanshuprimesys/PersonalFolder/projects/pharmacy-erp-blueprint/doctor-erp/apps/admin-api/vendor/laravel/framework/src/Illuminate/Foundation/Application.php(878): Illuminate\\Foundation\\ProviderRepository->load(Array)
#7 /Users/primesysindia/priyanshuprimesys/PersonalFolder/projects/pharmacy-erp-blueprint/doctor-erp/apps/admin-api/vendor/laravel/framework/src/Illuminate/Foundation/Bootstrap/RegisterProviders.php(37): Illuminate\\Foundation\\Application->registerConfiguredProviders()
#8 /Users/primesysindia/priyanshuprimesys/PersonalFolder/projects/pharmacy-erp-blueprint/doctor-erp/apps/admin-api/vendor/laravel/framework/src/Illuminate/Foundation/Application.php(349): Illuminate\\Foundation\\Bootstrap\\RegisterProviders->bootstrap(Object(Illuminate\\Foundation\\Application))
#9 /Users/primesysindia/priyanshuprimesys/PersonalFolder/projects/pharmacy-erp-blueprint/doctor-erp/apps/admin-api/vendor/laravel/framework/src/Illuminate/Foundation/Console/Kernel.php(494): Illuminate\\Foundation\\Application->bootstrapWith(Array)
#10 /Users/primesysindia/priyanshuprimesys/PersonalFolder/projects/pharmacy-erp-blueprint/doctor-erp/apps/admin-api/vendor/laravel/framework/src/Illuminate/Foundation/Console/Kernel.php(196): Illuminate\\Foundation\\Console\\Kernel->bootstrap()
#11 /Users/primesysindia/priyanshuprimesys/PersonalFolder/projects/pharmacy-erp-blueprint/doctor-erp/apps/admin-api/vendor/laravel/framework/src/Illuminate/Foundation/Application.php(1242): Illuminate\\Foundation\\Console\\Kernel->handle(Object(Symfony\\Component\\Console\\Input\\ArgvInput), Object(Symfony\\Component\\Console\\Output\\ConsoleOutput))
#12 /Users/primesysindia/priyanshuprimesys/PersonalFolder/projects/pharmacy-erp-blueprint/doctor-erp/apps/admin-api/artisan(16): Illuminate\\Foundation\\Application->handleCommand(Object(Symfony\\Component\\Console\\Input\\ArgvInput))
#13 {main}
"} 
[2026-08-28 06:28:31] local.ERROR: Class "Modules\Auth\Providers\AuthServiceProvider" not found {"exception":"[object] (Error(code: 0): Class \"Modules\\Auth\\Providers\\AuthServiceProvider\" not found at /Users/primesysindia/priyanshuprimesys/PersonalFolder/projects/pharmacy-erp-blueprint/doctor-erp/apps/admin-api/vendor/laravel/framework/src/Illuminate/Foundation/ProviderRepository.php:205)
[stacktrace]
#0 /Users/primesysindia/priyanshuprimesys/PersonalFolder/projects/pharmacy-erp-blueprint/doctor-erp/apps/admin-api/vendor/laravel/framework/src/Illuminate/Foundation/ProviderRepository.php(141): Illuminate\\Foundation\\ProviderRepository->createProvider('Modules\\\\Auth\\\\Pr...')
#1 /Users/primesysindia/priyanshuprimesys/PersonalFolder/projects/pharmacy-erp-blueprint/doctor-erp/apps/admin-api/vendor/laravel/framework/src/Illuminate/Foundation/ProviderRepository.php(60): Illuminate\\Foundation\\ProviderRepository->compileManifest(Array)
#2 /Users/primesysindia/priyanshuprimesys/PersonalFolder/projects/pharmacy-erp-blueprint/doctor-erp/apps/admin-api/vendor/nwidart/laravel-modules/src/ModulesServiceProvider.php(32): Illuminate\\Foundation\\ProviderRepository->load(Array)
#3 /Users/primesysindia/priyanshuprimesys/PersonalFolder/projects/pharmacy-erp-blueprint/doctor-erp/apps/admin-api/vendor/nwidart/laravel-modules/src/LaravelModulesServiceProvider.php(51): Nwidart\\Modules\\ModulesServiceProvider->registerModules()
#4 /Users/primesysindia/priyanshuprimesys/PersonalFolder/projects/pharmacy-erp-blueprint/doctor-erp/apps/admin-api/vendor/laravel/framework/src/Illuminate/Foundation/Application.php(903): Nwidart\\Modules\\LaravelModulesServiceProvider->register()
#5 /Users/primesysindia/priyanshuprimesys/PersonalFolder/projects/pharmacy-erp-blueprint/doctor-erp/apps/admin-api/vendor/laravel/framework/src/Illuminate/Foundation/ProviderRepository.php(74): Illuminate\\Foundation\\Application->register(Object(Nwidart\\Modules\\LaravelModulesServiceProvider))
#6 /Users/primesysindia/priyanshuprimesys/PersonalFolder/projects/pharmacy-erp-blueprint/doctor-erp/apps/admin-api/vendor/laravel/framework/src/Illuminate/Foundation/Application.php(878): Illuminate\\Foundation\\ProviderRepository->load(Array)
#7 /Users/primesysindia/priyanshuprimesys/PersonalFolder/projects/pharmacy-erp-blueprint/doctor-erp/apps/admin-api/vendor/laravel/framework/src/Illuminate/Foundation/Bootstrap/RegisterProviders.php(37): Illuminate\\Foundation\\Application->registerConfiguredProviders()
#8 /Users/primesysindia/priyanshuprimesys/PersonalFolder/projects/pharmacy-erp-blueprint/doctor-erp/apps/admin-api/vendor/laravel/framework/src/Illuminate/Foundation/Application.php(349): Illuminate\\Foundation\\Bootstrap\\RegisterProviders->bootstrap(Object(Illuminate\\Foundation\\Application))
#9 /Users/primesysindia/priyanshuprimesys/PersonalFolder/projects/pharmacy-erp-blueprint/doctor-erp/apps/admin-api/vendor/laravel/framework/src/Illuminate/Foundation/Console/Kernel.php(494): Illuminate\\Foundation\\Application->bootstrapWith(Array)
#10 /Users/primesysindia/priyanshuprimesys/PersonalFolder/projects/pharmacy-erp-blueprint/doctor-erp/apps/admin-api/vendor/laravel/framework/src/Illuminate/Foundation/Console/Kernel.php(196): Illuminate\\Foundation\\Console\\Kernel->bootstrap()
#11 /Users/primesysindia/priyanshuprimesys/PersonalFolder/projects/pharmacy-erp-blueprint/doctor-erp/apps/admin-api/vendor/laravel/framework/src/Illuminate/Foundation/Application.php(1242): Illuminate\\Foundation\\Console\\Kernel->handle(Object(Symfony\\Component\\Console\\Input\\ArgvInput), Object(Symfony\\Component\\Console\\Output\\ConsoleOutput))
#12 /Users/primesysindia/priyanshuprimesys/PersonalFolder/projects/pharmacy-erp-blueprint/doctor-erp/apps/admin-api/artisan(16): Illuminate\\Foundation\\Application->handleCommand(Object(Symfony\\Component\\Console\\Input\\ArgvInput))
#13 {main}
"} 
[2026-08-28 06:28:37] local.ERROR: Class "Modules\Auth\Providers\AuthServiceProvider" not found {"exception":"[object] (Error(code: 0): Class \"Modules\\Auth\\Providers\\AuthServiceProvider\" not found at /Users/primesysindia/priyanshuprimesys/PersonalFolder/projects/pharmacy-erp-blueprint/doctor-erp/apps/admin-api/vendor/laravel/framework/src/Illuminate/Foundation/ProviderRepository.php:205)
[stacktrace]
#0 /Users/primesysindia/priyanshuprimesys/PersonalFolder/projects/pharmacy-erp-blueprint/doctor-erp/apps/admin-api/vendor/laravel/framework/src/Illuminate/Foundation/ProviderRepository.php(141): Illuminate\\Foundation\\ProviderRepository->createProvider('Modules\\\\Auth\\\\Pr...')
#1 /Users/primesysindia/priyanshuprimesys/PersonalFolder/projects/pharmacy-erp-blueprint/doctor-erp/apps/admin-api/vendor/laravel/framework/src/Illuminate/Foundation/ProviderRepository.php(60): Illuminate\\Foundation\\ProviderRepository->compileManifest(Array)
#2 /Users/primesysindia/priyanshuprimesys/PersonalFolder/projects/pharmacy-erp-blueprint/doctor-erp/apps/admin-api/vendor/nwidart/laravel-modules/src/ModulesServiceProvider.php(32): Illuminate\\Foundation\\ProviderRepository->load(Array)
#3 /Users/primesysindia/priyanshuprimesys/PersonalFolder/projects/pharmacy-erp-blueprint/doctor-erp/apps/admin-api/vendor/nwidart/laravel-modules/src/LaravelModulesServiceProvider.php(51): Nwidart\\Modules\\ModulesServiceProvider->registerModules()
#4 /Users/primesysindia/priyanshuprimesys/PersonalFolder/projects/pharmacy-erp-blueprint/doctor-erp/apps/admin-api/vendor/laravel/framework/src/Illuminate/Foundation/Application.php(903): Nwidart\\Modules\\LaravelModulesServiceProvider->register()
#5 /Users/primesysindia/priyanshuprimesys/PersonalFolder/projects/pharmacy-erp-blueprint/doctor-erp/apps/admin-api/vendor/laravel/framework/src/Illuminate/Foundation/ProviderRepository.php(74): Illuminate\\Foundation\\Application->register(Object(Nwidart\\Modules\\LaravelModulesServiceProvider))
#6 /Users/primesysindia/priyanshuprimesys/PersonalFolder/projects/pharmacy-erp-blueprint/doctor-erp/apps/admin-api/vendor/laravel/framework/src/Illuminate/Foundation/Application.php(878): Illuminate\\Foundation\\ProviderRepository->load(Array)
#7 /Users/primesysindia/priyanshuprimesys/PersonalFolder/projects/pharmacy-erp-blueprint/doctor-erp/apps/admin-api/vendor/laravel/framework/src/Illuminate/Foundation/Bootstrap/RegisterProviders.php(37): Illuminate\\Foundation\\Application->registerConfiguredProviders()
#8 /Users/primesysindia/priyanshuprimesys/PersonalFolder/projects/pharmacy-erp-blueprint/doctor-erp/apps/admin-api/vendor/laravel/framework/src/Illuminate/Foundation/Application.php(349): Illuminate\\Foundation\\Bootstrap\\RegisterProviders->bootstrap(Object(Illuminate\\Foundation\\Application))
#9 /Users/primesysindia/priyanshuprimesys/PersonalFolder/projects/pharmacy-erp-blueprint/doctor-erp/apps/admin-api/vendor/laravel/framework/src/Illuminate/Foundation/Console/Kernel.php(494): Illuminate\\Foundation\\Application->bootstrapWith(Array)
#10 /Users/primesysindia/priyanshuprimesys/PersonalFolder/projects/pharmacy-erp-blueprint/doctor-erp/apps/admin-api/vendor/laravel/framework/src/Illuminate/Foundation/Console/Kernel.php(196): Illuminate\\Foundation\\Console\\Kernel->bootstrap()
#11 /Users/primesysindia/priyanshuprimesys/PersonalFolder/projects/pharmacy-erp-blueprint/doctor-erp/apps/admin-api/vendor/laravel/framework/src/Illuminate/Foundation/Application.php(1242): Illuminate\\Foundation\\Console\\Kernel->handle(Object(Symfony\\Component\\Console\\Input\\ArgvInput), Object(Symfony\\Component\\Console\\Output\\ConsoleOutput))
#12 /Users/primesysindia/priyanshuprimesys/PersonalFolder/projects/pharmacy-erp-blueprint/doctor-erp/apps/admin-api/artisan(16): Illuminate\\Foundation\\Application->handleCommand(Object(Symfony\\Component\\Console\\Input\\ArgvInput))
#13 {main}
"} 
[2026-08-28 06:28:44] local.ERROR: Class "Modules\Auth\Providers\AuthServiceProvider" not found {"exception":"[object] (Error(code: 0): Class \"Modules\\Auth\\Providers\\AuthServiceProvider\" not found at /Users/primesysindia/priyanshuprimesys/PersonalFolder/projects/pharmacy-erp-blueprint/doctor-erp/apps/admin-api/vendor/laravel/framework/src/Illuminate/Foundation/ProviderRepository.php:205)
[stacktrace]
#0 /Users/primesysindia/priyanshuprimesys/PersonalFolder/projects/pharmacy-erp-blueprint/doctor-erp/apps/admin-api/vendor/laravel/framework/src/Illuminate/Foundation/ProviderRepository.php(141): Illuminate\\Foundation\\ProviderRepository->createProvider('Modules\\\\Auth\\\\Pr...')
#1 /Users/primesysindia/priyanshuprimesys/PersonalFolder/projects/pharmacy-erp-blueprint/doctor-erp/apps/admin-api/vendor/laravel/framework/src/Illuminate/Foundation/ProviderRepository.php(60): Illuminate\\Foundation\\ProviderRepository->compileManifest(Array)
#2 /Users/primesysindia/priyanshuprimesys/PersonalFolder/projects/pharmacy-erp-blueprint/doctor-erp/apps/admin-api/vendor/nwidart/laravel-modules/src/ModulesServiceProvider.php(32): Illuminate\\Foundation\\ProviderRepository->load(Array)
#3 /Users/primesysindia/priyanshuprimesys/PersonalFolder/projects/pharmacy-erp-blueprint/doctor-erp/apps/admin-api/vendor/nwidart/laravel-modules/src/LaravelModulesServiceProvider.php(51): Nwidart\\Modules\\ModulesServiceProvider->registerModules()
#4 /Users/primesysindia/priyanshuprimesys/PersonalFolder/projects/pharmacy-erp-blueprint/doctor-erp/apps/admin-api/vendor/laravel/framework/src/Illuminate/Foundation/Application.php(903): Nwidart\\Modules\\LaravelModulesServiceProvider->register()
#5 /Users/primesysindia/priyanshuprimesys/PersonalFolder/projects/pharmacy-erp-blueprint/doctor-erp/apps/admin-api/vendor/laravel/framework/src/Illuminate/Foundation/ProviderRepository.php(74): Illuminate\\Foundation\\Application->register(Object(Nwidart\\Modules\\LaravelModulesServiceProvider))
#6 /Users/primesysindia/priyanshuprimesys/PersonalFolder/projects/pharmacy-erp-blueprint/doctor-erp/apps/admin-api/vendor/laravel/framework/src/Illuminate/Foundation/Application.php(878): Illuminate\\Foundation\\ProviderRepository->load(Array)
#7 /Users/primesysindia/priyanshuprimesys/PersonalFolder/projects/pharmacy-erp-blueprint/doctor-erp/apps/admin-api/vendor/laravel/framework/src/Illuminate/Foundation/Bootstrap/RegisterProviders.php(37): Illuminate\\Foundation\\Application->registerConfiguredProviders()
#8 /Users/primesysindia/priyanshuprimesys/PersonalFolder/projects/pharmacy-erp-blueprint/doctor-erp/apps/admin-api/vendor/laravel/framework/src/Illuminate/Foundation/Application.php(349): Illuminate\\Foundation\\Bootstrap\\RegisterProviders->bootstrap(Object(Illuminate\\Foundation\\Application))
#9 /Users/primesysindia/priyanshuprimesys/PersonalFolder/projects/pharmacy-erp-blueprint/doctor-erp/apps/admin-api/vendor/laravel/framework/src/Illuminate/Foundation/Console/Kernel.php(494): Illuminate\\Foundation\\Application->bootstrapWith(Array)
#10 /Users/primesysindia/priyanshuprimesys/PersonalFolder/projects/pharmacy-erp-blueprint/doctor-erp/apps/admin-api/vendor/laravel/framework/src/Illuminate/Foundation/Console/Kernel.php(196): Illuminate\\Foundation\\Console\\Kernel->bootstrap()
#11 /Users/primesysindia/priyanshuprimesys/PersonalFolder/projects/pharmacy-erp-blueprint/doctor-erp/apps/admin-api/vendor/laravel/framework/src/Illuminate/Foundation/Application.php(1242): Illuminate\\Foundation\\Console\\Kernel->handle(Object(Symfony\\Component\\Console\\Input\\ArgvInput), Object(Symfony\\Component\\Console\\Output\\ConsoleOutput))
#12 /Users/primesysindia/priyanshuprimesys/PersonalFolder/projects/pharmacy-erp-blueprint/doctor-erp/apps/admin-api/artisan(16): Illuminate\\Foundation\\Application->handleCommand(Object(Symfony\\Component\\Console\\Input\\ArgvInput))
#13 {main}
"} 
[2026-08-28 06:30:41] local.ERROR: The "--module" option does not exist. {"exception":"[object] (Symfony\\Component\\Console\\Exception\\RuntimeException(code: 0): The \"--module\" option does not exist. at /Users/primesysindia/priyanshuprimesys/PersonalFolder/projects/pharmacy-erp-blueprint/doctor-erp/apps/admin-api/vendor/symfony/console/Input/ArgvInput.php:226)
[stacktrace]
#0 /Users/primesysindia/priyanshuprimesys/PersonalFolder/projects/pharmacy-erp-blueprint/doctor-erp/apps/admin-api/vendor/symfony/console/Input/ArgvInput.php(153): Symfony\\Component\\Console\\Input\\ArgvInput->addLongOption('module', 'Auth')
#1 /Users/primesysindia/priyanshuprimesys/PersonalFolder/projects/pharmacy-erp-blueprint/doctor-erp/apps/admin-api/vendor/symfony/console/Input/ArgvInput.php(88): Symfony\\Component\\Console\\Input\\ArgvInput->parseLongOption('--module=Auth')
#2 /Users/primesysindia/priyanshuprimesys/PersonalFolder/projects/pharmacy-erp-blueprint/doctor-erp/apps/admin-api/vendor/symfony/console/Input/ArgvInput.php(77): Symfony\\Component\\Console\\Input\\ArgvInput->parseToken('--module=Auth', true)
#3 /Users/primesysindia/priyanshuprimesys/PersonalFolder/projects/pharmacy-erp-blueprint/doctor-erp/apps/admin-api/vendor/symfony/console/Input/Input.php(53): Symfony\\Component\\Console\\Input\\ArgvInput->parse()
#4 /Users/primesysindia/priyanshuprimesys/PersonalFolder/projects/pharmacy-erp-blueprint/doctor-erp/apps/admin-api/vendor/symfony/console/Command/Command.php(238): Symfony\\Component\\Console\\Input\\Input->bind(Object(Symfony\\Component\\Console\\Input\\InputDefinition))
#5 /Users/primesysindia/priyanshuprimesys/PersonalFolder/projects/pharmacy-erp-blueprint/doctor-erp/apps/admin-api/vendor/laravel/framework/src/Illuminate/Console/Command.php(261): Symfony\\Component\\Console\\Command\\Command->run(Object(Symfony\\Component\\Console\\Input\\ArgvInput), Object(Illuminate\\Console\\OutputStyle))
#6 /Users/primesysindia/priyanshuprimesys/PersonalFolder/projects/pharmacy-erp-blueprint/doctor-erp/apps/admin-api/vendor/symfony/console/Application.php(1144): Illuminate\\Console\\Command->run(Object(Symfony\\Component\\Console\\Input\\ArgvInput), Object(Symfony\\Component\\Console\\Output\\ConsoleOutput))
#7 /Users/primesysindia/priyanshuprimesys/PersonalFolder/projects/pharmacy-erp-blueprint/doctor-erp/apps/admin-api/vendor/symfony/console/Application.php(379): Symfony\\Component\\Console\\Application->doRunCommand(Object(Illuminate\\Foundation\\Console\\ModelMakeCommand), Object(Symfony\\Component\\Console\\Input\\ArgvInput), Object(Symfony\\Component\\Console\\Output\\ConsoleOutput))
#8 /Users/primesysindia/priyanshuprimesys/PersonalFolder/projects/pharmacy-erp-blueprint/doctor-erp/apps/admin-api/vendor/symfony/console/Application.php(218): Symfony\\Component\\Console\\Application->doRun(Object(Symfony\\Component\\Console\\Input\\ArgvInput), Object(Symfony\\Component\\Console\\Output\\ConsoleOutput))
#9 /Users/primesysindia/priyanshuprimesys/PersonalFolder/projects/pharmacy-erp-blueprint/doctor-erp/apps/admin-api/vendor/laravel/framework/src/Illuminate/Foundation/Console/Kernel.php(198): Symfony\\Component\\Console\\Application->run(Object(Symfony\\Component\\Console\\Input\\ArgvInput), Object(Symfony\\Component\\Console\\Output\\ConsoleOutput))
#10 /Users/primesysindia/priyanshuprimesys/PersonalFolder/projects/pharmacy-erp-blueprint/doctor-erp/apps/admin-api/vendor/laravel/framework/src/Illuminate/Foundation/Application.php(1242): Illuminate\\Foundation\\Console\\Kernel->handle(Object(Symfony\\Component\\Console\\Input\\ArgvInput), Object(Symfony\\Component\\Console\\Output\\ConsoleOutput))
#11 /Users/primesysindia/priyanshuprimesys/PersonalFolder/projects/pharmacy-erp-blueprint/doctor-erp/apps/admin-api/artisan(16): Illuminate\\Foundation\\Application->handleCommand(Object(Symfony\\Component\\Console\\Input\\ArgvInput))
#12 {main}
"} 
[2026-08-28 06:59:25] local.ERROR: Class "Modules\Auth\Http\Requests\LoginRequest" does not exist {"exception":"[object] (ReflectionException(code: -1): Class \"Modules\\Auth\\Http\\Requests\\LoginRequest\" does not exist at /Users/primesysindia/priyanshuprimesys/PersonalFolder/projects/pharmacy-erp-blueprint/doctor-erp/apps/admin-api/vendor/laravel/framework/src/Illuminate/Routing/ResolvesRouteDependencies.php:88)
[stacktrace]
#0 /Users/primesysindia/priyanshuprimesys/PersonalFolder/projects/pharmacy-erp-blueprint/doctor-erp/apps/admin-api/vendor/laravel/framework/src/Illuminate/Routing/ResolvesRouteDependencies.php(88): ReflectionClass->__construct('Modules\\\\Auth\\\\Ht...')
#1 /Users/primesysindia/priyanshuprimesys/PersonalFolder/projects/pharmacy-erp-blueprint/doctor-erp/apps/admin-api/vendor/laravel/framework/src/Illuminate/Routing/ResolvesRouteDependencies.php(51): Illuminate\\Routing\\ControllerDispatcher->transformDependency(Object(ReflectionParameter), Array, Object(stdClass))
#2 /Users/primesysindia/priyanshuprimesys/PersonalFolder/projects/pharmacy-erp-blueprint/doctor-erp/apps/admin-api/vendor/laravel/framework/src/Illuminate/Routing/ResolvesRouteDependencies.php(30): Illuminate\\Routing\\ControllerDispatcher->resolveMethodDependencies(Array, Object(ReflectionMethod))
#3 /Users/primesysindia/priyanshuprimesys/PersonalFolder/projects/pharmacy-erp-blueprint/doctor-erp/apps/admin-api/vendor/laravel/framework/src/Illuminate/Routing/ControllerDispatcher.php(59): Illuminate\\Routing\\ControllerDispatcher->resolveClassMethodDependencies(Array, Object(Modules\\Auth\\Controllers\\AuthController), 'login')
#4 /Users/primesysindia/priyanshuprimesys/PersonalFolder/projects/pharmacy-erp-blueprint/doctor-erp/apps/admin-api/vendor/laravel/framework/src/Illuminate/Routing/ControllerDispatcher.php(40): Illuminate\\Routing\\ControllerDispatcher->resolveParameters(Object(Illuminate\\Routing\\Route), Object(Modules\\Auth\\Controllers\\AuthController), 'login')
#5 /Users/primesysindia/priyanshuprimesys/PersonalFolder/projects/pharmacy-erp-blueprint/doctor-erp/apps/admin-api/vendor/laravel/framework/src/Illuminate/Routing/Route.php(276): Illuminate\\Routing\\ControllerDispatcher->dispatch(Object(Illuminate\\Routing\\Route), Object(Modules\\Auth\\Controllers\\AuthController), 'login')
#6 /Users/primesysindia/priyanshuprimesys/PersonalFolder/projects/pharmacy-erp-blueprint/doctor-erp/apps/admin-api/vendor/laravel/framework/src/Illuminate/Routing/Route.php(216): Illuminate\\Routing\\Route->runController()
#7 /Users/primesysindia/priyanshuprimesys/PersonalFolder/projects/pharmacy-erp-blueprint/doctor-erp/apps/admin-api/vendor/laravel/framework/src/Illuminate/Routing/Router.php(822): Illuminate\\Routing\\Route->run()
#8 /Users/primesysindia/priyanshuprimesys/PersonalFolder/projects/pharmacy-erp-blueprint/doctor-erp/apps/admin-api/vendor/laravel/framework/src/Illuminate/Pipeline/Pipeline.php(180): Illuminate\\Routing\\Router->{closure:Illuminate\\Routing\\Router::runRouteWithinStack():821}(Object(Illuminate\\Http\\Request))
#9 /Users/primesysindia/priyanshuprimesys/PersonalFolder/projects/pharmacy-erp-blueprint/doctor-erp/apps/admin-api/vendor/laravel/framework/src/Illuminate/Routing/Middleware/SubstituteBindings.php(52): Illuminate\\Pipeline\\Pipeline->{closure:Illuminate\\Pipeline\\Pipeline::prepareDestination():178}(Object(Illuminate\\Http\\Request))
#10 /Users/primesysindia/priyanshuprimesys/PersonalFolder/projects/pharmacy-erp-blueprint/doctor-erp/apps/admin-api/vendor/laravel/framework/src/Illuminate/Pipeline/Pipeline.php(219): Illuminate\\Routing\\Middleware\\SubstituteBindings->handle(Object(Illuminate\\Http\\Request), Object(Closure))
#11 /Users/primesysindia/priyanshuprimesys/PersonalFolder/projects/pharmacy-erp-blueprint/doctor-erp/apps/admin-api/vendor/laravel/framework/src/Illuminate/Pipeline/Pipeline.php(137): Illuminate\\Pipeline\\Pipeline->{closure:{closure:Illuminate\\Pipeline\\Pipeline::carry():194}:195}(Object(Illuminate\\Http\\Request))
#12 /Users/primesysindia/priyanshuprimesys/PersonalFolder/projects/pharmacy-erp-blueprint/doctor-erp/apps/admin-api/vendor/laravel/framework/src/Illuminate/Routing/Router.php(821): Illuminate\\Pipeline\\Pipeline->then(Object(Closure))
#13 /Users/primesysindia/priyanshuprimesys/PersonalFolder/projects/pharmacy-erp-blueprint/doctor-erp/apps/admin-api/vendor/laravel/framework/src/Illuminate/Routing/Router.php(800): Illuminate\\Routing\\Router->runRouteWithinStack(Object(Illuminate\\Routing\\Route), Object(Illuminate\\Http\\Request))
#14 /Users/primesysindia/priyanshuprimesys/PersonalFolder/projects/pharmacy-erp-blueprint/doctor-erp/apps/admin-api/vendor/laravel/framework/src/Illuminate/Routing/Router.php(764): Illuminate\\Routing\\Router->runRoute(Object(Illuminate\\Http\\Request), Object(Illuminate\\Routing\\Route))
#15 /Users/primesysindia/priyanshuprimesys/PersonalFolder/projects/pharmacy-erp-blueprint/doctor-erp/apps/admin-api/vendor/laravel/framework/src/Illuminate/Routing/Router.php(753): Illuminate\\Routing\\Router->dispatchToRoute(Object(Illuminate\\Http\\Request))
#16 /Users/primesysindia/priyanshuprimesys/PersonalFolder/projects/pharmacy-erp-blueprint/doctor-erp/apps/admin-api/vendor/laravel/framework/src/Illuminate/Foundation/Http/Kernel.php(200): Illuminate\\Routing\\Router->dispatch(Object(Illuminate\\Http\\Request))
#17 /Users/primesysindia/priyanshuprimesys/PersonalFolder/projects/pharmacy-erp-blueprint/doctor-erp/apps/admin-api/vendor/laravel/framework/src/Illuminate/Pipeline/Pipeline.php(180): Illuminate\\Foundation\\Http\\Kernel->{closure:Illuminate\\Foundation\\Http\\Kernel::dispatchToRouter():197}(Object(Illuminate\\Http\\Request))
#18 /Users/primesysindia/priyanshuprimesys/PersonalFolder/projects/pharmacy-erp-blueprint/doctor-erp/apps/admin-api/vendor/laravel/framework/src/Illuminate/Foundation/Http/Middleware/TransformsRequest.php(21): Illuminate\\Pipeline\\Pipeline->{closure:Illuminate\\Pipeline\\Pipeline::prepareDestination():178}(Object(Illuminate\\Http\\Request))
#19 /Users/primesysindia/priyanshuprimesys/PersonalFolder/projects/pharmacy-erp-blueprint/doctor-erp/apps/admin-api/vendor/laravel/framework/src/Illuminate/Foundation/Http/Middleware/ConvertEmptyStringsToNull.php(31): Illuminate\\Foundation\\Http\\Middleware\\TransformsRequest->handle(Object(Illuminate\\Http\\Request), Object(Closure))
#20 /Users/primesysindia/priyanshuprimesys/PersonalFolder/projects/pharmacy-erp-blueprint/doctor-erp/apps/admin-api/vendor/laravel/framework/src/Illuminate/Pipeline/Pipeline.php(219): Illuminate\\Foundation\\Http\\Middleware\\ConvertEmptyStringsToNull->handle(Object(Illuminate\\Http\\Request), Object(Closure))
#21 /Users/primesysindia/priyanshuprimesys/PersonalFolder/projects/pharmacy-erp-blueprint/doctor-erp/apps/admin-api/vendor/laravel/framework/src/Illuminate/Foundation/Http/Middleware/TransformsRequest.php(21): Illuminate\\Pipeline\\Pipeline->{closure:{closure:Illuminate\\Pipeline\\Pipeline::carry():194}:195}(Object(Illuminate\\Http\\Request))
#22 /Users/primesysindia/priyanshuprimesys/PersonalFolder/projects/pharmacy-erp-blueprint/doctor-erp/apps/admin-api/vendor/laravel/framework/src/Illuminate/Foundation/Http/Middleware/TrimStrings.php(51): Illuminate\\Foundation\\Http\\Middleware\\TransformsRequest->handle(Object(Illuminate\\Http\\Request), Object(Closure))
#23 /Users/primesysindia/priyanshuprimesys/PersonalFolder/projects/pharmacy-erp-blueprint/doctor-erp/apps/admin-api/vendor/laravel/framework/src/Illuminate/Pipeline/Pipeline.php(219): Illuminate\\Foundation\\Http\\Middleware\\TrimStrings->handle(Object(Illuminate\\Http\\Request), Object(Closure))
#24 /Users/primesysindia/priyanshuprimesys/PersonalFolder/projects/pharmacy-erp-blueprint/doctor-erp/apps/admin-api/vendor/laravel/framework/src/Illuminate/Http/Middleware/ValidatePostSize.php(27): Illuminate\\Pipeline\\Pipeline->{closure:{closure:Illuminate\\Pipeline\\Pipeline::carry():194}:195}(Object(Illuminate\\Http\\Request))
#25 /Users/primesysindia/priyanshuprimesys/PersonalFolder/projects/pharmacy-erp-blueprint/doctor-erp/apps/admin-api/vendor/laravel/framework/src/Illuminate/Pipeline/Pipeline.php(219): Illuminate\\Http\\Middleware\\ValidatePostSize->handle(Object(Illuminate\\Http\\Request), Object(Closure))
#26 /Users/primesysindia/priyanshuprimesys/PersonalFolder/projects/pharmacy-erp-blueprint/doctor-erp/apps/admin-api/vendor/laravel/framework/src/Illuminate/Foundation/Http/Middleware/PreventRequestsDuringMaintenance.php(110): Illuminate\\Pipeline\\Pipeline->{closure:{closure:Illuminate\\Pipeline\\Pipeline::carry():194}:195}(Object(Illuminate\\Http\\Request))
#27 /Users/primesysindia/priyanshuprimesys/PersonalFolder/projects/pharmacy-erp-blueprint/doctor-erp/apps/admin-api/vendor/laravel/framework/src/Illuminate/Pipeline/Pipeline.php(219): Illuminate\\Foundation\\Http\\Middleware\\PreventRequestsDuringMaintenance->handle(Object(Illuminate\\Http\\Request), Object(Closure))
#28 /Users/primesysindia/priyanshuprimesys/PersonalFolder/projects/pharmacy-erp-blueprint/doctor-erp/apps/admin-api/vendor/laravel/framework/src/Illuminate/Http/Middleware/HandleCors.php(74): Illuminate\\Pipeline\\Pipeline->{closure:{closure:Illuminate\\Pipeline\\Pipeline::carry():194}:195}(Object(Illuminate\\Http\\Request))
#29 /Users/primesysindia/priyanshuprimesys/PersonalFolder/projects/pharmacy-erp-blueprint/doctor-erp/apps/admin-api/vendor/laravel/framework/src/Illuminate/Pipeline/Pipeline.php(219): Illuminate\\Http\\Middleware\\HandleCors->handle(Object(Illuminate\\Http\\Request), Object(Closure))
#30 /Users/primesysindia/priyanshuprimesys/PersonalFolder/projects/pharmacy-erp-blueprint/doctor-erp/apps/admin-api/vendor/laravel/framework/src/Illuminate/Http/Middleware/TrustProxies.php(58): Illuminate\\Pipeline\\Pipeline->{closure:{closure:Illuminate\\Pipeline\\Pipeline::carry():194}:195}(Object(Illuminate\\Http\\Request))
#31 /Users/primesysindia/priyanshuprimesys/PersonalFolder/projects/pharmacy-erp-blueprint/doctor-erp/apps/admin-api/vendor/laravel/framework/src/Illuminate/Pipeline/Pipeline.php(219): Illuminate\\Http\\Middleware\\TrustProxies->handle(Object(Illuminate\\Http\\Request), Object(Closure))
#32 /Users/primesysindia/priyanshuprimesys/PersonalFolder/projects/pharmacy-erp-blueprint/doctor-erp/apps/admin-api/vendor/laravel/framework/src/Illuminate/Foundation/Http/Middleware/InvokeDeferredCallbacks.php(22): Illuminate\\Pipeline\\Pipeline->{closure:{closure:Illuminate\\Pipeline\\Pipeline::carry():194}:195}(Object(Illuminate\\Http\\Request))
#33 /Users/primesysindia/priyanshuprimesys/PersonalFolder/projects/pharmacy-erp-blueprint/doctor-erp/apps/admin-api/vendor/laravel/framework/src/Illuminate/Pipeline/Pipeline.php(219): Illuminate\\Foundation\\Http\\Middleware\\InvokeDeferredCallbacks->handle(Object(Illuminate\\Http\\Request), Object(Closure))
#34 /Users/primesysindia/priyanshuprimesys/PersonalFolder/projects/pharmacy-erp-blueprint/doctor-erp/apps/admin-api/vendor/laravel/framework/src/Illuminate/Http/Middleware/ValidatePathEncoding.php(28): Illuminate\\Pipeline\\Pipeline->{closure:{closure:Illuminate\\Pipeline\\Pipeline::carry():194}:195}(Object(Illuminate\\Http\\Request))
#35 /Users/primesysindia/priyanshuprimesys/PersonalFolder/projects/pharmacy-erp-blueprint/doctor-erp/apps/admin-api/vendor/laravel/framework/src/Illuminate/Pipeline/Pipeline.php(219): Illuminate\\Http\\Middleware\\ValidatePathEncoding->handle(Object(Illuminate\\Http\\Request), Object(Closure))
#36 /Users/primesysindia/priyanshuprimesys/PersonalFolder/projects/pharmacy-erp-blueprint/doctor-erp/apps/admin-api/vendor/laravel/framework/src/Illuminate/Pipeline/Pipeline.php(137): Illuminate\\Pipeline\\Pipeline->{closure:{closure:Illuminate\\Pipeline\\Pipeline::carry():194}:195}(Object(Illuminate\\Http\\Request))
#37 /Users/primesysindia/priyanshuprimesys/PersonalFolder/projects/pharmacy-erp-blueprint/doctor-erp/apps/admin-api/vendor/laravel/framework/src/Illuminate/Foundation/Http/Kernel.php(175): Illuminate\\Pipeline\\Pipeline->then(Object(Closure))
#38 /Users/primesysindia/priyanshuprimesys/PersonalFolder/projects/pharmacy-erp-blueprint/doctor-erp/apps/admin-api/vendor/laravel/framework/src/Illuminate/Foundation/Http/Kernel.php(144): Illuminate\\Foundation\\Http\\Kernel->sendRequestThroughRouter(Object(Illuminate\\Http\\Request))
#39 /Users/primesysindia/priyanshuprimesys/PersonalFolder/projects/pharmacy-erp-blueprint/doctor-erp/apps/admin-api/vendor/laravel/framework/src/Illuminate/Foundation/Application.php(1227): Illuminate\\Foundation\\Http\\Kernel->handle(Object(Illuminate\\Http\\Request))
#40 /Users/primesysindia/priyanshuprimesys/PersonalFolder/projects/pharmacy-erp-blueprint/doctor-erp/apps/admin-api/public/index.php(20): Illuminate\\Foundation\\Application->handleRequest(Object(Illuminate\\Http\\Request))
#41 /Users/primesysindia/priyanshuprimesys/PersonalFolder/projects/pharmacy-erp-blueprint/doctor-erp/apps/admin-api/vendor/laravel/framework/src/Illuminate/Foundation/resources/server.php(23): require_once('/Users/primesys...')
#42 {main}
"} 
[2026-08-29 04:49:21] local.ERROR: Tymon\JWTAuth\JWTGuard::login(): Argument #1 ($user) must be of type Tymon\JWTAuth\Contracts\JWTSubject, App\Models\User given, called in /Users/primesysindia/priyanshuprimesys/PersonalFolder/projects/pharmacy-erp-blueprint/doctor-erp/apps/admin-api/vendor/tymon/jwt-auth/src/JWTGuard.php on line 122 {"exception":"[object] (TypeError(code: 0): Tymon\\JWTAuth\\JWTGuard::login(): Argument #1 ($user) must be of type Tymon\\JWTAuth\\Contracts\\JWTSubject, App\\Models\\User given, called in /Users/primesysindia/priyanshuprimesys/PersonalFolder/projects/pharmacy-erp-blueprint/doctor-erp/apps/admin-api/vendor/tymon/jwt-auth/src/JWTGuard.php on line 122 at /Users/primesysindia/priyanshuprimesys/PersonalFolder/projects/pharmacy-erp-blueprint/doctor-erp/apps/admin-api/vendor/tymon/jwt-auth/src/JWTGuard.php:134)
[stacktrace]
#0 /Users/primesysindia/priyanshuprimesys/PersonalFolder/projects/pharmacy-erp-blueprint/doctor-erp/apps/admin-api/vendor/tymon/jwt-auth/src/JWTGuard.php(122): Tymon\\JWTAuth\\JWTGuard->login(Object(App\\Models\\User))
#1 /Users/primesysindia/priyanshuprimesys/PersonalFolder/projects/pharmacy-erp-blueprint/doctor-erp/apps/admin-api/Modules/Auth/Services/AuthService.php(21): Tymon\\JWTAuth\\JWTGuard->attempt(Array)
#2 /Users/primesysindia/priyanshuprimesys/PersonalFolder/projects/pharmacy-erp-blueprint/doctor-erp/apps/admin-api/Modules/Auth/Controllers/AuthController.php(17): Modules\\Auth\\Services\\AuthService->login(Object(Modules\\Auth\\Http\\Requests\\LoginRequest))
#3 /Users/primesysindia/priyanshuprimesys/PersonalFolder/projects/pharmacy-erp-blueprint/doctor-erp/apps/admin-api/vendor/laravel/framework/src/Illuminate/Routing/ControllerDispatcher.php(46): Modules\\Auth\\Controllers\\AuthController->login(Object(Modules\\Auth\\Http\\Requests\\LoginRequest))
#4 /Users/primesysindia/priyanshuprimesys/PersonalFolder/projects/pharmacy-erp-blueprint/doctor-erp/apps/admin-api/vendor/laravel/framework/src/Illuminate/Routing/Route.php(276): Illuminate\\Routing\\ControllerDispatcher->dispatch(Object(Illuminate\\Routing\\Route), Object(Modules\\Auth\\Controllers\\AuthController), 'login')
#5 /Users/primesysindia/priyanshuprimesys/PersonalFolder/projects/pharmacy-erp-blueprint/doctor-erp/apps/admin-api/vendor/laravel/framework/src/Illuminate/Routing/Route.php(216): Illuminate\\Routing\\Route->runController()
#6 /Users/primesysindia/priyanshuprimesys/PersonalFolder/projects/pharmacy-erp-blueprint/doctor-erp/apps/admin-api/vendor/laravel/framework/src/Illuminate/Routing/Router.php(822): Illuminate\\Routing\\Route->run()
#7 /Users/primesysindia/priyanshuprimesys/PersonalFolder/projects/pharmacy-erp-blueprint/doctor-erp/apps/admin-api/vendor/laravel/framework/src/Illuminate/Pipeline/Pipeline.php(180): Illuminate\\Routing\\Router->{closure:Illuminate\\Routing\\Router::runRouteWithinStack():821}(Object(Illuminate\\Http\\Request))
#8 /Users/primesysindia/priyanshuprimesys/PersonalFolder/projects/pharmacy-erp-blueprint/doctor-erp/apps/admin-api/vendor/laravel/framework/src/Illuminate/Routing/Middleware/SubstituteBindings.php(52): Illuminate\\Pipeline\\Pipeline->{closure:Illuminate\\Pipeline\\Pipeline::prepareDestination():178}(Object(Illuminate\\Http\\Request))
#9 /Users/primesysindia/priyanshuprimesys/PersonalFolder/projects/pharmacy-erp-blueprint/doctor-erp/apps/admin-api/vendor/laravel/framework/src/Illuminate/Pipeline/Pipeline.php(219): Illuminate\\Routing\\Middleware\\SubstituteBindings->handle(Object(Illuminate\\Http\\Request), Object(Closure))
#10 /Users/primesysindia/priyanshuprimesys/PersonalFolder/projects/pharmacy-erp-blueprint/doctor-erp/apps/admin-api/vendor/laravel/framework/src/Illuminate/Pipeline/Pipeline.php(137): Illuminate\\Pipeline\\Pipeline->{closure:{closure:Illuminate\\Pipeline\\Pipeline::carry():194}:195}(Object(Illuminate\\Http\\Request))
#11 /Users/primesysindia/priyanshuprimesys/PersonalFolder/projects/pharmacy-erp-blueprint/doctor-erp/apps/admin-api/vendor/laravel/framework/src/Illuminate/Routing/Router.php(821): Illuminate\\Pipeline\\Pipeline->then(Object(Closure))
#12 /Users/primesysindia/priyanshuprimesys/PersonalFolder/projects/pharmacy-erp-blueprint/doctor-erp/apps/admin-api/vendor/laravel/framework/src/Illuminate/Routing/Router.php(800): Illuminate\\Routing\\Router->runRouteWithinStack(Object(Illuminate\\Routing\\Route), Object(Illuminate\\Http\\Request))
#13 /Users/primesysindia/priyanshuprimesys/PersonalFolder/projects/pharmacy-erp-blueprint/doctor-erp/apps/admin-api/vendor/laravel/framework/src/Illuminate/Routing/Router.php(764): Illuminate\\Routing\\Router->runRoute(Object(Illuminate\\Http\\Request), Object(Illuminate\\Routing\\Route))
#14 /Users/primesysindia/priyanshuprimesys/PersonalFolder/projects/pharmacy-erp-blueprint/doctor-erp/apps/admin-api/vendor/laravel/framework/src/Illuminate/Routing/Router.php(753): Illuminate\\Routing\\Router->dispatchToRoute(Object(Illuminate\\Http\\Request))
#15 /Users/primesysindia/priyanshuprimesys/PersonalFolder/projects/pharmacy-erp-blueprint/doctor-erp/apps/admin-api/vendor/laravel/framework/src/Illuminate/Foundation/Http/Kernel.php(200): Illuminate\\Routing\\Router->dispatch(Object(Illuminate\\Http\\Request))
#16 /Users/primesysindia/priyanshuprimesys/PersonalFolder/projects/pharmacy-erp-blueprint/doctor-erp/apps/admin-api/vendor/laravel/framework/src/Illuminate/Pipeline/Pipeline.php(180): Illuminate\\Foundation\\Http\\Kernel->{closure:Illuminate\\Foundation\\Http\\Kernel::dispatchToRouter():197}(Object(Illuminate\\Http\\Request))
#17 /Users/primesysindia/priyanshuprimesys/PersonalFolder/projects/pharmacy-erp-blueprint/doctor-erp/apps/admin-api/vendor/laravel/framework/src/Illuminate/Foundation/Http/Middleware/TransformsRequest.php(21): Illuminate\\Pipeline\\Pipeline->{closure:Illuminate\\Pipeline\\Pipeline::prepareDestination():178}(Object(Illuminate\\Http\\Request))
#18 /Users/primesysindia/priyanshuprimesys/PersonalFolder/projects/pharmacy-erp-blueprint/doctor-erp/apps/admin-api/vendor/laravel/framework/src/Illuminate/Foundation/Http/Middleware/ConvertEmptyStringsToNull.php(31): Illuminate\\Foundation\\Http\\Middleware\\TransformsRequest->handle(Object(Illuminate\\Http\\Request), Object(Closure))
#19 /Users/primesysindia/priyanshuprimesys/PersonalFolder/projects/pharmacy-erp-blueprint/doctor-erp/apps/admin-api/vendor/laravel/framework/src/Illuminate/Pipeline/Pipeline.php(219): Illuminate\\Foundation\\Http\\Middleware\\ConvertEmptyStringsToNull->handle(Object(Illuminate\\Http\\Request), Object(Closure))
#20 /Users/primesysindia/priyanshuprimesys/PersonalFolder/projects/pharmacy-erp-blueprint/doctor-erp/apps/admin-api/vendor/laravel/framework/src/Illuminate/Foundation/Http/Middleware/TransformsRequest.php(21): Illuminate\\Pipeline\\Pipeline->{closure:{closure:Illuminate\\Pipeline\\Pipeline::carry():194}:195}(Object(Illuminate\\Http\\Request))
#21 /Users/primesysindia/priyanshuprimesys/PersonalFolder/projects/pharmacy-erp-blueprint/doctor-erp/apps/admin-api/vendor/laravel/framework/src/Illuminate/Foundation/Http/Middleware/TrimStrings.php(51): Illuminate\\Foundation\\Http\\Middleware\\TransformsRequest->handle(Object(Illuminate\\Http\\Request), Object(Closure))
#22 /Users/primesysindia/priyanshuprimesys/PersonalFolder/projects/pharmacy-erp-blueprint/doctor-erp/apps/admin-api/vendor/laravel/framework/src/Illuminate/Pipeline/Pipeline.php(219): Illuminate\\Foundation\\Http\\Middleware\\TrimStrings->handle(Object(Illuminate\\Http\\Request), Object(Closure))
#23 /Users/primesysindia/priyanshuprimesys/PersonalFolder/projects/pharmacy-erp-blueprint/doctor-erp/apps/admin-api/vendor/laravel/framework/src/Illuminate/Http/Middleware/ValidatePostSize.php(27): Illuminate\\Pipeline\\Pipeline->{closure:{closure:Illuminate\\Pipeline\\Pipeline::carry():194}:195}(Object(Illuminate\\Http\\Request))
#24 /Users/primesysindia/priyanshuprimesys/PersonalFolder/projects/pharmacy-erp-blueprint/doctor-erp/apps/admin-api/vendor/laravel/framework/src/Illuminate/Pipeline/Pipeline.php(219): Illuminate\\Http\\Middleware\\ValidatePostSize->handle(Object(Illuminate\\Http\\Request), Object(Closure))
#25 /Users/primesysindia/priyanshuprimesys/PersonalFolder/projects/pharmacy-erp-blueprint/doctor-erp/apps/admin-api/vendor/laravel/framework/src/Illuminate/Foundation/Http/Middleware/PreventRequestsDuringMaintenance.php(110): Illuminate\\Pipeline\\Pipeline->{closure:{closure:Illuminate\\Pipeline\\Pipeline::carry():194}:195}(Object(Illuminate\\Http\\Request))
#26 /Users/primesysindia/priyanshuprimesys/PersonalFolder/projects/pharmacy-erp-blueprint/doctor-erp/apps/admin-api/vendor/laravel/framework/src/Illuminate/Pipeline/Pipeline.php(219): Illuminate\\Foundation\\Http\\Middleware\\PreventRequestsDuringMaintenance->handle(Object(Illuminate\\Http\\Request), Object(Closure))
#27 /Users/primesysindia/priyanshuprimesys/PersonalFolder/projects/pharmacy-erp-blueprint/doctor-erp/apps/admin-api/vendor/laravel/framework/src/Illuminate/Http/Middleware/HandleCors.php(74): Illuminate\\Pipeline\\Pipeline->{closure:{closure:Illuminate\\Pipeline\\Pipeline::carry():194}:195}(Object(Illuminate\\Http\\Request))
#28 /Users/primesysindia/priyanshuprimesys/PersonalFolder/projects/pharmacy-erp-blueprint/doctor-erp/apps/admin-api/vendor/laravel/framework/src/Illuminate/Pipeline/Pipeline.php(219): Illuminate\\Http\\Middleware\\HandleCors->handle(Object(Illuminate\\Http\\Request), Object(Closure))
#29 /Users/primesysindia/priyanshuprimesys/PersonalFolder/projects/pharmacy-erp-blueprint/doctor-erp/apps/admin-api/vendor/laravel/framework/src/Illuminate/Http/Middleware/TrustProxies.php(58): Illuminate\\Pipeline\\Pipeline->{closure:{closure:Illuminate\\Pipeline\\Pipeline::carry():194}:195}(Object(Illuminate\\Http\\Request))
#30 /Users/primesysindia/priyanshuprimesys/PersonalFolder/projects/pharmacy-erp-blueprint/doctor-erp/apps/admin-api/vendor/laravel/framework/src/Illuminate/Pipeline/Pipeline.php(219): Illuminate\\Http\\Middleware\\TrustProxies->handle(Object(Illuminate\\Http\\Request), Object(Closure))
#31 /Users/primesysindia/priyanshuprimesys/PersonalFolder/projects/pharmacy-erp-blueprint/doctor-erp/apps/admin-api/vendor/laravel/framework/src/Illuminate/Foundation/Http/Middleware/InvokeDeferredCallbacks.php(22): Illuminate\\Pipeline\\Pipeline->{closure:{closure:Illuminate\\Pipeline\\Pipeline::carry():194}:195}(Object(Illuminate\\Http\\Request))
#32 /Users/primesysindia/priyanshuprimesys/PersonalFolder/projects/pharmacy-erp-blueprint/doctor-erp/apps/admin-api/vendor/laravel/framework/src/Illuminate/Pipeline/Pipeline.php(219): Illuminate\\Foundation\\Http\\Middleware\\InvokeDeferredCallbacks->handle(Object(Illuminate\\Http\\Request), Object(Closure))
#33 /Users/primesysindia/priyanshuprimesys/PersonalFolder/projects/pharmacy-erp-blueprint/doctor-erp/apps/admin-api/vendor/laravel/framework/src/Illuminate/Http/Middleware/ValidatePathEncoding.php(28): Illuminate\\Pipeline\\Pipeline->{closure:{closure:Illuminate\\Pipeline\\Pipeline::carry():194}:195}(Object(Illuminate\\Http\\Request))
#34 /Users/primesysindia/priyanshuprimesys/PersonalFolder/projects/pharmacy-erp-blueprint/doctor-erp/apps/admin-api/vendor/laravel/framework/src/Illuminate/Pipeline/Pipeline.php(219): Illuminate\\Http\\Middleware\\ValidatePathEncoding->handle(Object(Illuminate\\Http\\Request), Object(Closure))
#35 /Users/primesysindia/priyanshuprimesys/PersonalFolder/projects/pharmacy-erp-blueprint/doctor-erp/apps/admin-api/vendor/laravel/framework/src/Illuminate/Pipeline/Pipeline.php(137): Illuminate\\Pipeline\\Pipeline->{closure:{closure:Illuminate\\Pipeline\\Pipeline::carry():194}:195}(Object(Illuminate\\Http\\Request))
#36 /Users/primesysindia/priyanshuprimesys/PersonalFolder/projects/pharmacy-erp-blueprint/doctor-erp/apps/admin-api/vendor/laravel/framework/src/Illuminate/Foundation/Http/Kernel.php(175): Illuminate\\Pipeline\\Pipeline->then(Object(Closure))
#37 /Users/primesysindia/priyanshuprimesys/PersonalFolder/projects/pharmacy-erp-blueprint/doctor-erp/apps/admin-api/vendor/laravel/framework/src/Illuminate/Foundation/Http/Kernel.php(144): Illuminate\\Foundation\\Http\\Kernel->sendRequestThroughRouter(Object(Illuminate\\Http\\Request))
#38 /Users/primesysindia/priyanshuprimesys/PersonalFolder/projects/pharmacy-erp-blueprint/doctor-erp/apps/admin-api/vendor/laravel/framework/src/Illuminate/Foundation/Application.php(1227): Illuminate\\Foundation\\Http\\Kernel->handle(Object(Illuminate\\Http\\Request))
#39 /Users/primesysindia/priyanshuprimesys/PersonalFolder/projects/pharmacy-erp-blueprint/doctor-erp/apps/admin-api/public/index.php(20): Illuminate\\Foundation\\Application->handleRequest(Object(Illuminate\\Http\\Request))
#40 /Users/primesysindia/priyanshuprimesys/PersonalFolder/projects/pharmacy-erp-blueprint/doctor-erp/apps/admin-api/vendor/laravel/framework/src/Illuminate/Foundation/resources/server.php(23): require_once('/Users/primesys...')
#41 {main}
"} 
[2026-08-29 04:49:21] local.ERROR: Route [login] not defined. {"exception":"[object] (Symfony\\Component\\Routing\\Exception\\RouteNotFoundException(code: 0): Route [login] not defined. at /Users/primesysindia/priyanshuprimesys/PersonalFolder/projects/pharmacy-erp-blueprint/doctor-erp/apps/admin-api/vendor/laravel/framework/src/Illuminate/Routing/UrlGenerator.php:542)
[stacktrace]
#0 /Users/primesysindia/priyanshuprimesys/PersonalFolder/projects/pharmacy-erp-blueprint/doctor-erp/apps/admin-api/vendor/laravel/framework/src/Illuminate/Foundation/helpers.php(870): Illuminate\\Routing\\UrlGenerator->route('login', Array, true)
#1 /Users/primesysindia/priyanshuprimesys/PersonalFolder/projects/pharmacy-erp-blueprint/doctor-erp/apps/admin-api/vendor/laravel/framework/src/Illuminate/Foundation/Configuration/ApplicationBuilder.php(291): route('login')
#2 [internal function]: Illuminate\\Foundation\\Configuration\\ApplicationBuilder->{closure:{closure:Illuminate\\Foundation\\Configuration\\ApplicationBuilder::withMiddleware():289}:291}(Object(Illuminate\\Http\\Request))
#3 /Users/primesysindia/priyanshuprimesys/PersonalFolder/projects/pharmacy-erp-blueprint/doctor-erp/apps/admin-api/vendor/laravel/framework/src/Illuminate/Auth/Middleware/Authenticate.php(117): call_user_func(Object(Closure), Object(Illuminate\\Http\\Request))
#4 /Users/primesysindia/priyanshuprimesys/PersonalFolder/projects/pharmacy-erp-blueprint/doctor-erp/apps/admin-api/vendor/laravel/framework/src/Illuminate/Auth/Middleware/Authenticate.php(104): Illuminate\\Auth\\Middleware\\Authenticate->redirectTo(Object(Illuminate\\Http\\Request))
#5 /Users/primesysindia/priyanshuprimesys/PersonalFolder/projects/pharmacy-erp-blueprint/doctor-erp/apps/admin-api/vendor/laravel/framework/src/Illuminate/Auth/Middleware/Authenticate.php(87): Illuminate\\Auth\\Middleware\\Authenticate->unauthenticated(Object(Illuminate\\Http\\Request), Array)
#6 /Users/primesysindia/priyanshuprimesys/PersonalFolder/projects/pharmacy-erp-blueprint/doctor-erp/apps/admin-api/vendor/laravel/framework/src/Illuminate/Auth/Middleware/Authenticate.php(61): Illuminate\\Auth\\Middleware\\Authenticate->authenticate(Object(Illuminate\\Http\\Request), Array)
#7 /Users/primesysindia/priyanshuprimesys/PersonalFolder/projects/pharmacy-erp-blueprint/doctor-erp/apps/admin-api/vendor/laravel/framework/src/Illuminate/Pipeline/Pipeline.php(219): Illuminate\\Auth\\Middleware\\Authenticate->handle(Object(Illuminate\\Http\\Request), Object(Closure), 'jwt')
#8 /Users/primesysindia/priyanshuprimesys/PersonalFolder/projects/pharmacy-erp-blueprint/doctor-erp/apps/admin-api/vendor/laravel/framework/src/Illuminate/Pipeline/Pipeline.php(137): Illuminate\\Pipeline\\Pipeline->{closure:{closure:Illuminate\\Pipeline\\Pipeline::carry():194}:195}(Object(Illuminate\\Http\\Request))
#9 /Users/primesysindia/priyanshuprimesys/PersonalFolder/projects/pharmacy-erp-blueprint/doctor-erp/apps/admin-api/vendor/laravel/framework/src/Illuminate/Routing/Router.php(821): Illuminate\\Pipeline\\Pipeline->then(Object(Closure))
#10 /Users/primesysindia/priyanshuprimesys/PersonalFolder/projects/pharmacy-erp-blueprint/doctor-erp/apps/admin-api/vendor/laravel/framework/src/Illuminate/Routing/Router.php(800): Illuminate\\Routing\\Router->runRouteWithinStack(Object(Illuminate\\Routing\\Route), Object(Illuminate\\Http\\Request))
#11 /Users/primesysindia/priyanshuprimesys/PersonalFolder/projects/pharmacy-erp-blueprint/doctor-erp/apps/admin-api/vendor/laravel/framework/src/Illuminate/Routing/Router.php(764): Illuminate\\Routing\\Router->runRoute(Object(Illuminate\\Http\\Request), Object(Illuminate\\Routing\\Route))
#12 /Users/primesysindia/priyanshuprimesys/PersonalFolder/projects/pharmacy-erp-blueprint/doctor-erp/apps/admin-api/vendor/laravel/framework/src/Illuminate/Routing/Router.php(753): Illuminate\\Routing\\Router->dispatchToRoute(Object(Illuminate\\Http\\Request))
#13 /Users/primesysindia/priyanshuprimesys/PersonalFolder/projects/pharmacy-erp-blueprint/doctor-erp/apps/admin-api/vendor/laravel/framework/src/Illuminate/Foundation/Http/Kernel.php(200): Illuminate\\Routing\\Router->dispatch(Object(Illuminate\\Http\\Request))
#14 /Users/primesysindia/priyanshuprimesys/PersonalFolder/projects/pharmacy-erp-blueprint/doctor-erp/apps/admin-api/vendor/laravel/framework/src/Illuminate/Pipeline/Pipeline.php(180): Illuminate\\Foundation\\Http\\Kernel->{closure:Illuminate\\Foundation\\Http\\Kernel::dispatchToRouter():197}(Object(Illuminate\\Http\\Request))
#15 /Users/primesysindia/priyanshuprimesys/PersonalFolder/projects/pharmacy-erp-blueprint/doctor-erp/apps/admin-api/vendor/laravel/framework/src/Illuminate/Foundation/Http/Middleware/TransformsRequest.php(21): Illuminate\\Pipeline\\Pipeline->{closure:Illuminate\\Pipeline\\Pipeline::prepareDestination():178}(Object(Illuminate\\Http\\Request))
#16 /Users/primesysindia/priyanshuprimesys/PersonalFolder/projects/pharmacy-erp-blueprint/doctor-erp/apps/admin-api/vendor/laravel/framework/src/Illuminate/Foundation/Http/Middleware/ConvertEmptyStringsToNull.php(31): Illuminate\\Foundation\\Http\\Middleware\\TransformsRequest->handle(Object(Illuminate\\Http\\Request), Object(Closure))
#17 /Users/primesysindia/priyanshuprimesys/PersonalFolder/projects/pharmacy-erp-blueprint/doctor-erp/apps/admin-api/vendor/laravel/framework/src/Illuminate/Pipeline/Pipeline.php(219): Illuminate\\Foundation\\Http\\Middleware\\ConvertEmptyStringsToNull->handle(Object(Illuminate\\Http\\Request), Object(Closure))
#18 /Users/primesysindia/priyanshuprimesys/PersonalFolder/projects/pharmacy-erp-blueprint/doctor-erp/apps/admin-api/vendor/laravel/framework/src/Illuminate/Foundation/Http/Middleware/TransformsRequest.php(21): Illuminate\\Pipeline\\Pipeline->{closure:{closure:Illuminate\\Pipeline\\Pipeline::carry():194}:195}(Object(Illuminate\\Http\\Request))
#19 /Users/primesysindia/priyanshuprimesys/PersonalFolder/projects/pharmacy-erp-blueprint/doctor-erp/apps/admin-api/vendor/laravel/framework/src/Illuminate/Foundation/Http/Middleware/TrimStrings.php(51): Illuminate\\Foundation\\Http\\Middleware\\TransformsRequest->handle(Object(Illuminate\\Http\\Request), Object(Closure))
#20 /Users/primesysindia/priyanshuprimesys/PersonalFolder/projects/pharmacy-erp-blueprint/doctor-erp/apps/admin-api/vendor/laravel/framework/src/Illuminate/Pipeline/Pipeline.php(219): Illuminate\\Foundation\\Http\\Middleware\\TrimStrings->handle(Object(Illuminate\\Http\\Request), Object(Closure))
#21 /Users/primesysindia/priyanshuprimesys/PersonalFolder/projects/pharmacy-erp-blueprint/doctor-erp/apps/admin-api/vendor/laravel/framework/src/Illuminate/Http/Middleware/ValidatePostSize.php(27): Illuminate\\Pipeline\\Pipeline->{closure:{closure:Illuminate\\Pipeline\\Pipeline::carry():194}:195}(Object(Illuminate\\Http\\Request))
#22 /Users/primesysindia/priyanshuprimesys/PersonalFolder/projects/pharmacy-erp-blueprint/doctor-erp/apps/admin-api/vendor/laravel/framework/src/Illuminate/Pipeline/Pipeline.php(219): Illuminate\\Http\\Middleware\\ValidatePostSize->handle(Object(Illuminate\\Http\\Request), Object(Closure))
#23 /Users/primesysindia/priyanshuprimesys/PersonalFolder/projects/pharmacy-erp-blueprint/doctor-erp/apps/admin-api/vendor/laravel/framework/src/Illuminate/Foundation/Http/Middleware/PreventRequestsDuringMaintenance.php(110): Illuminate\\Pipeline\\Pipeline->{closure:{closure:Illuminate\\Pipeline\\Pipeline::carry():194}:195}(Object(Illuminate\\Http\\Request))
#24 /Users/primesysindia/priyanshuprimesys/PersonalFolder/projects/pharmacy-erp-blueprint/doctor-erp/apps/admin-api/vendor/laravel/framework/src/Illuminate/Pipeline/Pipeline.php(219): Illuminate\\Foundation\\Http\\Middleware\\PreventRequestsDuringMaintenance->handle(Object(Illuminate\\Http\\Request), Object(Closure))
#25 /Users/primesysindia/priyanshuprimesys/PersonalFolder/projects/pharmacy-erp-blueprint/doctor-erp/apps/admin-api/vendor/laravel/framework/src/Illuminate/Http/Middleware/HandleCors.php(74): Illuminate\\Pipeline\\Pipeline->{closure:{closure:Illuminate\\Pipeline\\Pipeline::carry():194}:195}(Object(Illuminate\\Http\\Request))
#26 /Users/primesysindia/priyanshuprimesys/PersonalFolder/projects/pharmacy-erp-blueprint/doctor-erp/apps/admin-api/vendor/laravel/framework/src/Illuminate/Pipeline/Pipeline.php(219): Illuminate\\Http\\Middleware\\HandleCors->handle(Object(Illuminate\\Http\\Request), Object(Closure))
#27 /Users/primesysindia/priyanshuprimesys/PersonalFolder/projects/pharmacy-erp-blueprint/doctor-erp/apps/admin-api/vendor/laravel/framework/src/Illuminate/Http/Middleware/TrustProxies.php(58): Illuminate\\Pipeline\\Pipeline->{closure:{closure:Illuminate\\Pipeline\\Pipeline::carry():194}:195}(Object(Illuminate\\Http\\Request))
#28 /Users/primesysindia/priyanshuprimesys/PersonalFolder/projects/pharmacy-erp-blueprint/doctor-erp/apps/admin-api/vendor/laravel/framework/src/Illuminate/Pipeline/Pipeline.php(219): Illuminate\\Http\\Middleware\\TrustProxies->handle(Object(Illuminate\\Http\\Request), Object(Closure))
#29 /Users/primesysindia/priyanshuprimesys/PersonalFolder/projects/pharmacy-erp-blueprint/doctor-erp/apps/admin-api/vendor/laravel/framework/src/Illuminate/Foundation/Http/Middleware/InvokeDeferredCallbacks.php(22): Illuminate\\Pipeline\\Pipeline->{closure:{closure:Illuminate\\Pipeline\\Pipeline::carry():194}:195}(Object(Illuminate\\Http\\Request))
#30 /Users/primesysindia/priyanshuprimesys/PersonalFolder/projects/pharmacy-erp-blueprint/doctor-erp/apps/admin-api/vendor/laravel/framework/src/Illuminate/Pipeline/Pipeline.php(219): Illuminate\\Foundation\\Http\\Middleware\\InvokeDeferredCallbacks->handle(Object(Illuminate\\Http\\Request), Object(Closure))
#31 /Users/primesysindia/priyanshuprimesys/PersonalFolder/projects/pharmacy-erp-blueprint/doctor-erp/apps/admin-api/vendor/laravel/framework/src/Illuminate/Http/Middleware/ValidatePathEncoding.php(28): Illuminate\\Pipeline\\Pipeline->{closure:{closure:Illuminate\\Pipeline\\Pipeline::carry():194}:195}(Object(Illuminate\\Http\\Request))
#32 /Users/primesysindia/priyanshuprimesys/PersonalFolder/projects/pharmacy-erp-blueprint/doctor-erp/apps/admin-api/vendor/laravel/framework/src/Illuminate/Pipeline/Pipeline.php(219): Illuminate\\Http\\Middleware\\ValidatePathEncoding->handle(Object(Illuminate\\Http\\Request), Object(Closure))
#33 /Users/primesysindia/priyanshuprimesys/PersonalFolder/projects/pharmacy-erp-blueprint/doctor-erp/apps/admin-api/vendor/laravel/framework/src/Illuminate/Pipeline/Pipeline.php(137): Illuminate\\Pipeline\\Pipeline->{closure:{closure:Illuminate\\Pipeline\\Pipeline::carry():194}:195}(Object(Illuminate\\Http\\Request))
#34 /Users/primesysindia/priyanshuprimesys/PersonalFolder/projects/pharmacy-erp-blueprint/doctor-erp/apps/admin-api/vendor/laravel/framework/src/Illuminate/Foundation/Http/Kernel.php(175): Illuminate\\Pipeline\\Pipeline->then(Object(Closure))
#35 /Users/primesysindia/priyanshuprimesys/PersonalFolder/projects/pharmacy-erp-blueprint/doctor-erp/apps/admin-api/vendor/laravel/framework/src/Illuminate/Foundation/Http/Kernel.php(144): Illuminate\\Foundation\\Http\\Kernel->sendRequestThroughRouter(Object(Illuminate\\Http\\Request))
#36 /Users/primesysindia/priyanshuprimesys/PersonalFolder/projects/pharmacy-erp-blueprint/doctor-erp/apps/admin-api/vendor/laravel/framework/src/Illuminate/Foundation/Application.php(1227): Illuminate\\Foundation\\Http\\Kernel->handle(Object(Illuminate\\Http\\Request))
#37 /Users/primesysindia/priyanshuprimesys/PersonalFolder/projects/pharmacy-erp-blueprint/doctor-erp/apps/admin-api/public/index.php(20): Illuminate\\Foundation\\Application->handleRequest(Object(Illuminate\\Http\\Request))
#38 /Users/primesysindia/priyanshuprimesys/PersonalFolder/projects/pharmacy-erp-blueprint/doctor-erp/apps/admin-api/vendor/laravel/framework/src/Illuminate/Foundation/resources/server.php(23): require_once('/Users/primesys...')
#39 {main}
"} 
[2026-08-29 04:49:21] local.ERROR: Route [login] not defined. {"exception":"[object] (Symfony\\Component\\Routing\\Exception\\RouteNotFoundException(code: 0): Route [login] not defined. at /Users/primesysindia/priyanshuprimesys/PersonalFolder/projects/pharmacy-erp-blueprint/doctor-erp/apps/admin-api/vendor/laravel/framework/src/Illuminate/Routing/UrlGenerator.php:542)
[stacktrace]
#0 /Users/primesysindia/priyanshuprimesys/PersonalFolder/projects/pharmacy-erp-blueprint/doctor-erp/apps/admin-api/vendor/laravel/framework/src/Illuminate/Foundation/helpers.php(870): Illuminate\\Routing\\UrlGenerator->route('login', Array, true)
#1 /Users/primesysindia/priyanshuprimesys/PersonalFolder/projects/pharmacy-erp-blueprint/doctor-erp/apps/admin-api/vendor/laravel/framework/src/Illuminate/Foundation/Configuration/ApplicationBuilder.php(291): route('login')
#2 [internal function]: Illuminate\\Foundation\\Configuration\\ApplicationBuilder->{closure:{closure:Illuminate\\Foundation\\Configuration\\ApplicationBuilder::withMiddleware():289}:291}(Object(Illuminate\\Http\\Request))
#3 /Users/primesysindia/priyanshuprimesys/PersonalFolder/projects/pharmacy-erp-blueprint/doctor-erp/apps/admin-api/vendor/laravel/framework/src/Illuminate/Auth/Middleware/Authenticate.php(117): call_user_func(Object(Closure), Object(Illuminate\\Http\\Request))
#4 /Users/primesysindia/priyanshuprimesys/PersonalFolder/projects/pharmacy-erp-blueprint/doctor-erp/apps/admin-api/vendor/laravel/framework/src/Illuminate/Auth/Middleware/Authenticate.php(104): Illuminate\\Auth\\Middleware\\Authenticate->redirectTo(Object(Illuminate\\Http\\Request))
#5 /Users/primesysindia/priyanshuprimesys/PersonalFolder/projects/pharmacy-erp-blueprint/doctor-erp/apps/admin-api/vendor/laravel/framework/src/Illuminate/Auth/Middleware/Authenticate.php(87): Illuminate\\Auth\\Middleware\\Authenticate->unauthenticated(Object(Illuminate\\Http\\Request), Array)
#6 /Users/primesysindia/priyanshuprimesys/PersonalFolder/projects/pharmacy-erp-blueprint/doctor-erp/apps/admin-api/vendor/laravel/framework/src/Illuminate/Auth/Middleware/Authenticate.php(61): Illuminate\\Auth\\Middleware\\Authenticate->authenticate(Object(Illuminate\\Http\\Request), Array)
#7 /Users/primesysindia/priyanshuprimesys/PersonalFolder/projects/pharmacy-erp-blueprint/doctor-erp/apps/admin-api/vendor/laravel/framework/src/Illuminate/Pipeline/Pipeline.php(219): Illuminate\\Auth\\Middleware\\Authenticate->handle(Object(Illuminate\\Http\\Request), Object(Closure), 'jwt')
#8 /Users/primesysindia/priyanshuprimesys/PersonalFolder/projects/pharmacy-erp-blueprint/doctor-erp/apps/admin-api/vendor/laravel/framework/src/Illuminate/Pipeline/Pipeline.php(137): Illuminate\\Pipeline\\Pipeline->{closure:{closure:Illuminate\\Pipeline\\Pipeline::carry():194}:195}(Object(Illuminate\\Http\\Request))
#9 /Users/primesysindia/priyanshuprimesys/PersonalFolder/projects/pharmacy-erp-blueprint/doctor-erp/apps/admin-api/vendor/laravel/framework/src/Illuminate/Routing/Router.php(821): Illuminate\\Pipeline\\Pipeline->then(Object(Closure))
#10 /Users/primesysindia/priyanshuprimesys/PersonalFolder/projects/pharmacy-erp-blueprint/doctor-erp/apps/admin-api/vendor/laravel/framework/src/Illuminate/Routing/Router.php(800): Illuminate\\Routing\\Router->runRouteWithinStack(Object(Illuminate\\Routing\\Route), Object(Illuminate\\Http\\Request))
#11 /Users/primesysindia/priyanshuprimesys/PersonalFolder/projects/pharmacy-erp-blueprint/doctor-erp/apps/admin-api/vendor/laravel/framework/src/Illuminate/Routing/Router.php(764): Illuminate\\Routing\\Router->runRoute(Object(Illuminate\\Http\\Request), Object(Illuminate\\Routing\\Route))
#12 /Users/primesysindia/priyanshuprimesys/PersonalFolder/projects/pharmacy-erp-blueprint/doctor-erp/apps/admin-api/vendor/laravel/framework/src/Illuminate/Routing/Router.php(753): Illuminate\\Routing\\Router->dispatchToRoute(Object(Illuminate\\Http\\Request))
#13 /Users/primesysindia/priyanshuprimesys/PersonalFolder/projects/pharmacy-erp-blueprint/doctor-erp/apps/admin-api/vendor/laravel/framework/src/Illuminate/Foundation/Http/Kernel.php(200): Illuminate\\Routing\\Router->dispatch(Object(Illuminate\\Http\\Request))
#14 /Users/primesysindia/priyanshuprimesys/PersonalFolder/projects/pharmacy-erp-blueprint/doctor-erp/apps/admin-api/vendor/laravel/framework/src/Illuminate/Pipeline/Pipeline.php(180): Illuminate\\Foundation\\Http\\Kernel->{closure:Illuminate\\Foundation\\Http\\Kernel::dispatchToRouter():197}(Object(Illuminate\\Http\\Request))
#15 /Users/primesysindia/priyanshuprimesys/PersonalFolder/projects/pharmacy-erp-blueprint/doctor-erp/apps/admin-api/vendor/laravel/framework/src/Illuminate/Foundation/Http/Middleware/TransformsRequest.php(21): Illuminate\\Pipeline\\Pipeline->{closure:Illuminate\\Pipeline\\Pipeline::prepareDestination():178}(Object(Illuminate\\Http\\Request))
#16 /Users/primesysindia/priyanshuprimesys/PersonalFolder/projects/pharmacy-erp-blueprint/doctor-erp/apps/admin-api/vendor/laravel/framework/src/Illuminate/Foundation/Http/Middleware/ConvertEmptyStringsToNull.php(31): Illuminate\\Foundation\\Http\\Middleware\\TransformsRequest->handle(Object(Illuminate\\Http\\Request), Object(Closure))
#17 /Users/primesysindia/priyanshuprimesys/PersonalFolder/projects/pharmacy-erp-blueprint/doctor-erp/apps/admin-api/vendor/laravel/framework/src/Illuminate/Pipeline/Pipeline.php(219): Illuminate\\Foundation\\Http\\Middleware\\ConvertEmptyStringsToNull->handle(Object(Illuminate\\Http\\Request), Object(Closure))
#18 /Users/primesysindia/priyanshuprimesys/PersonalFolder/projects/pharmacy-erp-blueprint/doctor-erp/apps/admin-api/vendor/laravel/framework/src/Illuminate/Foundation/Http/Middleware/TransformsRequest.php(21): Illuminate\\Pipeline\\Pipeline->{closure:{closure:Illuminate\\Pipeline\\Pipeline::carry():194}:195}(Object(Illuminate\\Http\\Request))
#19 /Users/primesysindia/priyanshuprimesys/PersonalFolder/projects/pharmacy-erp-blueprint/doctor-erp/apps/admin-api/vendor/laravel/framework/src/Illuminate/Foundation/Http/Middleware/TrimStrings.php(51): Illuminate\\Foundation\\Http\\Middleware\\TransformsRequest->handle(Object(Illuminate\\Http\\Request), Object(Closure))
#20 /Users/primesysindia/priyanshuprimesys/PersonalFolder/projects/pharmacy-erp-blueprint/doctor-erp/apps/admin-api/vendor/laravel/framework/src/Illuminate/Pipeline/Pipeline.php(219): Illuminate\\Foundation\\Http\\Middleware\\TrimStrings->handle(Object(Illuminate\\Http\\Request), Object(Closure))
#21 /Users/primesysindia/priyanshuprimesys/PersonalFolder/projects/pharmacy-erp-blueprint/doctor-erp/apps/admin-api/vendor/laravel/framework/src/Illuminate/Http/Middleware/ValidatePostSize.php(27): Illuminate\\Pipeline\\Pipeline->{closure:{closure:Illuminate\\Pipeline\\Pipeline::carry():194}:195}(Object(Illuminate\\Http\\Request))
#22 /Users/primesysindia/priyanshuprimesys/PersonalFolder/projects/pharmacy-erp-blueprint/doctor-erp/apps/admin-api/vendor/laravel/framework/src/Illuminate/Pipeline/Pipeline.php(219): Illuminate\\Http\\Middleware\\ValidatePostSize->handle(Object(Illuminate\\Http\\Request), Object(Closure))
#23 /Users/primesysindia/priyanshuprimesys/PersonalFolder/projects/pharmacy-erp-blueprint/doctor-erp/apps/admin-api/vendor/laravel/framework/src/Illuminate/Foundation/Http/Middleware/PreventRequestsDuringMaintenance.php(110): Illuminate\\Pipeline\\Pipeline->{closure:{closure:Illuminate\\Pipeline\\Pipeline::carry():194}:195}(Object(Illuminate\\Http\\Request))
#24 /Users/primesysindia/priyanshuprimesys/PersonalFolder/projects/pharmacy-erp-blueprint/doctor-erp/apps/admin-api/vendor/laravel/framework/src/Illuminate/Pipeline/Pipeline.php(219): Illuminate\\Foundation\\Http\\Middleware\\PreventRequestsDuringMaintenance->handle(Object(Illuminate\\Http\\Request), Object(Closure))
#25 /Users/primesysindia/priyanshuprimesys/PersonalFolder/projects/pharmacy-erp-blueprint/doctor-erp/apps/admin-api/vendor/laravel/framework/src/Illuminate/Http/Middleware/HandleCors.php(74): Illuminate\\Pipeline\\Pipeline->{closure:{closure:Illuminate\\Pipeline\\Pipeline::carry():194}:195}(Object(Illuminate\\Http\\Request))
#26 /Users/primesysindia/priyanshuprimesys/PersonalFolder/projects/pharmacy-erp-blueprint/doctor-erp/apps/admin-api/vendor/laravel/framework/src/Illuminate/Pipeline/Pipeline.php(219): Illuminate\\Http\\Middleware\\HandleCors->handle(Object(Illuminate\\Http\\Request), Object(Closure))
#27 /Users/primesysindia/priyanshuprimesys/PersonalFolder/projects/pharmacy-erp-blueprint/doctor-erp/apps/admin-api/vendor/laravel/framework/src/Illuminate/Http/Middleware/TrustProxies.php(58): Illuminate\\Pipeline\\Pipeline->{closure:{closure:Illuminate\\Pipeline\\Pipeline::carry():194}:195}(Object(Illuminate\\Http\\Request))
#28 /Users/primesysindia/priyanshuprimesys/PersonalFolder/projects/pharmacy-erp-blueprint/doctor-erp/apps/admin-api/vendor/laravel/framework/src/Illuminate/Pipeline/Pipeline.php(219): Illuminate\\Http\\Middleware\\TrustProxies->handle(Object(Illuminate\\Http\\Request), Object(Closure))
#29 /Users/primesysindia/priyanshuprimesys/PersonalFolder/projects/pharmacy-erp-blueprint/doctor-erp/apps/admin-api/vendor/laravel/framework/src/Illuminate/Foundation/Http/Middleware/InvokeDeferredCallbacks.php(22): Illuminate\\Pipeline\\Pipeline->{closure:{closure:Illuminate\\Pipeline\\Pipeline::carry():194}:195}(Object(Illuminate\\Http\\Request))
#30 /Users/primesysindia/priyanshuprimesys/PersonalFolder/projects/pharmacy-erp-blueprint/doctor-erp/apps/admin-api/vendor/laravel/framework/src/Illuminate/Pipeline/Pipeline.php(219): Illuminate\\Foundation\\Http\\Middleware\\InvokeDeferredCallbacks->handle(Object(Illuminate\\Http\\Request), Object(Closure))
#31 /Users/primesysindia/priyanshuprimesys/PersonalFolder/projects/pharmacy-erp-blueprint/doctor-erp/apps/admin-api/vendor/laravel/framework/src/Illuminate/Http/Middleware/ValidatePathEncoding.php(28): Illuminate\\Pipeline\\Pipeline->{closure:{closure:Illuminate\\Pipeline\\Pipeline::carry():194}:195}(Object(Illuminate\\Http\\Request))
#32 /Users/primesysindia/priyanshuprimesys/PersonalFolder/projects/pharmacy-erp-blueprint/doctor-erp/apps/admin-api/vendor/laravel/framework/src/Illuminate/Pipeline/Pipeline.php(219): Illuminate\\Http\\Middleware\\ValidatePathEncoding->handle(Object(Illuminate\\Http\\Request), Object(Closure))
#33 /Users/primesysindia/priyanshuprimesys/PersonalFolder/projects/pharmacy-erp-blueprint/doctor-erp/apps/admin-api/vendor/laravel/framework/src/Illuminate/Pipeline/Pipeline.php(137): Illuminate\\Pipeline\\Pipeline->{closure:{closure:Illuminate\\Pipeline\\Pipeline::carry():194}:195}(Object(Illuminate\\Http\\Request))
#34 /Users/primesysindia/priyanshuprimesys/PersonalFolder/projects/pharmacy-erp-blueprint/doctor-erp/apps/admin-api/vendor/laravel/framework/src/Illuminate/Foundation/Http/Kernel.php(175): Illuminate\\Pipeline\\Pipeline->then(Object(Closure))
#35 /Users/primesysindia/priyanshuprimesys/PersonalFolder/projects/pharmacy-erp-blueprint/doctor-erp/apps/admin-api/vendor/laravel/framework/src/Illuminate/Foundation/Http/Kernel.php(144): Illuminate\\Foundation\\Http\\Kernel->sendRequestThroughRouter(Object(Illuminate\\Http\\Request))
#36 /Users/primesysindia/priyanshuprimesys/PersonalFolder/projects/pharmacy-erp-blueprint/doctor-erp/apps/admin-api/vendor/laravel/framework/src/Illuminate/Foundation/Application.php(1227): Illuminate\\Foundation\\Http\\Kernel->handle(Object(Illuminate\\Http\\Request))
#37 /Users/primesysindia/priyanshuprimesys/PersonalFolder/projects/pharmacy-erp-blueprint/doctor-erp/apps/admin-api/public/index.php(20): Illuminate\\Foundation\\Application->handleRequest(Object(Illuminate\\Http\\Request))
#38 /Users/primesysindia/priyanshuprimesys/PersonalFolder/projects/pharmacy-erp-blueprint/doctor-erp/apps/admin-api/vendor/laravel/framework/src/Illuminate/Foundation/resources/server.php(23): require_once('/Users/primesys...')
#39 {main}
"} 
[2026-08-29 04:49:21] local.ERROR: Route [login] not defined. {"exception":"[object] (Symfony\\Component\\Routing\\Exception\\RouteNotFoundException(code: 0): Route [login] not defined. at /Users/primesysindia/priyanshuprimesys/PersonalFolder/projects/pharmacy-erp-blueprint/doctor-erp/apps/admin-api/vendor/laravel/framework/src/Illuminate/Routing/UrlGenerator.php:542)
[stacktrace]
#0 /Users/primesysindia/priyanshuprimesys/PersonalFolder/projects/pharmacy-erp-blueprint/doctor-erp/apps/admin-api/vendor/laravel/framework/src/Illuminate/Foundation/helpers.php(870): Illuminate\\Routing\\UrlGenerator->route('login', Array, true)
#1 /Users/primesysindia/priyanshuprimesys/PersonalFolder/projects/pharmacy-erp-blueprint/doctor-erp/apps/admin-api/vendor/laravel/framework/src/Illuminate/Foundation/Configuration/ApplicationBuilder.php(291): route('login')
#2 [internal function]: Illuminate\\Foundation\\Configuration\\ApplicationBuilder->{closure:{closure:Illuminate\\Foundation\\Configuration\\ApplicationBuilder::withMiddleware():289}:291}(Object(Illuminate\\Http\\Request))
#3 /Users/primesysindia/priyanshuprimesys/PersonalFolder/projects/pharmacy-erp-blueprint/doctor-erp/apps/admin-api/vendor/laravel/framework/src/Illuminate/Auth/Middleware/Authenticate.php(117): call_user_func(Object(Closure), Object(Illuminate\\Http\\Request))
#4 /Users/primesysindia/priyanshuprimesys/PersonalFolder/projects/pharmacy-erp-blueprint/doctor-erp/apps/admin-api/vendor/laravel/framework/src/Illuminate/Auth/Middleware/Authenticate.php(104): Illuminate\\Auth\\Middleware\\Authenticate->redirectTo(Object(Illuminate\\Http\\Request))
#5 /Users/primesysindia/priyanshuprimesys/PersonalFolder/projects/pharmacy-erp-blueprint/doctor-erp/apps/admin-api/vendor/laravel/framework/src/Illuminate/Auth/Middleware/Authenticate.php(87): Illuminate\\Auth\\Middleware\\Authenticate->unauthenticated(Object(Illuminate\\Http\\Request), Array)
#6 /Users/primesysindia/priyanshuprimesys/PersonalFolder/projects/pharmacy-erp-blueprint/doctor-erp/apps/admin-api/vendor/laravel/framework/src/Illuminate/Auth/Middleware/Authenticate.php(61): Illuminate\\Auth\\Middleware\\Authenticate->authenticate(Object(Illuminate\\Http\\Request), Array)
#7 /Users/primesysindia/priyanshuprimesys/PersonalFolder/projects/pharmacy-erp-blueprint/doctor-erp/apps/admin-api/vendor/laravel/framework/src/Illuminate/Pipeline/Pipeline.php(219): Illuminate\\Auth\\Middleware\\Authenticate->handle(Object(Illuminate\\Http\\Request), Object(Closure), 'jwt')
#8 /Users/primesysindia/priyanshuprimesys/PersonalFolder/projects/pharmacy-erp-blueprint/doctor-erp/apps/admin-api/vendor/laravel/framework/src/Illuminate/Pipeline/Pipeline.php(137): Illuminate\\Pipeline\\Pipeline->{closure:{closure:Illuminate\\Pipeline\\Pipeline::carry():194}:195}(Object(Illuminate\\Http\\Request))
#9 /Users/primesysindia/priyanshuprimesys/PersonalFolder/projects/pharmacy-erp-blueprint/doctor-erp/apps/admin-api/vendor/laravel/framework/src/Illuminate/Routing/Router.php(821): Illuminate\\Pipeline\\Pipeline->then(Object(Closure))
#10 /Users/primesysindia/priyanshuprimesys/PersonalFolder/projects/pharmacy-erp-blueprint/doctor-erp/apps/admin-api/vendor/laravel/framework/src/Illuminate/Routing/Router.php(800): Illuminate\\Routing\\Router->runRouteWithinStack(Object(Illuminate\\Routing\\Route), Object(Illuminate\\Http\\Request))
#11 /Users/primesysindia/priyanshuprimesys/PersonalFolder/projects/pharmacy-erp-blueprint/doctor-erp/apps/admin-api/vendor/laravel/framework/src/Illuminate/Routing/Router.php(764): Illuminate\\Routing\\Router->runRoute(Object(Illuminate\\Http\\Request), Object(Illuminate\\Routing\\Route))
#12 /Users/primesysindia/priyanshuprimesys/PersonalFolder/projects/pharmacy-erp-blueprint/doctor-erp/apps/admin-api/vendor/laravel/framework/src/Illuminate/Routing/Router.php(753): Illuminate\\Routing\\Router->dispatchToRoute(Object(Illuminate\\Http\\Request))
#13 /Users/primesysindia/priyanshuprimesys/PersonalFolder/projects/pharmacy-erp-blueprint/doctor-erp/apps/admin-api/vendor/laravel/framework/src/Illuminate/Foundation/Http/Kernel.php(200): Illuminate\\Routing\\Router->dispatch(Object(Illuminate\\Http\\Request))
#14 /Users/primesysindia/priyanshuprimesys/PersonalFolder/projects/pharmacy-erp-blueprint/doctor-erp/apps/admin-api/vendor/laravel/framework/src/Illuminate/Pipeline/Pipeline.php(180): Illuminate\\Foundation\\Http\\Kernel->{closure:Illuminate\\Foundation\\Http\\Kernel::dispatchToRouter():197}(Object(Illuminate\\Http\\Request))
#15 /Users/primesysindia/priyanshuprimesys/PersonalFolder/projects/pharmacy-erp-blueprint/doctor-erp/apps/admin-api/vendor/laravel/framework/src/Illuminate/Foundation/Http/Middleware/TransformsRequest.php(21): Illuminate\\Pipeline\\Pipeline->{closure:Illuminate\\Pipeline\\Pipeline::prepareDestination():178}(Object(Illuminate\\Http\\Request))
#16 /Users/primesysindia/priyanshuprimesys/PersonalFolder/projects/pharmacy-erp-blueprint/doctor-erp/apps/admin-api/vendor/laravel/framework/src/Illuminate/Foundation/Http/Middleware/ConvertEmptyStringsToNull.php(31): Illuminate\\Foundation\\Http\\Middleware\\TransformsRequest->handle(Object(Illuminate\\Http\\Request), Object(Closure))
#17 /Users/primesysindia/priyanshuprimesys/PersonalFolder/projects/pharmacy-erp-blueprint/doctor-erp/apps/admin-api/vendor/laravel/framework/src/Illuminate/Pipeline/Pipeline.php(219): Illuminate\\Foundation\\Http\\Middleware\\ConvertEmptyStringsToNull->handle(Object(Illuminate\\Http\\Request), Object(Closure))
#18 /Users/primesysindia/priyanshuprimesys/PersonalFolder/projects/pharmacy-erp-blueprint/doctor-erp/apps/admin-api/vendor/laravel/framework/src/Illuminate/Foundation/Http/Middleware/TransformsRequest.php(21): Illuminate\\Pipeline\\Pipeline->{closure:{closure:Illuminate\\Pipeline\\Pipeline::carry():194}:195}(Object(Illuminate\\Http\\Request))
#19 /Users/primesysindia/priyanshuprimesys/PersonalFolder/projects/pharmacy-erp-blueprint/doctor-erp/apps/admin-api/vendor/laravel/framework/src/Illuminate/Foundation/Http/Middleware/TrimStrings.php(51): Illuminate\\Foundation\\Http\\Middleware\\TransformsRequest->handle(Object(Illuminate\\Http\\Request), Object(Closure))
#20 /Users/primesysindia/priyanshuprimesys/PersonalFolder/projects/pharmacy-erp-blueprint/doctor-erp/apps/admin-api/vendor/laravel/framework/src/Illuminate/Pipeline/Pipeline.php(219): Illuminate\\Foundation\\Http\\Middleware\\TrimStrings->handle(Object(Illuminate\\Http\\Request), Object(Closure))
#21 /Users/primesysindia/priyanshuprimesys/PersonalFolder/projects/pharmacy-erp-blueprint/doctor-erp/apps/admin-api/vendor/laravel/framework/src/Illuminate/Http/Middleware/ValidatePostSize.php(27): Illuminate\\Pipeline\\Pipeline->{closure:{closure:Illuminate\\Pipeline\\Pipeline::carry():194}:195}(Object(Illuminate\\Http\\Request))
#22 /Users/primesysindia/priyanshuprimesys/PersonalFolder/projects/pharmacy-erp-blueprint/doctor-erp/apps/admin-api/vendor/laravel/framework/src/Illuminate/Pipeline/Pipeline.php(219): Illuminate\\Http\\Middleware\\ValidatePostSize->handle(Object(Illuminate\\Http\\Request), Object(Closure))
#23 /Users/primesysindia/priyanshuprimesys/PersonalFolder/projects/pharmacy-erp-blueprint/doctor-erp/apps/admin-api/vendor/laravel/framework/src/Illuminate/Foundation/Http/Middleware/PreventRequestsDuringMaintenance.php(110): Illuminate\\Pipeline\\Pipeline->{closure:{closure:Illuminate\\Pipeline\\Pipeline::carry():194}:195}(Object(Illuminate\\Http\\Request))
#24 /Users/primesysindia/priyanshuprimesys/PersonalFolder/projects/pharmacy-erp-blueprint/doctor-erp/apps/admin-api/vendor/laravel/framework/src/Illuminate/Pipeline/Pipeline.php(219): Illuminate\\Foundation\\Http\\Middleware\\PreventRequestsDuringMaintenance->handle(Object(Illuminate\\Http\\Request), Object(Closure))
#25 /Users/primesysindia/priyanshuprimesys/PersonalFolder/projects/pharmacy-erp-blueprint/doctor-erp/apps/admin-api/vendor/laravel/framework/src/Illuminate/Http/Middleware/HandleCors.php(74): Illuminate\\Pipeline\\Pipeline->{closure:{closure:Illuminate\\Pipeline\\Pipeline::carry():194}:195}(Object(Illuminate\\Http\\Request))
#26 /Users/primesysindia/priyanshuprimesys/PersonalFolder/projects/pharmacy-erp-blueprint/doctor-erp/apps/admin-api/vendor/laravel/framework/src/Illuminate/Pipeline/Pipeline.php(219): Illuminate\\Http\\Middleware\\HandleCors->handle(Object(Illuminate\\Http\\Request), Object(Closure))
#27 /Users/primesysindia/priyanshuprimesys/PersonalFolder/projects/pharmacy-erp-blueprint/doctor-erp/apps/admin-api/vendor/laravel/framework/src/Illuminate/Http/Middleware/TrustProxies.php(58): Illuminate\\Pipeline\\Pipeline->{closure:{closure:Illuminate\\Pipeline\\Pipeline::carry():194}:195}(Object(Illuminate\\Http\\Request))
#28 /Users/primesysindia/priyanshuprimesys/PersonalFolder/projects/pharmacy-erp-blueprint/doctor-erp/apps/admin-api/vendor/laravel/framework/src/Illuminate/Pipeline/Pipeline.php(219): Illuminate\\Http\\Middleware\\TrustProxies->handle(Object(Illuminate\\Http\\Request), Object(Closure))
#29 /Users/primesysindia/priyanshuprimesys/PersonalFolder/projects/pharmacy-erp-blueprint/doctor-erp/apps/admin-api/vendor/laravel/framework/src/Illuminate/Foundation/Http/Middleware/InvokeDeferredCallbacks.php(22): Illuminate\\Pipeline\\Pipeline->{closure:{closure:Illuminate\\Pipeline\\Pipeline::carry():194}:195}(Object(Illuminate\\Http\\Request))
#30 /Users/primesysindia/priyanshuprimesys/PersonalFolder/projects/pharmacy-erp-blueprint/doctor-erp/apps/admin-api/vendor/laravel/framework/src/Illuminate/Pipeline/Pipeline.php(219): Illuminate\\Foundation\\Http\\Middleware\\InvokeDeferredCallbacks->handle(Object(Illuminate\\Http\\Request), Object(Closure))
#31 /Users/primesysindia/priyanshuprimesys/PersonalFolder/projects/pharmacy-erp-blueprint/doctor-erp/apps/admin-api/vendor/laravel/framework/src/Illuminate/Http/Middleware/ValidatePathEncoding.php(28): Illuminate\\Pipeline\\Pipeline->{closure:{closure:Illuminate\\Pipeline\\Pipeline::carry():194}:195}(Object(Illuminate\\Http\\Request))
#32 /Users/primesysindia/priyanshuprimesys/PersonalFolder/projects/pharmacy-erp-blueprint/doctor-erp/apps/admin-api/vendor/laravel/framework/src/Illuminate/Pipeline/Pipeline.php(219): Illuminate\\Http\\Middleware\\ValidatePathEncoding->handle(Object(Illuminate\\Http\\Request), Object(Closure))
#33 /Users/primesysindia/priyanshuprimesys/PersonalFolder/projects/pharmacy-erp-blueprint/doctor-erp/apps/admin-api/vendor/laravel/framework/src/Illuminate/Pipeline/Pipeline.php(137): Illuminate\\Pipeline\\Pipeline->{closure:{closure:Illuminate\\Pipeline\\Pipeline::carry():194}:195}(Object(Illuminate\\Http\\Request))
#34 /Users/primesysindia/priyanshuprimesys/PersonalFolder/projects/pharmacy-erp-blueprint/doctor-erp/apps/admin-api/vendor/laravel/framework/src/Illuminate/Foundation/Http/Kernel.php(175): Illuminate\\Pipeline\\Pipeline->then(Object(Closure))
#35 /Users/primesysindia/priyanshuprimesys/PersonalFolder/projects/pharmacy-erp-blueprint/doctor-erp/apps/admin-api/vendor/laravel/framework/src/Illuminate/Foundation/Http/Kernel.php(144): Illuminate\\Foundation\\Http\\Kernel->sendRequestThroughRouter(Object(Illuminate\\Http\\Request))
#36 /Users/primesysindia/priyanshuprimesys/PersonalFolder/projects/pharmacy-erp-blueprint/doctor-erp/apps/admin-api/vendor/laravel/framework/src/Illuminate/Foundation/Application.php(1227): Illuminate\\Foundation\\Http\\Kernel->handle(Object(Illuminate\\Http\\Request))
#37 /Users/primesysindia/priyanshuprimesys/PersonalFolder/projects/pharmacy-erp-blueprint/doctor-erp/apps/admin-api/public/index.php(20): Illuminate\\Foundation\\Application->handleRequest(Object(Illuminate\\Http\\Request))
#38 /Users/primesysindia/priyanshuprimesys/PersonalFolder/projects/pharmacy-erp-blueprint/doctor-erp/apps/admin-api/vendor/laravel/framework/src/Illuminate/Foundation/resources/server.php(23): require_once('/Users/primesys...')
#39 {main}
"} 
[2026-08-29 04:49:21] local.ERROR: Route [login] not defined. {"exception":"[object] (Symfony\\Component\\Routing\\Exception\\RouteNotFoundException(code: 0): Route [login] not defined. at /Users/primesysindia/priyanshuprimesys/PersonalFolder/projects/pharmacy-erp-blueprint/doctor-erp/apps/admin-api/vendor/laravel/framework/src/Illuminate/Routing/UrlGenerator.php:542)
[stacktrace]
#0 /Users/primesysindia/priyanshuprimesys/PersonalFolder/projects/pharmacy-erp-blueprint/doctor-erp/apps/admin-api/vendor/laravel/framework/src/Illuminate/Foundation/helpers.php(870): Illuminate\\Routing\\UrlGenerator->route('login', Array, true)
#1 /Users/primesysindia/priyanshuprimesys/PersonalFolder/projects/pharmacy-erp-blueprint/doctor-erp/apps/admin-api/vendor/laravel/framework/src/Illuminate/Foundation/Configuration/ApplicationBuilder.php(291): route('login')
#2 [internal function]: Illuminate\\Foundation\\Configuration\\ApplicationBuilder->{closure:{closure:Illuminate\\Foundation\\Configuration\\ApplicationBuilder::withMiddleware():289}:291}(Object(Illuminate\\Http\\Request))
#3 /Users/primesysindia/priyanshuprimesys/PersonalFolder/projects/pharmacy-erp-blueprint/doctor-erp/apps/admin-api/vendor/laravel/framework/src/Illuminate/Auth/Middleware/Authenticate.php(117): call_user_func(Object(Closure), Object(Illuminate\\Http\\Request))
#4 /Users/primesysindia/priyanshuprimesys/PersonalFolder/projects/pharmacy-erp-blueprint/doctor-erp/apps/admin-api/vendor/laravel/framework/src/Illuminate/Auth/Middleware/Authenticate.php(104): Illuminate\\Auth\\Middleware\\Authenticate->redirectTo(Object(Illuminate\\Http\\Request))
#5 /Users/primesysindia/priyanshuprimesys/PersonalFolder/projects/pharmacy-erp-blueprint/doctor-erp/apps/admin-api/vendor/laravel/framework/src/Illuminate/Auth/Middleware/Authenticate.php(87): Illuminate\\Auth\\Middleware\\Authenticate->unauthenticated(Object(Illuminate\\Http\\Request), Array)
#6 /Users/primesysindia/priyanshuprimesys/PersonalFolder/projects/pharmacy-erp-blueprint/doctor-erp/apps/admin-api/vendor/laravel/framework/src/Illuminate/Auth/Middleware/Authenticate.php(61): Illuminate\\Auth\\Middleware\\Authenticate->authenticate(Object(Illuminate\\Http\\Request), Array)
#7 /Users/primesysindia/priyanshuprimesys/PersonalFolder/projects/pharmacy-erp-blueprint/doctor-erp/apps/admin-api/vendor/laravel/framework/src/Illuminate/Pipeline/Pipeline.php(219): Illuminate\\Auth\\Middleware\\Authenticate->handle(Object(Illuminate\\Http\\Request), Object(Closure), 'jwt')
#8 /Users/primesysindia/priyanshuprimesys/PersonalFolder/projects/pharmacy-erp-blueprint/doctor-erp/apps/admin-api/vendor/laravel/framework/src/Illuminate/Pipeline/Pipeline.php(137): Illuminate\\Pipeline\\Pipeline->{closure:{closure:Illuminate\\Pipeline\\Pipeline::carry():194}:195}(Object(Illuminate\\Http\\Request))
#9 /Users/primesysindia/priyanshuprimesys/PersonalFolder/projects/pharmacy-erp-blueprint/doctor-erp/apps/admin-api/vendor/laravel/framework/src/Illuminate/Routing/Router.php(821): Illuminate\\Pipeline\\Pipeline->then(Object(Closure))
#10 /Users/primesysindia/priyanshuprimesys/PersonalFolder/projects/pharmacy-erp-blueprint/doctor-erp/apps/admin-api/vendor/laravel/framework/src/Illuminate/Routing/Router.php(800): Illuminate\\Routing\\Router->runRouteWithinStack(Object(Illuminate\\Routing\\Route), Object(Illuminate\\Http\\Request))
#11 /Users/primesysindia/priyanshuprimesys/PersonalFolder/projects/pharmacy-erp-blueprint/doctor-erp/apps/admin-api/vendor/laravel/framework/src/Illuminate/Routing/Router.php(764): Illuminate\\Routing\\Router->runRoute(Object(Illuminate\\Http\\Request), Object(Illuminate\\Routing\\Route))
#12 /Users/primesysindia/priyanshuprimesys/PersonalFolder/projects/pharmacy-erp-blueprint/doctor-erp/apps/admin-api/vendor/laravel/framework/src/Illuminate/Routing/Router.php(753): Illuminate\\Routing\\Router->dispatchToRoute(Object(Illuminate\\Http\\Request))
#13 /Users/primesysindia/priyanshuprimesys/PersonalFolder/projects/pharmacy-erp-blueprint/doctor-erp/apps/admin-api/vendor/laravel/framework/src/Illuminate/Foundation/Http/Kernel.php(200): Illuminate\\Routing\\Router->dispatch(Object(Illuminate\\Http\\Request))
#14 /Users/primesysindia/priyanshuprimesys/PersonalFolder/projects/pharmacy-erp-blueprint/doctor-erp/apps/admin-api/vendor/laravel/framework/src/Illuminate/Pipeline/Pipeline.php(180): Illuminate\\Foundation\\Http\\Kernel->{closure:Illuminate\\Foundation\\Http\\Kernel::dispatchToRouter():197}(Object(Illuminate\\Http\\Request))
#15 /Users/primesysindia/priyanshuprimesys/PersonalFolder/projects/pharmacy-erp-blueprint/doctor-erp/apps/admin-api/vendor/laravel/framework/src/Illuminate/Foundation/Http/Middleware/TransformsRequest.php(21): Illuminate\\Pipeline\\Pipeline->{closure:Illuminate\\Pipeline\\Pipeline::prepareDestination():178}(Object(Illuminate\\Http\\Request))
#16 /Users/primesysindia/priyanshuprimesys/PersonalFolder/projects/pharmacy-erp-blueprint/doctor-erp/apps/admin-api/vendor/laravel/framework/src/Illuminate/Foundation/Http/Middleware/ConvertEmptyStringsToNull.php(31): Illuminate\\Foundation\\Http\\Middleware\\TransformsRequest->handle(Object(Illuminate\\Http\\Request), Object(Closure))
#17 /Users/primesysindia/priyanshuprimesys/PersonalFolder/projects/pharmacy-erp-blueprint/doctor-erp/apps/admin-api/vendor/laravel/framework/src/Illuminate/Pipeline/Pipeline.php(219): Illuminate\\Foundation\\Http\\Middleware\\ConvertEmptyStringsToNull->handle(Object(Illuminate\\Http\\Request), Object(Closure))
#18 /Users/primesysindia/priyanshuprimesys/PersonalFolder/projects/pharmacy-erp-blueprint/doctor-erp/apps/admin-api/vendor/laravel/framework/src/Illuminate/Foundation/Http/Middleware/TransformsRequest.php(21): Illuminate\\Pipeline\\Pipeline->{closure:{closure:Illuminate\\Pipeline\\Pipeline::carry():194}:195}(Object(Illuminate\\Http\\Request))
#19 /Users/primesysindia/priyanshuprimesys/PersonalFolder/projects/pharmacy-erp-blueprint/doctor-erp/apps/admin-api/vendor/laravel/framework/src/Illuminate/Foundation/Http/Middleware/TrimStrings.php(51): Illuminate\\Foundation\\Http\\Middleware\\TransformsRequest->handle(Object(Illuminate\\Http\\Request), Object(Closure))
#20 /Users/primesysindia/priyanshuprimesys/PersonalFolder/projects/pharmacy-erp-blueprint/doctor-erp/apps/admin-api/vendor/laravel/framework/src/Illuminate/Pipeline/Pipeline.php(219): Illuminate\\Foundation\\Http\\Middleware\\TrimStrings->handle(Object(Illuminate\\Http\\Request), Object(Closure))
#21 /Users/primesysindia/priyanshuprimesys/PersonalFolder/projects/pharmacy-erp-blueprint/doctor-erp/apps/admin-api/vendor/laravel/framework/src/Illuminate/Http/Middleware/ValidatePostSize.php(27): Illuminate\\Pipeline\\Pipeline->{closure:{closure:Illuminate\\Pipeline\\Pipeline::carry():194}:195}(Object(Illuminate\\Http\\Request))
#22 /Users/primesysindia/priyanshuprimesys/PersonalFolder/projects/pharmacy-erp-blueprint/doctor-erp/apps/admin-api/vendor/laravel/framework/src/Illuminate/Pipeline/Pipeline.php(219): Illuminate\\Http\\Middleware\\ValidatePostSize->handle(Object(Illuminate\\Http\\Request), Object(Closure))
#23 /Users/primesysindia/priyanshuprimesys/PersonalFolder/projects/pharmacy-erp-blueprint/doctor-erp/apps/admin-api/vendor/laravel/framework/src/Illuminate/Foundation/Http/Middleware/PreventRequestsDuringMaintenance.php(110): Illuminate\\Pipeline\\Pipeline->{closure:{closure:Illuminate\\Pipeline\\Pipeline::carry():194}:195}(Object(Illuminate\\Http\\Request))
#24 /Users/primesysindia/priyanshuprimesys/PersonalFolder/projects/pharmacy-erp-blueprint/doctor-erp/apps/admin-api/vendor/laravel/framework/src/Illuminate/Pipeline/Pipeline.php(219): Illuminate\\Foundation\\Http\\Middleware\\PreventRequestsDuringMaintenance->handle(Object(Illuminate\\Http\\Request), Object(Closure))
#25 /Users/primesysindia/priyanshuprimesys/PersonalFolder/projects/pharmacy-erp-blueprint/doctor-erp/apps/admin-api/vendor/laravel/framework/src/Illuminate/Http/Middleware/HandleCors.php(74): Illuminate\\Pipeline\\Pipeline->{closure:{closure:Illuminate\\Pipeline\\Pipeline::carry():194}:195}(Object(Illuminate\\Http\\Request))
#26 /Users/primesysindia/priyanshuprimesys/PersonalFolder/projects/pharmacy-erp-blueprint/doctor-erp/apps/admin-api/vendor/laravel/framework/src/Illuminate/Pipeline/Pipeline.php(219): Illuminate\\Http\\Middleware\\HandleCors->handle(Object(Illuminate\\Http\\Request), Object(Closure))
#27 /Users/primesysindia/priyanshuprimesys/PersonalFolder/projects/pharmacy-erp-blueprint/doctor-erp/apps/admin-api/vendor/laravel/framework/src/Illuminate/Http/Middleware/TrustProxies.php(58): Illuminate\\Pipeline\\Pipeline->{closure:{closure:Illuminate\\Pipeline\\Pipeline::carry():194}:195}(Object(Illuminate\\Http\\Request))
#28 /Users/primesysindia/priyanshuprimesys/PersonalFolder/projects/pharmacy-erp-blueprint/doctor-erp/apps/admin-api/vendor/laravel/framework/src/Illuminate/Pipeline/Pipeline.php(219): Illuminate\\Http\\Middleware\\TrustProxies->handle(Object(Illuminate\\Http\\Request), Object(Closure))
#29 /Users/primesysindia/priyanshuprimesys/PersonalFolder/projects/pharmacy-erp-blueprint/doctor-erp/apps/admin-api/vendor/laravel/framework/src/Illuminate/Foundation/Http/Middleware/InvokeDeferredCallbacks.php(22): Illuminate\\Pipeline\\Pipeline->{closure:{closure:Illuminate\\Pipeline\\Pipeline::carry():194}:195}(Object(Illuminate\\Http\\Request))
#30 /Users/primesysindia/priyanshuprimesys/PersonalFolder/projects/pharmacy-erp-blueprint/doctor-erp/apps/admin-api/vendor/laravel/framework/src/Illuminate/Pipeline/Pipeline.php(219): Illuminate\\Foundation\\Http\\Middleware\\InvokeDeferredCallbacks->handle(Object(Illuminate\\Http\\Request), Object(Closure))
#31 /Users/primesysindia/priyanshuprimesys/PersonalFolder/projects/pharmacy-erp-blueprint/doctor-erp/apps/admin-api/vendor/laravel/framework/src/Illuminate/Http/Middleware/ValidatePathEncoding.php(28): Illuminate\\Pipeline\\Pipeline->{closure:{closure:Illuminate\\Pipeline\\Pipeline::carry():194}:195}(Object(Illuminate\\Http\\Request))
#32 /Users/primesysindia/priyanshuprimesys/PersonalFolder/projects/pharmacy-erp-blueprint/doctor-erp/apps/admin-api/vendor/laravel/framework/src/Illuminate/Pipeline/Pipeline.php(219): Illuminate\\Http\\Middleware\\ValidatePathEncoding->handle(Object(Illuminate\\Http\\Request), Object(Closure))
#33 /Users/primesysindia/priyanshuprimesys/PersonalFolder/projects/pharmacy-erp-blueprint/doctor-erp/apps/admin-api/vendor/laravel/framework/src/Illuminate/Pipeline/Pipeline.php(137): Illuminate\\Pipeline\\Pipeline->{closure:{closure:Illuminate\\Pipeline\\Pipeline::carry():194}:195}(Object(Illuminate\\Http\\Request))
#34 /Users/primesysindia/priyanshuprimesys/PersonalFolder/projects/pharmacy-erp-blueprint/doctor-erp/apps/admin-api/vendor/laravel/framework/src/Illuminate/Foundation/Http/Kernel.php(175): Illuminate\\Pipeline\\Pipeline->then(Object(Closure))
#35 /Users/primesysindia/priyanshuprimesys/PersonalFolder/projects/pharmacy-erp-blueprint/doctor-erp/apps/admin-api/vendor/laravel/framework/src/Illuminate/Foundation/Http/Kernel.php(144): Illuminate\\Foundation\\Http\\Kernel->sendRequestThroughRouter(Object(Illuminate\\Http\\Request))
#36 /Users/primesysindia/priyanshuprimesys/PersonalFolder/projects/pharmacy-erp-blueprint/doctor-erp/apps/admin-api/vendor/laravel/framework/src/Illuminate/Foundation/Application.php(1227): Illuminate\\Foundation\\Http\\Kernel->handle(Object(Illuminate\\Http\\Request))
#37 /Users/primesysindia/priyanshuprimesys/PersonalFolder/projects/pharmacy-erp-blueprint/doctor-erp/apps/admin-api/public/index.php(20): Illuminate\\Foundation\\Application->handleRequest(Object(Illuminate\\Http\\Request))
#38 /Users/primesysindia/priyanshuprimesys/PersonalFolder/projects/pharmacy-erp-blueprint/doctor-erp/apps/admin-api/vendor/laravel/framework/src/Illuminate/Foundation/resources/server.php(23): require_once('/Users/primesys...')
#39 {main}
"} 
[2026-08-29 06:21:37] local.ERROR: SQLSTATE[42S02]: Base table or view not found: 1146 Table 'opdadmin.sessions' doesn't exist (Connection: mysql, Host: 127.0.0.1, Port: 3306, Database: opdadmin, SQL: select * from `sessions` where `id` = FLBcsuHg9u7PLypYBL6Yaf93pIfFnTtBwst16CWw limit 1) {"exception":"[object] (Illuminate\\Database\\QueryException(code: 42S02): SQLSTATE[42S02]: Base table or view not found: 1146 Table 'opdadmin.sessions' doesn't exist (Connection: mysql, Host: 127.0.0.1, Port: 3306, Database: opdadmin, SQL: select * from `sessions` where `id` = FLBcsuHg9u7PLypYBL6Yaf93pIfFnTtBwst16CWw limit 1) at /Users/primesysindia/priyanshuprimesys/PersonalFolder/projects/pharmacy-erp-blueprint/doctor-erp/apps/admin-api/vendor/laravel/framework/src/Illuminate/Database/Connection.php:857)
[stacktrace]
#0 /Users/primesysindia/priyanshuprimesys/PersonalFolder/projects/pharmacy-erp-blueprint/doctor-erp/apps/admin-api/vendor/laravel/framework/src/Illuminate/Database/Connection.php(813): Illuminate\\Database\\Connection->runQueryCallback('select * from `...', Array, Object(Closure))
#1 /Users/primesysindia/priyanshuprimesys/PersonalFolder/projects/pharmacy-erp-blueprint/doctor-erp/apps/admin-api/vendor/laravel/framework/src/Illuminate/Database/Connection.php(426): Illuminate\\Database\\Connection->run('select * from `...', Array, Object(Closure))
#2 /Users/primesysindia/priyanshuprimesys/PersonalFolder/projects/pharmacy-erp-blueprint/doctor-erp/apps/admin-api/vendor/laravel/framework/src/Illuminate/Database/Query/Builder.php(3629): Illuminate\\Database\\Connection->select('select * from `...', Array, false, Array)
#3 /Users/primesysindia/priyanshuprimesys/PersonalFolder/projects/pharmacy-erp-blueprint/doctor-erp/apps/admin-api/vendor/laravel/framework/src/Illuminate/Database/Query/Builder.php(3613): Illuminate\\Database\\Query\\Builder->runSelect()
#4 /Users/primesysindia/priyanshuprimesys/PersonalFolder/projects/pharmacy-erp-blueprint/doctor-erp/apps/admin-api/vendor/laravel/framework/src/Illuminate/Database/Concerns/BuildsQueries.php(366): Illuminate\\Database\\Query\\Builder->get(Array)
#5 /Users/primesysindia/priyanshuprimesys/PersonalFolder/projects/pharmacy-erp-blueprint/doctor-erp/apps/admin-api/vendor/laravel/framework/src/Illuminate/Database/Query/Builder.php(3531): Illuminate\\Database\\Query\\Builder->first(Array)
#6 /Users/primesysindia/priyanshuprimesys/PersonalFolder/projects/pharmacy-erp-blueprint/doctor-erp/apps/admin-api/vendor/laravel/framework/src/Illuminate/Session/DatabaseSessionHandler.php(96): Illuminate\\Database\\Query\\Builder->find('FLBcsuHg9u7PLyp...')
#7 /Users/primesysindia/priyanshuprimesys/PersonalFolder/projects/pharmacy-erp-blueprint/doctor-erp/apps/admin-api/vendor/laravel/framework/src/Illuminate/Session/Store.php(128): Illuminate\\Session\\DatabaseSessionHandler->read('FLBcsuHg9u7PLyp...')
#8 /Users/primesysindia/priyanshuprimesys/PersonalFolder/projects/pharmacy-erp-blueprint/doctor-erp/apps/admin-api/vendor/laravel/framework/src/Illuminate/Session/Store.php(116): Illuminate\\Session\\Store->readFromHandler()
#9 /Users/primesysindia/priyanshuprimesys/PersonalFolder/projects/pharmacy-erp-blueprint/doctor-erp/apps/admin-api/vendor/laravel/framework/src/Illuminate/Session/Store.php(100): Illuminate\\Session\\Store->loadSession()
#10 /Users/primesysindia/priyanshuprimesys/PersonalFolder/projects/pharmacy-erp-blueprint/doctor-erp/apps/admin-api/vendor/laravel/framework/src/Illuminate/Session/Middleware/StartSession.php(146): Illuminate\\Session\\Store->start()
#11 /Users/primesysindia/priyanshuprimesys/PersonalFolder/projects/pharmacy-erp-blueprint/doctor-erp/apps/admin-api/vendor/laravel/framework/src/Illuminate/Support/helpers.php(393): Illuminate\\Session\\Middleware\\StartSession->{closure:Illuminate\\Session\\Middleware\\StartSession::startSession():143}(Object(Illuminate\\Session\\Store))
#12 /Users/primesysindia/priyanshuprimesys/PersonalFolder/projects/pharmacy-erp-blueprint/doctor-erp/apps/admin-api/vendor/laravel/framework/src/Illuminate/Session/Middleware/StartSession.php(143): tap(Object(Illuminate\\Session\\Store), Object(Closure))
#13 /Users/primesysindia/priyanshuprimesys/PersonalFolder/projects/pharmacy-erp-blueprint/doctor-erp/apps/admin-api/vendor/laravel/framework/src/Illuminate/Session/Middleware/StartSession.php(115): Illuminate\\Session\\Middleware\\StartSession->startSession(Object(Illuminate\\Http\\Request), Object(Illuminate\\Session\\Store))
#14 /Users/primesysindia/priyanshuprimesys/PersonalFolder/projects/pharmacy-erp-blueprint/doctor-erp/apps/admin-api/vendor/laravel/framework/src/Illuminate/Session/Middleware/StartSession.php(63): Illuminate\\Session\\Middleware\\StartSession->handleStatefulRequest(Object(Illuminate\\Http\\Request), Object(Illuminate\\Session\\Store), Object(Closure))
#15 /Users/primesysindia/priyanshuprimesys/PersonalFolder/projects/pharmacy-erp-blueprint/doctor-erp/apps/admin-api/vendor/laravel/framework/src/Illuminate/Pipeline/Pipeline.php(219): Illuminate\\Session\\Middleware\\StartSession->handle(Object(Illuminate\\Http\\Request), Object(Closure))
#16 /Users/primesysindia/priyanshuprimesys/PersonalFolder/projects/pharmacy-erp-blueprint/doctor-erp/apps/admin-api/vendor/laravel/framework/src/Illuminate/Cookie/Middleware/AddQueuedCookiesToResponse.php(36): Illuminate\\Pipeline\\Pipeline->{closure:{closure:Illuminate\\Pipeline\\Pipeline::carry():194}:195}(Object(Illuminate\\Http\\Request))
#17 /Users/primesysindia/priyanshuprimesys/PersonalFolder/projects/pharmacy-erp-blueprint/doctor-erp/apps/admin-api/vendor/laravel/framework/src/Illuminate/Pipeline/Pipeline.php(219): Illuminate\\Cookie\\Middleware\\AddQueuedCookiesToResponse->handle(Object(Illuminate\\Http\\Request), Object(Closure))
#18 /Users/primesysindia/priyanshuprimesys/PersonalFolder/projects/pharmacy-erp-blueprint/doctor-erp/apps/admin-api/vendor/laravel/framework/src/Illuminate/Cookie/Middleware/EncryptCookies.php(74): Illuminate\\Pipeline\\Pipeline->{closure:{closure:Illuminate\\Pipeline\\Pipeline::carry():194}:195}(Object(Illuminate\\Http\\Request))
#19 /Users/primesysindia/priyanshuprimesys/PersonalFolder/projects/pharmacy-erp-blueprint/doctor-erp/apps/admin-api/vendor/laravel/framework/src/Illuminate/Pipeline/Pipeline.php(219): Illuminate\\Cookie\\Middleware\\EncryptCookies->handle(Object(Illuminate\\Http\\Request), Object(Closure))
#20 /Users/primesysindia/priyanshuprimesys/PersonalFolder/projects/pharmacy-erp-blueprint/doctor-erp/apps/admin-api/vendor/laravel/framework/src/Illuminate/Pipeline/Pipeline.php(137): Illuminate\\Pipeline\\Pipeline->{closure:{closure:Illuminate\\Pipeline\\Pipeline::carry():194}:195}(Object(Illuminate\\Http\\Request))
#21 /Users/primesysindia/priyanshuprimesys/PersonalFolder/projects/pharmacy-erp-blueprint/doctor-erp/apps/admin-api/vendor/laravel/framework/src/Illuminate/Routing/Router.php(821): Illuminate\\Pipeline\\Pipeline->then(Object(Closure))
#22 /Users/primesysindia/priyanshuprimesys/PersonalFolder/projects/pharmacy-erp-blueprint/doctor-erp/apps/admin-api/vendor/laravel/framework/src/Illuminate/Routing/Router.php(800): Illuminate\\Routing\\Router->runRouteWithinStack(Object(Illuminate\\Routing\\Route), Object(Illuminate\\Http\\Request))
#23 /Users/primesysindia/priyanshuprimesys/PersonalFolder/projects/pharmacy-erp-blueprint/doctor-erp/apps/admin-api/vendor/laravel/framework/src/Illuminate/Routing/Router.php(764): Illuminate\\Routing\\Router->runRoute(Object(Illuminate\\Http\\Request), Object(Illuminate\\Routing\\Route))
#24 /Users/primesysindia/priyanshuprimesys/PersonalFolder/projects/pharmacy-erp-blueprint/doctor-erp/apps/admin-api/vendor/laravel/framework/src/Illuminate/Routing/Router.php(753): Illuminate\\Routing\\Router->dispatchToRoute(Object(Illuminate\\Http\\Request))
#25 /Users/primesysindia/priyanshuprimesys/PersonalFolder/projects/pharmacy-erp-blueprint/doctor-erp/apps/admin-api/vendor/laravel/framework/src/Illuminate/Foundation/Http/Kernel.php(200): Illuminate\\Routing\\Router->dispatch(Object(Illuminate\\Http\\Request))
#26 /Users/primesysindia/priyanshuprimesys/PersonalFolder/projects/pharmacy-erp-blueprint/doctor-erp/apps/admin-api/vendor/laravel/framework/src/Illuminate/Pipeline/Pipeline.php(180): Illuminate\\Foundation\\Http\\Kernel->{closure:Illuminate\\Foundation\\Http\\Kernel::dispatchToRouter():197}(Object(Illuminate\\Http\\Request))
#27 /Users/primesysindia/priyanshuprimesys/PersonalFolder/projects/pharmacy-erp-blueprint/doctor-erp/apps/admin-api/vendor/laravel/framework/src/Illuminate/Foundation/Http/Middleware/TransformsRequest.php(21): Illuminate\\Pipeline\\Pipeline->{closure:Illuminate\\Pipeline\\Pipeline::prepareDestination():178}(Object(Illuminate\\Http\\Request))
#28 /Users/primesysindia/priyanshuprimesys/PersonalFolder/projects/pharmacy-erp-blueprint/doctor-erp/apps/admin-api/vendor/laravel/framework/src/Illuminate/Foundation/Http/Middleware/ConvertEmptyStringsToNull.php(31): Illuminate\\Foundation\\Http\\Middleware\\TransformsRequest->handle(Object(Illuminate\\Http\\Request), Object(Closure))
#29 /Users/primesysindia/priyanshuprimesys/PersonalFolder/projects/pharmacy-erp-blueprint/doctor-erp/apps/admin-api/vendor/laravel/framework/src/Illuminate/Pipeline/Pipeline.php(219): Illuminate\\Foundation\\Http\\Middleware\\ConvertEmptyStringsToNull->handle(Object(Illuminate\\Http\\Request), Object(Closure))
#30 /Users/primesysindia/priyanshuprimesys/PersonalFolder/projects/pharmacy-erp-blueprint/doctor-erp/apps/admin-api/vendor/laravel/framework/src/Illuminate/Foundation/Http/Middleware/TransformsRequest.php(21): Illuminate\\Pipeline\\Pipeline->{closure:{closure:Illuminate\\Pipeline\\Pipeline::carry():194}:195}(Object(Illuminate\\Http\\Request))
#31 /Users/primesysindia/priyanshuprimesys/PersonalFolder/projects/pharmacy-erp-blueprint/doctor-erp/apps/admin-api/vendor/laravel/framework/src/Illuminate/Foundation/Http/Middleware/TrimStrings.php(51): Illuminate\\Foundation\\Http\\Middleware\\TransformsRequest->handle(Object(Illuminate\\Http\\Request), Object(Closure))
#32 /Users/primesysindia/priyanshuprimesys/PersonalFolder/projects/pharmacy-erp-blueprint/doctor-erp/apps/admin-api/vendor/laravel/framework/src/Illuminate/Pipeline/Pipeline.php(219): Illuminate\\Foundation\\Http\\Middleware\\TrimStrings->handle(Object(Illuminate\\Http\\Request), Object(Closure))
#33 /Users/primesysindia/priyanshuprimesys/PersonalFolder/projects/pharmacy-erp-blueprint/doctor-erp/apps/admin-api/vendor/laravel/framework/src/Illuminate/Http/Middleware/ValidatePostSize.php(27): Illuminate\\Pipeline\\Pipeline->{closure:{closure:Illuminate\\Pipeline\\Pipeline::carry():194}:195}(Object(Illuminate\\Http\\Request))
#34 /Users/primesysindia/priyanshuprimesys/PersonalFolder/projects/pharmacy-erp-blueprint/doctor-erp/apps/admin-api/vendor/laravel/framework/src/Illuminate/Pipeline/Pipeline.php(219): Illuminate\\Http\\Middleware\\ValidatePostSize->handle(Object(Illuminate\\Http\\Request), Object(Closure))
#35 /Users/primesysindia/priyanshuprimesys/PersonalFolder/projects/pharmacy-erp-blueprint/doctor-erp/apps/admin-api/vendor/laravel/framework/src/Illuminate/Foundation/Http/Middleware/PreventRequestsDuringMaintenance.php(110): Illuminate\\Pipeline\\Pipeline->{closure:{closure:Illuminate\\Pipeline\\Pipeline::carry():194}:195}(Object(Illuminate\\Http\\Request))
#36 /Users/primesysindia/priyanshuprimesys/PersonalFolder/projects/pharmacy-erp-blueprint/doctor-erp/apps/admin-api/vendor/laravel/framework/src/Illuminate/Pipeline/Pipeline.php(219): Illuminate\\Foundation\\Http\\Middleware\\PreventRequestsDuringMaintenance->handle(Object(Illuminate\\Http\\Request), Object(Closure))
#37 /Users/primesysindia/priyanshuprimesys/PersonalFolder/projects/pharmacy-erp-blueprint/doctor-erp/apps/admin-api/vendor/laravel/framework/src/Illuminate/Http/Middleware/HandleCors.php(61): Illuminate\\Pipeline\\Pipeline->{closure:{closure:Illuminate\\Pipeline\\Pipeline::carry():194}:195}(Object(Illuminate\\Http\\Request))
#38 /Users/primesysindia/priyanshuprimesys/PersonalFolder/projects/pharmacy-erp-blueprint/doctor-erp/apps/admin-api/vendor/laravel/framework/src/Illuminate/Pipeline/Pipeline.php(219): Illuminate\\Http\\Middleware\\HandleCors->handle(Object(Illuminate\\Http\\Request), Object(Closure))
#39 /Users/primesysindia/priyanshuprimesys/PersonalFolder/projects/pharmacy-erp-blueprint/doctor-erp/apps/admin-api/vendor/laravel/framework/src/Illuminate/Http/Middleware/TrustProxies.php(58): Illuminate\\Pipeline\\Pipeline->{closure:{closure:Illuminate\\Pipeline\\Pipeline::carry():194}:195}(Object(Illuminate\\Http\\Request))
#40 /Users/primesysindia/priyanshuprimesys/PersonalFolder/projects/pharmacy-erp-blueprint/doctor-erp/apps/admin-api/vendor/laravel/framework/src/Illuminate/Pipeline/Pipeline.php(219): Illuminate\\Http\\Middleware\\TrustProxies->handle(Object(Illuminate\\Http\\Request), Object(Closure))
#41 /Users/primesysindia/priyanshuprimesys/PersonalFolder/projects/pharmacy-erp-blueprint/doctor-erp/apps/admin-api/vendor/laravel/framework/src/Illuminate/Foundation/Http/Middleware/InvokeDeferredCallbacks.php(22): Illuminate\\Pipeline\\Pipeline->{closure:{closure:Illuminate\\Pipeline\\Pipeline::carry():194}:195}(Object(Illuminate\\Http\\Request))
#42 /Users/primesysindia/priyanshuprimesys/PersonalFolder/projects/pharmacy-erp-blueprint/doctor-erp/apps/admin-api/vendor/laravel/framework/src/Illuminate/Pipeline/Pipeline.php(219): Illuminate\\Foundation\\Http\\Middleware\\InvokeDeferredCallbacks->handle(Object(Illuminate\\Http\\Request), Object(Closure))
#43 /Users/primesysindia/priyanshuprimesys/PersonalFolder/projects/pharmacy-erp-blueprint/doctor-erp/apps/admin-api/vendor/laravel/framework/src/Illuminate/Http/Middleware/ValidatePathEncoding.php(28): Illuminate\\Pipeline\\Pipeline->{closure:{closure:Illuminate\\Pipeline\\Pipeline::carry():194}:195}(Object(Illuminate\\Http\\Request))
#44 /Users/primesysindia/priyanshuprimesys/PersonalFolder/projects/pharmacy-erp-blueprint/doctor-erp/apps/admin-api/vendor/laravel/framework/src/Illuminate/Pipeline/Pipeline.php(219): Illuminate\\Http\\Middleware\\ValidatePathEncoding->handle(Object(Illuminate\\Http\\Request), Object(Closure))
#45 /Users/primesysindia/priyanshuprimesys/PersonalFolder/projects/pharmacy-erp-blueprint/doctor-erp/apps/admin-api/vendor/laravel/framework/src/Illuminate/Pipeline/Pipeline.php(137): Illuminate\\Pipeline\\Pipeline->{closure:{closure:Illuminate\\Pipeline\\Pipeline::carry():194}:195}(Object(Illuminate\\Http\\Request))
#46 /Users/primesysindia/priyanshuprimesys/PersonalFolder/projects/pharmacy-erp-blueprint/doctor-erp/apps/admin-api/vendor/laravel/framework/src/Illuminate/Foundation/Http/Kernel.php(175): Illuminate\\Pipeline\\Pipeline->then(Object(Closure))
#47 /Users/primesysindia/priyanshuprimesys/PersonalFolder/projects/pharmacy-erp-blueprint/doctor-erp/apps/admin-api/vendor/laravel/framework/src/Illuminate/Foundation/Http/Kernel.php(144): Illuminate\\Foundation\\Http\\Kernel->sendRequestThroughRouter(Object(Illuminate\\Http\\Request))
#48 /Users/primesysindia/priyanshuprimesys/PersonalFolder/projects/pharmacy-erp-blueprint/doctor-erp/apps/admin-api/vendor/laravel/framework/src/Illuminate/Foundation/Application.php(1227): Illuminate\\Foundation\\Http\\Kernel->handle(Object(Illuminate\\Http\\Request))
#49 /Users/primesysindia/priyanshuprimesys/PersonalFolder/projects/pharmacy-erp-blueprint/doctor-erp/apps/admin-api/public/index.php(20): Illuminate\\Foundation\\Application->handleRequest(Object(Illuminate\\Http\\Request))
#50 /Users/primesysindia/.composer/vendor/laravel/valet/server.php(110): require('/Users/primesys...')
#51 {main}

[previous exception] [object] (PDOException(code: 42S02): SQLSTATE[42S02]: Base table or view not found: 1146 Table 'opdadmin.sessions' doesn't exist at /Users/primesysindia/priyanshuprimesys/PersonalFolder/projects/pharmacy-erp-blueprint/doctor-erp/apps/admin-api/vendor/laravel/framework/src/Illuminate/Database/Connection.php:435)
[stacktrace]
#0 /Users/primesysindia/priyanshuprimesys/PersonalFolder/projects/pharmacy-erp-blueprint/doctor-erp/apps/admin-api/vendor/laravel/framework/src/Illuminate/Database/Connection.php(435): PDO->prepare('select * from `...')
#1 /Users/primesysindia/priyanshuprimesys/PersonalFolder/projects/pharmacy-erp-blueprint/doctor-erp/apps/admin-api/vendor/laravel/framework/src/Illuminate/Database/Connection.php(846): Illuminate\\Database\\Connection->{closure:Illuminate\\Database\\Connection::select():426}('select * from `...', Array)
#2 /Users/primesysindia/priyanshuprimesys/PersonalFolder/projects/pharmacy-erp-blueprint/doctor-erp/apps/admin-api/vendor/laravel/framework/src/Illuminate/Database/Connection.php(813): Illuminate\\Database\\Connection->runQueryCallback('select * from `...', Array, Object(Closure))
#3 /Users/primesysindia/priyanshuprimesys/PersonalFolder/projects/pharmacy-erp-blueprint/doctor-erp/apps/admin-api/vendor/laravel/framework/src/Illuminate/Database/Connection.php(426): Illuminate\\Database\\Connection->run('select * from `...', Array, Object(Closure))
#4 /Users/primesysindia/priyanshuprimesys/PersonalFolder/projects/pharmacy-erp-blueprint/doctor-erp/apps/admin-api/vendor/laravel/framework/src/Illuminate/Database/Query/Builder.php(3629): Illuminate\\Database\\Connection->select('select * from `...', Array, false, Array)
#5 /Users/primesysindia/priyanshuprimesys/PersonalFolder/projects/pharmacy-erp-blueprint/doctor-erp/apps/admin-api/vendor/laravel/framework/src/Illuminate/Database/Query/Builder.php(3613): Illuminate\\Database\\Query\\Builder->runSelect()
#6 /Users/primesysindia/priyanshuprimesys/PersonalFolder/projects/pharmacy-erp-blueprint/doctor-erp/apps/admin-api/vendor/laravel/framework/src/Illuminate/Database/Concerns/BuildsQueries.php(366): Illuminate\\Database\\Query\\Builder->get(Array)
#7 /Users/primesysindia/priyanshuprimesys/PersonalFolder/projects/pharmacy-erp-blueprint/doctor-erp/apps/admin-api/vendor/laravel/framework/src/Illuminate/Database/Query/Builder.php(3531): Illuminate\\Database\\Query\\Builder->first(Array)
#8 /Users/primesysindia/priyanshuprimesys/PersonalFolder/projects/pharmacy-erp-blueprint/doctor-erp/apps/admin-api/vendor/laravel/framework/src/Illuminate/Session/DatabaseSessionHandler.php(96): Illuminate\\Database\\Query\\Builder->find('FLBcsuHg9u7PLyp...')
#9 /Users/primesysindia/priyanshuprimesys/PersonalFolder/projects/pharmacy-erp-blueprint/doctor-erp/apps/admin-api/vendor/laravel/framework/src/Illuminate/Session/Store.php(128): Illuminate\\Session\\DatabaseSessionHandler->read('FLBcsuHg9u7PLyp...')
#10 /Users/primesysindia/priyanshuprimesys/PersonalFolder/projects/pharmacy-erp-blueprint/doctor-erp/apps/admin-api/vendor/laravel/framework/src/Illuminate/Session/Store.php(116): Illuminate\\Session\\Store->readFromHandler()
#11 /Users/primesysindia/priyanshuprimesys/PersonalFolder/projects/pharmacy-erp-blueprint/doctor-erp/apps/admin-api/vendor/laravel/framework/src/Illuminate/Session/Store.php(100): Illuminate\\Session\\Store->loadSession()
#12 /Users/primesysindia/priyanshuprimesys/PersonalFolder/projects/pharmacy-erp-blueprint/doctor-erp/apps/admin-api/vendor/laravel/framework/src/Illuminate/Session/Middleware/StartSession.php(146): Illuminate\\Session\\Store->start()
#13 /Users/primesysindia/priyanshuprimesys/PersonalFolder/projects/pharmacy-erp-blueprint/doctor-erp/apps/admin-api/vendor/laravel/framework/src/Illuminate/Support/helpers.php(393): Illuminate\\Session\\Middleware\\StartSession->{closure:Illuminate\\Session\\Middleware\\StartSession::startSession():143}(Object(Illuminate\\Session\\Store))
#14 /Users/primesysindia/priyanshuprimesys/PersonalFolder/projects/pharmacy-erp-blueprint/doctor-erp/apps/admin-api/vendor/laravel/framework/src/Illuminate/Session/Middleware/StartSession.php(143): tap(Object(Illuminate\\Session\\Store), Object(Closure))
#15 /Users/primesysindia/priyanshuprimesys/PersonalFolder/projects/pharmacy-erp-blueprint/doctor-erp/apps/admin-api/vendor/laravel/framework/src/Illuminate/Session/Middleware/StartSession.php(115): Illuminate\\Session\\Middleware\\StartSession->startSession(Object(Illuminate\\Http\\Request), Object(Illuminate\\Session\\Store))
#16 /Users/primesysindia/priyanshuprimesys/PersonalFolder/projects/pharmacy-erp-blueprint/doctor-erp/apps/admin-api/vendor/laravel/framework/src/Illuminate/Session/Middleware/StartSession.php(63): Illuminate\\Session\\Middleware\\StartSession->handleStatefulRequest(Object(Illuminate\\Http\\Request), Object(Illuminate\\Session\\Store), Object(Closure))
#17 /Users/primesysindia/priyanshuprimesys/PersonalFolder/projects/pharmacy-erp-blueprint/doctor-erp/apps/admin-api/vendor/laravel/framework/src/Illuminate/Pipeline/Pipeline.php(219): Illuminate\\Session\\Middleware\\StartSession->handle(Object(Illuminate\\Http\\Request), Object(Closure))
#18 /Users/primesysindia/priyanshuprimesys/PersonalFolder/projects/pharmacy-erp-blueprint/doctor-erp/apps/admin-api/vendor/laravel/framework/src/Illuminate/Cookie/Middleware/AddQueuedCookiesToResponse.php(36): Illuminate\\Pipeline\\Pipeline->{closure:{closure:Illuminate\\Pipeline\\Pipeline::carry():194}:195}(Object(Illuminate\\Http\\Request))
#19 /Users/primesysindia/priyanshuprimesys/PersonalFolder/projects/pharmacy-erp-blueprint/doctor-erp/apps/admin-api/vendor/laravel/framework/src/Illuminate/Pipeline/Pipeline.php(219): Illuminate\\Cookie\\Middleware\\AddQueuedCookiesToResponse->handle(Object(Illuminate\\Http\\Request), Object(Closure))
#20 /Users/primesysindia/priyanshuprimesys/PersonalFolder/projects/pharmacy-erp-blueprint/doctor-erp/apps/admin-api/vendor/laravel/framework/src/Illuminate/Cookie/Middleware/EncryptCookies.php(74): Illuminate\\Pipeline\\Pipeline->{closure:{closure:Illuminate\\Pipeline\\Pipeline::carry():194}:195}(Object(Illuminate\\Http\\Request))
#21 /Users/primesysindia/priyanshuprimesys/PersonalFolder/projects/pharmacy-erp-blueprint/doctor-erp/apps/admin-api/vendor/laravel/framework/src/Illuminate/Pipeline/Pipeline.php(219): Illuminate\\Cookie\\Middleware\\EncryptCookies->handle(Object(Illuminate\\Http\\Request), Object(Closure))
#22 /Users/primesysindia/priyanshuprimesys/PersonalFolder/projects/pharmacy-erp-blueprint/doctor-erp/apps/admin-api/vendor/laravel/framework/src/Illuminate/Pipeline/Pipeline.php(137): Illuminate\\Pipeline\\Pipeline->{closure:{closure:Illuminate\\Pipeline\\Pipeline::carry():194}:195}(Object(Illuminate\\Http\\Request))
#23 /Users/primesysindia/priyanshuprimesys/PersonalFolder/projects/pharmacy-erp-blueprint/doctor-erp/apps/admin-api/vendor/laravel/framework/src/Illuminate/Routing/Router.php(821): Illuminate\\Pipeline\\Pipeline->then(Object(Closure))
#24 /Users/primesysindia/priyanshuprimesys/PersonalFolder/projects/pharmacy-erp-blueprint/doctor-erp/apps/admin-api/vendor/laravel/framework/src/Illuminate/Routing/Router.php(800): Illuminate\\Routing\\Router->runRouteWithinStack(Object(Illuminate\\Routing\\Route), Object(Illuminate\\Http\\Request))
#25 /Users/primesysindia/priyanshuprimesys/PersonalFolder/projects/pharmacy-erp-blueprint/doctor-erp/apps/admin-api/vendor/laravel/framework/src/Illuminate/Routing/Router.php(764): Illuminate\\Routing\\Router->runRoute(Object(Illuminate\\Http\\Request), Object(Illuminate\\Routing\\Route))
#26 /Users/primesysindia/priyanshuprimesys/PersonalFolder/projects/pharmacy-erp-blueprint/doctor-erp/apps/admin-api/vendor/laravel/framework/src/Illuminate/Routing/Router.php(753): Illuminate\\Routing\\Router->dispatchToRoute(Object(Illuminate\\Http\\Request))
#27 /Users/primesysindia/priyanshuprimesys/PersonalFolder/projects/pharmacy-erp-blueprint/doctor-erp/apps/admin-api/vendor/laravel/framework/src/Illuminate/Foundation/Http/Kernel.php(200): Illuminate\\Routing\\Router->dispatch(Object(Illuminate\\Http\\Request))
#28 /Users/primesysindia/priyanshuprimesys/PersonalFolder/projects/pharmacy-erp-blueprint/doctor-erp/apps/admin-api/vendor/laravel/framework/src/Illuminate/Pipeline/Pipeline.php(180): Illuminate\\Foundation\\Http\\Kernel->{closure:Illuminate\\Foundation\\Http\\Kernel::dispatchToRouter():197}(Object(Illuminate\\Http\\Request))
#29 /Users/primesysindia/priyanshuprimesys/PersonalFolder/projects/pharmacy-erp-blueprint/doctor-erp/apps/admin-api/vendor/laravel/framework/src/Illuminate/Foundation/Http/Middleware/TransformsRequest.php(21): Illuminate\\Pipeline\\Pipeline->{closure:Illuminate\\Pipeline\\Pipeline::prepareDestination():178}(Object(Illuminate\\Http\\Request))
#30 /Users/primesysindia/priyanshuprimesys/PersonalFolder/projects/pharmacy-erp-blueprint/doctor-erp/apps/admin-api/vendor/laravel/framework/src/Illuminate/Foundation/Http/Middleware/ConvertEmptyStringsToNull.php(31): Illuminate\\Foundation\\Http\\Middleware\\TransformsRequest->handle(Object(Illuminate\\Http\\Request), Object(Closure))
#31 /Users/primesysindia/priyanshuprimesys/PersonalFolder/projects/pharmacy-erp-blueprint/doctor-erp/apps/admin-api/vendor/laravel/framework/src/Illuminate/Pipeline/Pipeline.php(219): Illuminate\\Foundation\\Http\\Middleware\\ConvertEmptyStringsToNull->handle(Object(Illuminate\\Http\\Request), Object(Closure))
#32 /Users/primesysindia/priyanshuprimesys/PersonalFolder/projects/pharmacy-erp-blueprint/doctor-erp/apps/admin-api/vendor/laravel/framework/src/Illuminate/Foundation/Http/Middleware/TransformsRequest.php(21): Illuminate\\Pipeline\\Pipeline->{closure:{closure:Illuminate\\Pipeline\\Pipeline::carry():194}:195}(Object(Illuminate\\Http\\Request))
#33 /Users/primesysindia/priyanshuprimesys/PersonalFolder/projects/pharmacy-erp-blueprint/doctor-erp/apps/admin-api/vendor/laravel/framework/src/Illuminate/Foundation/Http/Middleware/TrimStrings.php(51): Illuminate\\Foundation\\Http\\Middleware\\TransformsRequest->handle(Object(Illuminate\\Http\\Request), Object(Closure))
#34 /Users/primesysindia/priyanshuprimesys/PersonalFolder/projects/pharmacy-erp-blueprint/doctor-erp/apps/admin-api/vendor/laravel/framework/src/Illuminate/Pipeline/Pipeline.php(219): Illuminate\\Foundation\\Http\\Middleware\\TrimStrings->handle(Object(Illuminate\\Http\\Request), Object(Closure))
#35 /Users/primesysindia/priyanshuprimesys/PersonalFolder/projects/pharmacy-erp-blueprint/doctor-erp/apps/admin-api/vendor/laravel/framework/src/Illuminate/Http/Middleware/ValidatePostSize.php(27): Illuminate\\Pipeline\\Pipeline->{closure:{closure:Illuminate\\Pipeline\\Pipeline::carry():194}:195}(Object(Illuminate\\Http\\Request))
#36 /Users/primesysindia/priyanshuprimesys/PersonalFolder/projects/pharmacy-erp-blueprint/doctor-erp/apps/admin-api/vendor/laravel/framework/src/Illuminate/Pipeline/Pipeline.php(219): Illuminate\\Http\\Middleware\\ValidatePostSize->handle(Object(Illuminate\\Http\\Request), Object(Closure))
#37 /Users/primesysindia/priyanshuprimesys/PersonalFolder/projects/pharmacy-erp-blueprint/doctor-erp/apps/admin-api/vendor/laravel/framework/src/Illuminate/Foundation/Http/Middleware/PreventRequestsDuringMaintenance.php(110): Illuminate\\Pipeline\\Pipeline->{closure:{closure:Illuminate\\Pipeline\\Pipeline::carry():194}:195}(Object(Illuminate\\Http\\Request))
#38 /Users/primesysindia/priyanshuprimesys/PersonalFolder/projects/pharmacy-erp-blueprint/doctor-erp/apps/admin-api/vendor/laravel/framework/src/Illuminate/Pipeline/Pipeline.php(219): Illuminate\\Foundation\\Http\\Middleware\\PreventRequestsDuringMaintenance->handle(Object(Illuminate\\Http\\Request), Object(Closure))
#39 /Users/primesysindia/priyanshuprimesys/PersonalFolder/projects/pharmacy-erp-blueprint/doctor-erp/apps/admin-api/vendor/laravel/framework/src/Illuminate/Http/Middleware/HandleCors.php(61): Illuminate\\Pipeline\\Pipeline->{closure:{closure:Illuminate\\Pipeline\\Pipeline::carry():194}:195}(Object(Illuminate\\Http\\Request))
#40 /Users/primesysindia/priyanshuprimesys/PersonalFolder/projects/pharmacy-erp-blueprint/doctor-erp/apps/admin-api/vendor/laravel/framework/src/Illuminate/Pipeline/Pipeline.php(219): Illuminate\\Http\\Middleware\\HandleCors->handle(Object(Illuminate\\Http\\Request), Object(Closure))
#41 /Users/primesysindia/priyanshuprimesys/PersonalFolder/projects/pharmacy-erp-blueprint/doctor-erp/apps/admin-api/vendor/laravel/framework/src/Illuminate/Http/Middleware/TrustProxies.php(58): Illuminate\\Pipeline\\Pipeline->{closure:{closure:Illuminate\\Pipeline\\Pipeline::carry():194}:195}(Object(Illuminate\\Http\\Request))
#42 /Users/primesysindia/priyanshuprimesys/PersonalFolder/projects/pharmacy-erp-blueprint/doctor-erp/apps/admin-api/vendor/laravel/framework/src/Illuminate/Pipeline/Pipeline.php(219): Illuminate\\Http\\Middleware\\TrustProxies->handle(Object(Illuminate\\Http\\Request), Object(Closure))
#43 /Users/primesysindia/priyanshuprimesys/PersonalFolder/projects/pharmacy-erp-blueprint/doctor-erp/apps/admin-api/vendor/laravel/framework/src/Illuminate/Foundation/Http/Middleware/InvokeDeferredCallbacks.php(22): Illuminate\\Pipeline\\Pipeline->{closure:{closure:Illuminate\\Pipeline\\Pipeline::carry():194}:195}(Object(Illuminate\\Http\\Request))
#44 /Users/primesysindia/priyanshuprimesys/PersonalFolder/projects/pharmacy-erp-blueprint/doctor-erp/apps/admin-api/vendor/laravel/framework/src/Illuminate/Pipeline/Pipeline.php(219): Illuminate\\Foundation\\Http\\Middleware\\InvokeDeferredCallbacks->handle(Object(Illuminate\\Http\\Request), Object(Closure))
#45 /Users/primesysindia/priyanshuprimesys/PersonalFolder/projects/pharmacy-erp-blueprint/doctor-erp/apps/admin-api/vendor/laravel/framework/src/Illuminate/Http/Middleware/ValidatePathEncoding.php(28): Illuminate\\Pipeline\\Pipeline->{closure:{closure:Illuminate\\Pipeline\\Pipeline::carry():194}:195}(Object(Illuminate\\Http\\Request))
#46 /Users/primesysindia/priyanshuprimesys/PersonalFolder/projects/pharmacy-erp-blueprint/doctor-erp/apps/admin-api/vendor/laravel/framework/src/Illuminate/Pipeline/Pipeline.php(219): Illuminate\\Http\\Middleware\\ValidatePathEncoding->handle(Object(Illuminate\\Http\\Request), Object(Closure))
#47 /Users/primesysindia/priyanshuprimesys/PersonalFolder/projects/pharmacy-erp-blueprint/doctor-erp/apps/admin-api/vendor/laravel/framework/src/Illuminate/Pipeline/Pipeline.php(137): Illuminate\\Pipeline\\Pipeline->{closure:{closure:Illuminate\\Pipeline\\Pipeline::carry():194}:195}(Object(Illuminate\\Http\\Request))
#48 /Users/primesysindia/priyanshuprimesys/PersonalFolder/projects/pharmacy-erp-blueprint/doctor-erp/apps/admin-api/vendor/laravel/framework/src/Illuminate/Foundation/Http/Kernel.php(175): Illuminate\\Pipeline\\Pipeline->then(Object(Closure))
#49 /Users/primesysindia/priyanshuprimesys/PersonalFolder/projects/pharmacy-erp-blueprint/doctor-erp/apps/admin-api/vendor/laravel/framework/src/Illuminate/Foundation/Http/Kernel.php(144): Illuminate\\Foundation\\Http\\Kernel->sendRequestThroughRouter(Object(Illuminate\\Http\\Request))
#50 /Users/primesysindia/priyanshuprimesys/PersonalFolder/projects/pharmacy-erp-blueprint/doctor-erp/apps/admin-api/vendor/laravel/framework/src/Illuminate/Foundation/Application.php(1227): Illuminate\\Foundation\\Http\\Kernel->handle(Object(Illuminate\\Http\\Request))
#51 /Users/primesysindia/priyanshuprimesys/PersonalFolder/projects/pharmacy-erp-blueprint/doctor-erp/apps/admin-api/public/index.php(20): Illuminate\\Foundation\\Application->handleRequest(Object(Illuminate\\Http\\Request))
#52 /Users/primesysindia/.composer/vendor/laravel/valet/server.php(110): require('/Users/primesys...')
#53 {main}
"} 
[2026-08-29 06:46:23] local.ERROR: Route [login] not defined. {"exception":"[object] (Symfony\\Component\\Routing\\Exception\\RouteNotFoundException(code: 0): Route [login] not defined. at /Users/primesysindia/priyanshuprimesys/PersonalFolder/projects/pharmacy-erp-blueprint/doctor-erp/apps/admin-api/vendor/laravel/framework/src/Illuminate/Routing/UrlGenerator.php:542)
[stacktrace]
#0 /Users/primesysindia/priyanshuprimesys/PersonalFolder/projects/pharmacy-erp-blueprint/doctor-erp/apps/admin-api/vendor/laravel/framework/src/Illuminate/Foundation/helpers.php(870): Illuminate\\Routing\\UrlGenerator->route('login', Array, true)
#1 /Users/primesysindia/priyanshuprimesys/PersonalFolder/projects/pharmacy-erp-blueprint/doctor-erp/apps/admin-api/vendor/laravel/framework/src/Illuminate/Foundation/Configuration/ApplicationBuilder.php(291): route('login')
#2 [internal function]: Illuminate\\Foundation\\Configuration\\ApplicationBuilder->{closure:{closure:Illuminate\\Foundation\\Configuration\\ApplicationBuilder::withMiddleware():289}:291}(Object(Illuminate\\Http\\Request))
#3 /Users/primesysindia/priyanshuprimesys/PersonalFolder/projects/pharmacy-erp-blueprint/doctor-erp/apps/admin-api/vendor/laravel/framework/src/Illuminate/Auth/Middleware/Authenticate.php(117): call_user_func(Object(Closure), Object(Illuminate\\Http\\Request))
#4 /Users/primesysindia/priyanshuprimesys/PersonalFolder/projects/pharmacy-erp-blueprint/doctor-erp/apps/admin-api/vendor/laravel/framework/src/Illuminate/Auth/Middleware/Authenticate.php(104): Illuminate\\Auth\\Middleware\\Authenticate->redirectTo(Object(Illuminate\\Http\\Request))
#5 /Users/primesysindia/priyanshuprimesys/PersonalFolder/projects/pharmacy-erp-blueprint/doctor-erp/apps/admin-api/vendor/laravel/framework/src/Illuminate/Auth/Middleware/Authenticate.php(87): Illuminate\\Auth\\Middleware\\Authenticate->unauthenticated(Object(Illuminate\\Http\\Request), Array)
#6 /Users/primesysindia/priyanshuprimesys/PersonalFolder/projects/pharmacy-erp-blueprint/doctor-erp/apps/admin-api/vendor/laravel/framework/src/Illuminate/Auth/Middleware/Authenticate.php(61): Illuminate\\Auth\\Middleware\\Authenticate->authenticate(Object(Illuminate\\Http\\Request), Array)
#7 /Users/primesysindia/priyanshuprimesys/PersonalFolder/projects/pharmacy-erp-blueprint/doctor-erp/apps/admin-api/vendor/laravel/framework/src/Illuminate/Pipeline/Pipeline.php(219): Illuminate\\Auth\\Middleware\\Authenticate->handle(Object(Illuminate\\Http\\Request), Object(Closure), 'jwt')
#8 /Users/primesysindia/priyanshuprimesys/PersonalFolder/projects/pharmacy-erp-blueprint/doctor-erp/apps/admin-api/vendor/laravel/framework/src/Illuminate/Pipeline/Pipeline.php(137): Illuminate\\Pipeline\\Pipeline->{closure:{closure:Illuminate\\Pipeline\\Pipeline::carry():194}:195}(Object(Illuminate\\Http\\Request))
#9 /Users/primesysindia/priyanshuprimesys/PersonalFolder/projects/pharmacy-erp-blueprint/doctor-erp/apps/admin-api/vendor/laravel/framework/src/Illuminate/Routing/Router.php(821): Illuminate\\Pipeline\\Pipeline->then(Object(Closure))
#10 /Users/primesysindia/priyanshuprimesys/PersonalFolder/projects/pharmacy-erp-blueprint/doctor-erp/apps/admin-api/vendor/laravel/framework/src/Illuminate/Routing/Router.php(800): Illuminate\\Routing\\Router->runRouteWithinStack(Object(Illuminate\\Routing\\Route), Object(Illuminate\\Http\\Request))
#11 /Users/primesysindia/priyanshuprimesys/PersonalFolder/projects/pharmacy-erp-blueprint/doctor-erp/apps/admin-api/vendor/laravel/framework/src/Illuminate/Routing/Router.php(764): Illuminate\\Routing\\Router->runRoute(Object(Illuminate\\Http\\Request), Object(Illuminate\\Routing\\Route))
#12 /Users/primesysindia/priyanshuprimesys/PersonalFolder/projects/pharmacy-erp-blueprint/doctor-erp/apps/admin-api/vendor/laravel/framework/src/Illuminate/Routing/Router.php(753): Illuminate\\Routing\\Router->dispatchToRoute(Object(Illuminate\\Http\\Request))
#13 /Users/primesysindia/priyanshuprimesys/PersonalFolder/projects/pharmacy-erp-blueprint/doctor-erp/apps/admin-api/vendor/laravel/framework/src/Illuminate/Foundation/Http/Kernel.php(200): Illuminate\\Routing\\Router->dispatch(Object(Illuminate\\Http\\Request))
#14 /Users/primesysindia/priyanshuprimesys/PersonalFolder/projects/pharmacy-erp-blueprint/doctor-erp/apps/admin-api/vendor/laravel/framework/src/Illuminate/Pipeline/Pipeline.php(180): Illuminate\\Foundation\\Http\\Kernel->{closure:Illuminate\\Foundation\\Http\\Kernel::dispatchToRouter():197}(Object(Illuminate\\Http\\Request))
#15 /Users/primesysindia/priyanshuprimesys/PersonalFolder/projects/pharmacy-erp-blueprint/doctor-erp/apps/admin-api/vendor/laravel/framework/src/Illuminate/Foundation/Http/Middleware/TransformsRequest.php(21): Illuminate\\Pipeline\\Pipeline->{closure:Illuminate\\Pipeline\\Pipeline::prepareDestination():178}(Object(Illuminate\\Http\\Request))
#16 /Users/primesysindia/priyanshuprimesys/PersonalFolder/projects/pharmacy-erp-blueprint/doctor-erp/apps/admin-api/vendor/laravel/framework/src/Illuminate/Foundation/Http/Middleware/ConvertEmptyStringsToNull.php(31): Illuminate\\Foundation\\Http\\Middleware\\TransformsRequest->handle(Object(Illuminate\\Http\\Request), Object(Closure))
#17 /Users/primesysindia/priyanshuprimesys/PersonalFolder/projects/pharmacy-erp-blueprint/doctor-erp/apps/admin-api/vendor/laravel/framework/src/Illuminate/Pipeline/Pipeline.php(219): Illuminate\\Foundation\\Http\\Middleware\\ConvertEmptyStringsToNull->handle(Object(Illuminate\\Http\\Request), Object(Closure))
#18 /Users/primesysindia/priyanshuprimesys/PersonalFolder/projects/pharmacy-erp-blueprint/doctor-erp/apps/admin-api/vendor/laravel/framework/src/Illuminate/Foundation/Http/Middleware/TransformsRequest.php(21): Illuminate\\Pipeline\\Pipeline->{closure:{closure:Illuminate\\Pipeline\\Pipeline::carry():194}:195}(Object(Illuminate\\Http\\Request))
#19 /Users/primesysindia/priyanshuprimesys/PersonalFolder/projects/pharmacy-erp-blueprint/doctor-erp/apps/admin-api/vendor/laravel/framework/src/Illuminate/Foundation/Http/Middleware/TrimStrings.php(51): Illuminate\\Foundation\\Http\\Middleware\\TransformsRequest->handle(Object(Illuminate\\Http\\Request), Object(Closure))
#20 /Users/primesysindia/priyanshuprimesys/PersonalFolder/projects/pharmacy-erp-blueprint/doctor-erp/apps/admin-api/vendor/laravel/framework/src/Illuminate/Pipeline/Pipeline.php(219): Illuminate\\Foundation\\Http\\Middleware\\TrimStrings->handle(Object(Illuminate\\Http\\Request), Object(Closure))
#21 /Users/primesysindia/priyanshuprimesys/PersonalFolder/projects/pharmacy-erp-blueprint/doctor-erp/apps/admin-api/vendor/laravel/framework/src/Illuminate/Http/Middleware/ValidatePostSize.php(27): Illuminate\\Pipeline\\Pipeline->{closure:{closure:Illuminate\\Pipeline\\Pipeline::carry():194}:195}(Object(Illuminate\\Http\\Request))
#22 /Users/primesysindia/priyanshuprimesys/PersonalFolder/projects/pharmacy-erp-blueprint/doctor-erp/apps/admin-api/vendor/laravel/framework/src/Illuminate/Pipeline/Pipeline.php(219): Illuminate\\Http\\Middleware\\ValidatePostSize->handle(Object(Illuminate\\Http\\Request), Object(Closure))
#23 /Users/primesysindia/priyanshuprimesys/PersonalFolder/projects/pharmacy-erp-blueprint/doctor-erp/apps/admin-api/vendor/laravel/framework/src/Illuminate/Foundation/Http/Middleware/PreventRequestsDuringMaintenance.php(110): Illuminate\\Pipeline\\Pipeline->{closure:{closure:Illuminate\\Pipeline\\Pipeline::carry():194}:195}(Object(Illuminate\\Http\\Request))
#24 /Users/primesysindia/priyanshuprimesys/PersonalFolder/projects/pharmacy-erp-blueprint/doctor-erp/apps/admin-api/vendor/laravel/framework/src/Illuminate/Pipeline/Pipeline.php(219): Illuminate\\Foundation\\Http\\Middleware\\PreventRequestsDuringMaintenance->handle(Object(Illuminate\\Http\\Request), Object(Closure))
#25 /Users/primesysindia/priyanshuprimesys/PersonalFolder/projects/pharmacy-erp-blueprint/doctor-erp/apps/admin-api/vendor/laravel/framework/src/Illuminate/Http/Middleware/HandleCors.php(74): Illuminate\\Pipeline\\Pipeline->{closure:{closure:Illuminate\\Pipeline\\Pipeline::carry():194}:195}(Object(Illuminate\\Http\\Request))
#26 /Users/primesysindia/priyanshuprimesys/PersonalFolder/projects/pharmacy-erp-blueprint/doctor-erp/apps/admin-api/vendor/laravel/framework/src/Illuminate/Pipeline/Pipeline.php(219): Illuminate\\Http\\Middleware\\HandleCors->handle(Object(Illuminate\\Http\\Request), Object(Closure))
#27 /Users/primesysindia/priyanshuprimesys/PersonalFolder/projects/pharmacy-erp-blueprint/doctor-erp/apps/admin-api/vendor/laravel/framework/src/Illuminate/Http/Middleware/TrustProxies.php(58): Illuminate\\Pipeline\\Pipeline->{closure:{closure:Illuminate\\Pipeline\\Pipeline::carry():194}:195}(Object(Illuminate\\Http\\Request))
#28 /Users/primesysindia/priyanshuprimesys/PersonalFolder/projects/pharmacy-erp-blueprint/doctor-erp/apps/admin-api/vendor/laravel/framework/src/Illuminate/Pipeline/Pipeline.php(219): Illuminate\\Http\\Middleware\\TrustProxies->handle(Object(Illuminate\\Http\\Request), Object(Closure))
#29 /Users/primesysindia/priyanshuprimesys/PersonalFolder/projects/pharmacy-erp-blueprint/doctor-erp/apps/admin-api/vendor/laravel/framework/src/Illuminate/Foundation/Http/Middleware/InvokeDeferredCallbacks.php(22): Illuminate\\Pipeline\\Pipeline->{closure:{closure:Illuminate\\Pipeline\\Pipeline::carry():194}:195}(Object(Illuminate\\Http\\Request))
#30 /Users/primesysindia/priyanshuprimesys/PersonalFolder/projects/pharmacy-erp-blueprint/doctor-erp/apps/admin-api/vendor/laravel/framework/src/Illuminate/Pipeline/Pipeline.php(219): Illuminate\\Foundation\\Http\\Middleware\\InvokeDeferredCallbacks->handle(Object(Illuminate\\Http\\Request), Object(Closure))
#31 /Users/primesysindia/priyanshuprimesys/PersonalFolder/projects/pharmacy-erp-blueprint/doctor-erp/apps/admin-api/vendor/laravel/framework/src/Illuminate/Http/Middleware/ValidatePathEncoding.php(28): Illuminate\\Pipeline\\Pipeline->{closure:{closure:Illuminate\\Pipeline\\Pipeline::carry():194}:195}(Object(Illuminate\\Http\\Request))
#32 /Users/primesysindia/priyanshuprimesys/PersonalFolder/projects/pharmacy-erp-blueprint/doctor-erp/apps/admin-api/vendor/laravel/framework/src/Illuminate/Pipeline/Pipeline.php(219): Illuminate\\Http\\Middleware\\ValidatePathEncoding->handle(Object(Illuminate\\Http\\Request), Object(Closure))
#33 /Users/primesysindia/priyanshuprimesys/PersonalFolder/projects/pharmacy-erp-blueprint/doctor-erp/apps/admin-api/vendor/laravel/framework/src/Illuminate/Pipeline/Pipeline.php(137): Illuminate\\Pipeline\\Pipeline->{closure:{closure:Illuminate\\Pipeline\\Pipeline::carry():194}:195}(Object(Illuminate\\Http\\Request))
#34 /Users/primesysindia/priyanshuprimesys/PersonalFolder/projects/pharmacy-erp-blueprint/doctor-erp/apps/admin-api/vendor/laravel/framework/src/Illuminate/Foundation/Http/Kernel.php(175): Illuminate\\Pipeline\\Pipeline->then(Object(Closure))
#35 /Users/primesysindia/priyanshuprimesys/PersonalFolder/projects/pharmacy-erp-blueprint/doctor-erp/apps/admin-api/vendor/laravel/framework/src/Illuminate/Foundation/Http/Kernel.php(144): Illuminate\\Foundation\\Http\\Kernel->sendRequestThroughRouter(Object(Illuminate\\Http\\Request))
#36 /Users/primesysindia/priyanshuprimesys/PersonalFolder/projects/pharmacy-erp-blueprint/doctor-erp/apps/admin-api/vendor/laravel/framework/src/Illuminate/Foundation/Application.php(1227): Illuminate\\Foundation\\Http\\Kernel->handle(Object(Illuminate\\Http\\Request))
#37 /Users/primesysindia/priyanshuprimesys/PersonalFolder/projects/pharmacy-erp-blueprint/doctor-erp/apps/admin-api/public/index.php(20): Illuminate\\Foundation\\Application->handleRequest(Object(Illuminate\\Http\\Request))
#38 /Users/primesysindia/priyanshuprimesys/PersonalFolder/projects/pharmacy-erp-blueprint/doctor-erp/apps/admin-api/vendor/laravel/framework/src/Illuminate/Foundation/resources/server.php(23): require_once('/Users/primesys...')
#39 {main}
"} 
[2026-08-29 08:12:28] local.ERROR: SQLSTATE[HY000]: General error: 1364 Field 'user_id' doesn't have a default value (Connection: mysql, Host: 127.0.0.1, Port: 3306, Database: opdadmin, SQL: insert into `employees` (`first_name`, `last_name`, `email`, `department_id`, `designation_id`, `created_at`, `updated_at`) values (Aarav, Sharma, aarav@opderp.com, 1, 1, 2026-08-29 08:12:28, 2026-08-29 08:12:28)) {"userId":1,"exception":"[object] (Illuminate\\Database\\QueryException(code: HY000): SQLSTATE[HY000]: General error: 1364 Field 'user_id' doesn't have a default value (Connection: mysql, Host: 127.0.0.1, Port: 3306, Database: opdadmin, SQL: insert into `employees` (`first_name`, `last_name`, `email`, `department_id`, `designation_id`, `created_at`, `updated_at`) values (Aarav, Sharma, aarav@opderp.com, 1, 1, 2026-08-29 08:12:28, 2026-08-29 08:12:28)) at /Users/primesysindia/priyanshuprimesys/PersonalFolder/projects/pharmacy-erp-blueprint/doctor-erp/apps/admin-api/vendor/laravel/framework/src/Illuminate/Database/Connection.php:857)
[stacktrace]
#0 /Users/primesysindia/priyanshuprimesys/PersonalFolder/projects/pharmacy-erp-blueprint/doctor-erp/apps/admin-api/vendor/laravel/framework/src/Illuminate/Database/Connection.php(813): Illuminate\\Database\\Connection->runQueryCallback('insert into `em...', Array, Object(Closure))
#1 /Users/primesysindia/priyanshuprimesys/PersonalFolder/projects/pharmacy-erp-blueprint/doctor-erp/apps/admin-api/vendor/laravel/framework/src/Illuminate/Database/MySqlConnection.php(42): Illuminate\\Database\\Connection->run('insert into `em...', Array, Object(Closure))
#2 /Users/primesysindia/priyanshuprimesys/PersonalFolder/projects/pharmacy-erp-blueprint/doctor-erp/apps/admin-api/vendor/laravel/framework/src/Illuminate/Database/Query/Processors/MySqlProcessor.php(35): Illuminate\\Database\\MySqlConnection->insert('insert into `em...', Array, NULL)
#3 /Users/primesysindia/priyanshuprimesys/PersonalFolder/projects/pharmacy-erp-blueprint/doctor-erp/apps/admin-api/vendor/laravel/framework/src/Illuminate/Database/Query/Builder.php(4313): Illuminate\\Database\\Query\\Processors\\MySqlProcessor->processInsertGetId(Object(Illuminate\\Database\\Query\\Builder), 'insert into `em...', Array, NULL)
#4 /Users/primesysindia/priyanshuprimesys/PersonalFolder/projects/pharmacy-erp-blueprint/doctor-erp/apps/admin-api/Modules/Employee/Services/EmployeeService.php(52): Illuminate\\Database\\Query\\Builder->insertGetId(Array)
#5 /Users/primesysindia/priyanshuprimesys/PersonalFolder/projects/pharmacy-erp-blueprint/doctor-erp/apps/admin-api/Modules/Employee/Controllers/EmployeeController.php(24): Modules\\Employee\\Services\\EmployeeService->store(Object(Modules\\Employee\\Http\\Requests\\StoreEmployeeRequest))
#6 /Users/primesysindia/priyanshuprimesys/PersonalFolder/projects/pharmacy-erp-blueprint/doctor-erp/apps/admin-api/vendor/laravel/framework/src/Illuminate/Routing/ControllerDispatcher.php(46): Modules\\Employee\\Controllers\\EmployeeController->store(Object(Modules\\Employee\\Http\\Requests\\StoreEmployeeRequest))
#7 /Users/primesysindia/priyanshuprimesys/PersonalFolder/projects/pharmacy-erp-blueprint/doctor-erp/apps/admin-api/vendor/laravel/framework/src/Illuminate/Routing/Route.php(276): Illuminate\\Routing\\ControllerDispatcher->dispatch(Object(Illuminate\\Routing\\Route), Object(Modules\\Employee\\Controllers\\EmployeeController), 'store')
#8 /Users/primesysindia/priyanshuprimesys/PersonalFolder/projects/pharmacy-erp-blueprint/doctor-erp/apps/admin-api/vendor/laravel/framework/src/Illuminate/Routing/Route.php(216): Illuminate\\Routing\\Route->runController()
#9 /Users/primesysindia/priyanshuprimesys/PersonalFolder/projects/pharmacy-erp-blueprint/doctor-erp/apps/admin-api/vendor/laravel/framework/src/Illuminate/Routing/Router.php(822): Illuminate\\Routing\\Route->run()
#10 /Users/primesysindia/priyanshuprimesys/PersonalFolder/projects/pharmacy-erp-blueprint/doctor-erp/apps/admin-api/vendor/laravel/framework/src/Illuminate/Pipeline/Pipeline.php(180): Illuminate\\Routing\\Router->{closure:Illuminate\\Routing\\Router::runRouteWithinStack():821}(Object(Illuminate\\Http\\Request))
#11 /Users/primesysindia/priyanshuprimesys/PersonalFolder/projects/pharmacy-erp-blueprint/doctor-erp/apps/admin-api/vendor/laravel/framework/src/Illuminate/Routing/Middleware/SubstituteBindings.php(52): Illuminate\\Pipeline\\Pipeline->{closure:Illuminate\\Pipeline\\Pipeline::prepareDestination():178}(Object(Illuminate\\Http\\Request))
#12 /Users/primesysindia/priyanshuprimesys/PersonalFolder/projects/pharmacy-erp-blueprint/doctor-erp/apps/admin-api/vendor/laravel/framework/src/Illuminate/Pipeline/Pipeline.php(219): Illuminate\\Routing\\Middleware\\SubstituteBindings->handle(Object(Illuminate\\Http\\Request), Object(Closure))
#13 /Users/primesysindia/priyanshuprimesys/PersonalFolder/projects/pharmacy-erp-blueprint/doctor-erp/apps/admin-api/vendor/laravel/framework/src/Illuminate/Auth/Middleware/Authenticate.php(63): Illuminate\\Pipeline\\Pipeline->{closure:{closure:Illuminate\\Pipeline\\Pipeline::carry():194}:195}(Object(Illuminate\\Http\\Request))
#14 /Users/primesysindia/priyanshuprimesys/PersonalFolder/projects/pharmacy-erp-blueprint/doctor-erp/apps/admin-api/vendor/laravel/framework/src/Illuminate/Pipeline/Pipeline.php(219): Illuminate\\Auth\\Middleware\\Authenticate->handle(Object(Illuminate\\Http\\Request), Object(Closure), 'jwt')
#15 /Users/primesysindia/priyanshuprimesys/PersonalFolder/projects/pharmacy-erp-blueprint/doctor-erp/apps/admin-api/vendor/laravel/framework/src/Illuminate/Pipeline/Pipeline.php(137): Illuminate\\Pipeline\\Pipeline->{closure:{closure:Illuminate\\Pipeline\\Pipeline::carry():194}:195}(Object(Illuminate\\Http\\Request))
#16 /Users/primesysindia/priyanshuprimesys/PersonalFolder/projects/pharmacy-erp-blueprint/doctor-erp/apps/admin-api/vendor/laravel/framework/src/Illuminate/Routing/Router.php(821): Illuminate\\Pipeline\\Pipeline->then(Object(Closure))
#17 /Users/primesysindia/priyanshuprimesys/PersonalFolder/projects/pharmacy-erp-blueprint/doctor-erp/apps/admin-api/vendor/laravel/framework/src/Illuminate/Routing/Router.php(800): Illuminate\\Routing\\Router->runRouteWithinStack(Object(Illuminate\\Routing\\Route), Object(Illuminate\\Http\\Request))
#18 /Users/primesysindia/priyanshuprimesys/PersonalFolder/projects/pharmacy-erp-blueprint/doctor-erp/apps/admin-api/vendor/laravel/framework/src/Illuminate/Routing/Router.php(764): Illuminate\\Routing\\Router->runRoute(Object(Illuminate\\Http\\Request), Object(Illuminate\\Routing\\Route))
#19 /Users/primesysindia/priyanshuprimesys/PersonalFolder/projects/pharmacy-erp-blueprint/doctor-erp/apps/admin-api/vendor/laravel/framework/src/Illuminate/Routing/Router.php(753): Illuminate\\Routing\\Router->dispatchToRoute(Object(Illuminate\\Http\\Request))
#20 /Users/primesysindia/priyanshuprimesys/PersonalFolder/projects/pharmacy-erp-blueprint/doctor-erp/apps/admin-api/vendor/laravel/framework/src/Illuminate/Foundation/Http/Kernel.php(200): Illuminate\\Routing\\Router->dispatch(Object(Illuminate\\Http\\Request))
#21 /Users/primesysindia/priyanshuprimesys/PersonalFolder/projects/pharmacy-erp-blueprint/doctor-erp/apps/admin-api/vendor/laravel/framework/src/Illuminate/Pipeline/Pipeline.php(180): Illuminate\\Foundation\\Http\\Kernel->{closure:Illuminate\\Foundation\\Http\\Kernel::dispatchToRouter():197}(Object(Illuminate\\Http\\Request))
#22 /Users/primesysindia/priyanshuprimesys/PersonalFolder/projects/pharmacy-erp-blueprint/doctor-erp/apps/admin-api/vendor/laravel/framework/src/Illuminate/Foundation/Http/Middleware/TransformsRequest.php(21): Illuminate\\Pipeline\\Pipeline->{closure:Illuminate\\Pipeline\\Pipeline::prepareDestination():178}(Object(Illuminate\\Http\\Request))
#23 /Users/primesysindia/priyanshuprimesys/PersonalFolder/projects/pharmacy-erp-blueprint/doctor-erp/apps/admin-api/vendor/laravel/framework/src/Illuminate/Foundation/Http/Middleware/ConvertEmptyStringsToNull.php(31): Illuminate\\Foundation\\Http\\Middleware\\TransformsRequest->handle(Object(Illuminate\\Http\\Request), Object(Closure))
#24 /Users/primesysindia/priyanshuprimesys/PersonalFolder/projects/pharmacy-erp-blueprint/doctor-erp/apps/admin-api/vendor/laravel/framework/src/Illuminate/Pipeline/Pipeline.php(219): Illuminate\\Foundation\\Http\\Middleware\\ConvertEmptyStringsToNull->handle(Object(Illuminate\\Http\\Request), Object(Closure))
#25 /Users/primesysindia/priyanshuprimesys/PersonalFolder/projects/pharmacy-erp-blueprint/doctor-erp/apps/admin-api/vendor/laravel/framework/src/Illuminate/Foundation/Http/Middleware/TransformsRequest.php(21): Illuminate\\Pipeline\\Pipeline->{closure:{closure:Illuminate\\Pipeline\\Pipeline::carry():194}:195}(Object(Illuminate\\Http\\Request))
#26 /Users/primesysindia/priyanshuprimesys/PersonalFolder/projects/pharmacy-erp-blueprint/doctor-erp/apps/admin-api/vendor/laravel/framework/src/Illuminate/Foundation/Http/Middleware/TrimStrings.php(51): Illuminate\\Foundation\\Http\\Middleware\\TransformsRequest->handle(Object(Illuminate\\Http\\Request), Object(Closure))
#27 /Users/primesysindia/priyanshuprimesys/PersonalFolder/projects/pharmacy-erp-blueprint/doctor-erp/apps/admin-api/vendor/laravel/framework/src/Illuminate/Pipeline/Pipeline.php(219): Illuminate\\Foundation\\Http\\Middleware\\TrimStrings->handle(Object(Illuminate\\Http\\Request), Object(Closure))
#28 /Users/primesysindia/priyanshuprimesys/PersonalFolder/projects/pharmacy-erp-blueprint/doctor-erp/apps/admin-api/vendor/laravel/framework/src/Illuminate/Http/Middleware/ValidatePostSize.php(27): Illuminate\\Pipeline\\Pipeline->{closure:{closure:Illuminate\\Pipeline\\Pipeline::carry():194}:195}(Object(Illuminate\\Http\\Request))
#29 /Users/primesysindia/priyanshuprimesys/PersonalFolder/projects/pharmacy-erp-blueprint/doctor-erp/apps/admin-api/vendor/laravel/framework/src/Illuminate/Pipeline/Pipeline.php(219): Illuminate\\Http\\Middleware\\ValidatePostSize->handle(Object(Illuminate\\Http\\Request), Object(Closure))
#30 /Users/primesysindia/priyanshuprimesys/PersonalFolder/projects/pharmacy-erp-blueprint/doctor-erp/apps/admin-api/vendor/laravel/framework/src/Illuminate/Foundation/Http/Middleware/PreventRequestsDuringMaintenance.php(110): Illuminate\\Pipeline\\Pipeline->{closure:{closure:Illuminate\\Pipeline\\Pipeline::carry():194}:195}(Object(Illuminate\\Http\\Request))
#31 /Users/primesysindia/priyanshuprimesys/PersonalFolder/projects/pharmacy-erp-blueprint/doctor-erp/apps/admin-api/vendor/laravel/framework/src/Illuminate/Pipeline/Pipeline.php(219): Illuminate\\Foundation\\Http\\Middleware\\PreventRequestsDuringMaintenance->handle(Object(Illuminate\\Http\\Request), Object(Closure))
#32 /Users/primesysindia/priyanshuprimesys/PersonalFolder/projects/pharmacy-erp-blueprint/doctor-erp/apps/admin-api/vendor/laravel/framework/src/Illuminate/Http/Middleware/HandleCors.php(74): Illuminate\\Pipeline\\Pipeline->{closure:{closure:Illuminate\\Pipeline\\Pipeline::carry():194}:195}(Object(Illuminate\\Http\\Request))
#33 /Users/primesysindia/priyanshuprimesys/PersonalFolder/projects/pharmacy-erp-blueprint/doctor-erp/apps/admin-api/vendor/laravel/framework/src/Illuminate/Pipeline/Pipeline.php(219): Illuminate\\Http\\Middleware\\HandleCors->handle(Object(Illuminate\\Http\\Request), Object(Closure))
#34 /Users/primesysindia/priyanshuprimesys/PersonalFolder/projects/pharmacy-erp-blueprint/doctor-erp/apps/admin-api/vendor/laravel/framework/src/Illuminate/Http/Middleware/TrustProxies.php(58): Illuminate\\Pipeline\\Pipeline->{closure:{closure:Illuminate\\Pipeline\\Pipeline::carry():194}:195}(Object(Illuminate\\Http\\Request))
#35 /Users/primesysindia/priyanshuprimesys/PersonalFolder/projects/pharmacy-erp-blueprint/doctor-erp/apps/admin-api/vendor/laravel/framework/src/Illuminate/Pipeline/Pipeline.php(219): Illuminate\\Http\\Middleware\\TrustProxies->handle(Object(Illuminate\\Http\\Request), Object(Closure))
#36 /Users/primesysindia/priyanshuprimesys/PersonalFolder/projects/pharmacy-erp-blueprint/doctor-erp/apps/admin-api/vendor/laravel/framework/src/Illuminate/Foundation/Http/Middleware/InvokeDeferredCallbacks.php(22): Illuminate\\Pipeline\\Pipeline->{closure:{closure:Illuminate\\Pipeline\\Pipeline::carry():194}:195}(Object(Illuminate\\Http\\Request))
#37 /Users/primesysindia/priyanshuprimesys/PersonalFolder/projects/pharmacy-erp-blueprint/doctor-erp/apps/admin-api/vendor/laravel/framework/src/Illuminate/Pipeline/Pipeline.php(219): Illuminate\\Foundation\\Http\\Middleware\\InvokeDeferredCallbacks->handle(Object(Illuminate\\Http\\Request), Object(Closure))
#38 /Users/primesysindia/priyanshuprimesys/PersonalFolder/projects/pharmacy-erp-blueprint/doctor-erp/apps/admin-api/vendor/laravel/framework/src/Illuminate/Http/Middleware/ValidatePathEncoding.php(28): Illuminate\\Pipeline\\Pipeline->{closure:{closure:Illuminate\\Pipeline\\Pipeline::carry():194}:195}(Object(Illuminate\\Http\\Request))
#39 /Users/primesysindia/priyanshuprimesys/PersonalFolder/projects/pharmacy-erp-blueprint/doctor-erp/apps/admin-api/vendor/laravel/framework/src/Illuminate/Pipeline/Pipeline.php(219): Illuminate\\Http\\Middleware\\ValidatePathEncoding->handle(Object(Illuminate\\Http\\Request), Object(Closure))
#40 /Users/primesysindia/priyanshuprimesys/PersonalFolder/projects/pharmacy-erp-blueprint/doctor-erp/apps/admin-api/vendor/laravel/framework/src/Illuminate/Pipeline/Pipeline.php(137): Illuminate\\Pipeline\\Pipeline->{closure:{closure:Illuminate\\Pipeline\\Pipeline::carry():194}:195}(Object(Illuminate\\Http\\Request))
#41 /Users/primesysindia/priyanshuprimesys/PersonalFolder/projects/pharmacy-erp-blueprint/doctor-erp/apps/admin-api/vendor/laravel/framework/src/Illuminate/Foundation/Http/Kernel.php(175): Illuminate\\Pipeline\\Pipeline->then(Object(Closure))
#42 /Users/primesysindia/priyanshuprimesys/PersonalFolder/projects/pharmacy-erp-blueprint/doctor-erp/apps/admin-api/vendor/laravel/framework/src/Illuminate/Foundation/Http/Kernel.php(144): Illuminate\\Foundation\\Http\\Kernel->sendRequestThroughRouter(Object(Illuminate\\Http\\Request))
#43 /Users/primesysindia/priyanshuprimesys/PersonalFolder/projects/pharmacy-erp-blueprint/doctor-erp/apps/admin-api/vendor/laravel/framework/src/Illuminate/Foundation/Application.php(1227): Illuminate\\Foundation\\Http\\Kernel->handle(Object(Illuminate\\Http\\Request))
#44 /Users/primesysindia/priyanshuprimesys/PersonalFolder/projects/pharmacy-erp-blueprint/doctor-erp/apps/admin-api/public/index.php(20): Illuminate\\Foundation\\Application->handleRequest(Object(Illuminate\\Http\\Request))
#45 /Users/primesysindia/priyanshuprimesys/PersonalFolder/projects/pharmacy-erp-blueprint/doctor-erp/apps/admin-api/vendor/laravel/framework/src/Illuminate/Foundation/resources/server.php(23): require_once('/Users/primesys...')
#46 {main}

[previous exception] [object] (PDOException(code: HY000): SQLSTATE[HY000]: General error: 1364 Field 'user_id' doesn't have a default value at /Users/primesysindia/priyanshuprimesys/PersonalFolder/projects/pharmacy-erp-blueprint/doctor-erp/apps/admin-api/vendor/laravel/framework/src/Illuminate/Database/MySqlConnection.php:53)
[stacktrace]
#0 /Users/primesysindia/priyanshuprimesys/PersonalFolder/projects/pharmacy-erp-blueprint/doctor-erp/apps/admin-api/vendor/laravel/framework/src/Illuminate/Database/MySqlConnection.php(53): PDOStatement->execute()
#1 /Users/primesysindia/priyanshuprimesys/PersonalFolder/projects/pharmacy-erp-blueprint/doctor-erp/apps/admin-api/vendor/laravel/framework/src/Illuminate/Database/Connection.php(846): Illuminate\\Database\\MySqlConnection->{closure:Illuminate\\Database\\MySqlConnection::insert():42}('insert into `em...', Array)
#2 /Users/primesysindia/priyanshuprimesys/PersonalFolder/projects/pharmacy-erp-blueprint/doctor-erp/apps/admin-api/vendor/laravel/framework/src/Illuminate/Database/Connection.php(813): Illuminate\\Database\\Connection->runQueryCallback('insert into `em...', Array, Object(Closure))
#3 /Users/primesysindia/priyanshuprimesys/PersonalFolder/projects/pharmacy-erp-blueprint/doctor-erp/apps/admin-api/vendor/laravel/framework/src/Illuminate/Database/MySqlConnection.php(42): Illuminate\\Database\\Connection->run('insert into `em...', Array, Object(Closure))
#4 /Users/primesysindia/priyanshuprimesys/PersonalFolder/projects/pharmacy-erp-blueprint/doctor-erp/apps/admin-api/vendor/laravel/framework/src/Illuminate/Database/Query/Processors/MySqlProcessor.php(35): Illuminate\\Database\\MySqlConnection->insert('insert into `em...', Array, NULL)
#5 /Users/primesysindia/priyanshuprimesys/PersonalFolder/projects/pharmacy-erp-blueprint/doctor-erp/apps/admin-api/vendor/laravel/framework/src/Illuminate/Database/Query/Builder.php(4313): Illuminate\\Database\\Query\\Processors\\MySqlProcessor->processInsertGetId(Object(Illuminate\\Database\\Query\\Builder), 'insert into `em...', Array, NULL)
#6 /Users/primesysindia/priyanshuprimesys/PersonalFolder/projects/pharmacy-erp-blueprint/doctor-erp/apps/admin-api/Modules/Employee/Services/EmployeeService.php(52): Illuminate\\Database\\Query\\Builder->insertGetId(Array)
#7 /Users/primesysindia/priyanshuprimesys/PersonalFolder/projects/pharmacy-erp-blueprint/doctor-erp/apps/admin-api/Modules/Employee/Controllers/EmployeeController.php(24): Modules\\Employee\\Services\\EmployeeService->store(Object(Modules\\Employee\\Http\\Requests\\StoreEmployeeRequest))
#8 /Users/primesysindia/priyanshuprimesys/PersonalFolder/projects/pharmacy-erp-blueprint/doctor-erp/apps/admin-api/vendor/laravel/framework/src/Illuminate/Routing/ControllerDispatcher.php(46): Modules\\Employee\\Controllers\\EmployeeController->store(Object(Modules\\Employee\\Http\\Requests\\StoreEmployeeRequest))
#9 /Users/primesysindia/priyanshuprimesys/PersonalFolder/projects/pharmacy-erp-blueprint/doctor-erp/apps/admin-api/vendor/laravel/framework/src/Illuminate/Routing/Route.php(276): Illuminate\\Routing\\ControllerDispatcher->dispatch(Object(Illuminate\\Routing\\Route), Object(Modules\\Employee\\Controllers\\EmployeeController), 'store')
#10 /Users/primesysindia/priyanshuprimesys/PersonalFolder/projects/pharmacy-erp-blueprint/doctor-erp/apps/admin-api/vendor/laravel/framework/src/Illuminate/Routing/Route.php(216): Illuminate\\Routing\\Route->runController()
#11 /Users/primesysindia/priyanshuprimesys/PersonalFolder/projects/pharmacy-erp-blueprint/doctor-erp/apps/admin-api/vendor/laravel/framework/src/Illuminate/Routing/Router.php(822): Illuminate\\Routing\\Route->run()
#12 /Users/primesysindia/priyanshuprimesys/PersonalFolder/projects/pharmacy-erp-blueprint/doctor-erp/apps/admin-api/vendor/laravel/framework/src/Illuminate/Pipeline/Pipeline.php(180): Illuminate\\Routing\\Router->{closure:Illuminate\\Routing\\Router::runRouteWithinStack():821}(Object(Illuminate\\Http\\Request))
#13 /Users/primesysindia/priyanshuprimesys/PersonalFolder/projects/pharmacy-erp-blueprint/doctor-erp/apps/admin-api/vendor/laravel/framework/src/Illuminate/Routing/Middleware/SubstituteBindings.php(52): Illuminate\\Pipeline\\Pipeline->{closure:Illuminate\\Pipeline\\Pipeline::prepareDestination():178}(Object(Illuminate\\Http\\Request))
#14 /Users/primesysindia/priyanshuprimesys/PersonalFolder/projects/pharmacy-erp-blueprint/doctor-erp/apps/admin-api/vendor/laravel/framework/src/Illuminate/Pipeline/Pipeline.php(219): Illuminate\\Routing\\Middleware\\SubstituteBindings->handle(Object(Illuminate\\Http\\Request), Object(Closure))
#15 /Users/primesysindia/priyanshuprimesys/PersonalFolder/projects/pharmacy-erp-blueprint/doctor-erp/apps/admin-api/vendor/laravel/framework/src/Illuminate/Auth/Middleware/Authenticate.php(63): Illuminate\\Pipeline\\Pipeline->{closure:{closure:Illuminate\\Pipeline\\Pipeline::carry():194}:195}(Object(Illuminate\\Http\\Request))
#16 /Users/primesysindia/priyanshuprimesys/PersonalFolder/projects/pharmacy-erp-blueprint/doctor-erp/apps/admin-api/vendor/laravel/framework/src/Illuminate/Pipeline/Pipeline.php(219): Illuminate\\Auth\\Middleware\\Authenticate->handle(Object(Illuminate\\Http\\Request), Object(Closure), 'jwt')
#17 /Users/primesysindia/priyanshuprimesys/PersonalFolder/projects/pharmacy-erp-blueprint/doctor-erp/apps/admin-api/vendor/laravel/framework/src/Illuminate/Pipeline/Pipeline.php(137): Illuminate\\Pipeline\\Pipeline->{closure:{closure:Illuminate\\Pipeline\\Pipeline::carry():194}:195}(Object(Illuminate\\Http\\Request))
#18 /Users/primesysindia/priyanshuprimesys/PersonalFolder/projects/pharmacy-erp-blueprint/doctor-erp/apps/admin-api/vendor/laravel/framework/src/Illuminate/Routing/Router.php(821): Illuminate\\Pipeline\\Pipeline->then(Object(Closure))
#19 /Users/primesysindia/priyanshuprimesys/PersonalFolder/projects/pharmacy-erp-blueprint/doctor-erp/apps/admin-api/vendor/laravel/framework/src/Illuminate/Routing/Router.php(800): Illuminate\\Routing\\Router->runRouteWithinStack(Object(Illuminate\\Routing\\Route), Object(Illuminate\\Http\\Request))
#20 /Users/primesysindia/priyanshuprimesys/PersonalFolder/projects/pharmacy-erp-blueprint/doctor-erp/apps/admin-api/vendor/laravel/framework/src/Illuminate/Routing/Router.php(764): Illuminate\\Routing\\Router->runRoute(Object(Illuminate\\Http\\Request), Object(Illuminate\\Routing\\Route))
#21 /Users/primesysindia/priyanshuprimesys/PersonalFolder/projects/pharmacy-erp-blueprint/doctor-erp/apps/admin-api/vendor/laravel/framework/src/Illuminate/Routing/Router.php(753): Illuminate\\Routing\\Router->dispatchToRoute(Object(Illuminate\\Http\\Request))
#22 /Users/primesysindia/priyanshuprimesys/PersonalFolder/projects/pharmacy-erp-blueprint/doctor-erp/apps/admin-api/vendor/laravel/framework/src/Illuminate/Foundation/Http/Kernel.php(200): Illuminate\\Routing\\Router->dispatch(Object(Illuminate\\Http\\Request))
#23 /Users/primesysindia/priyanshuprimesys/PersonalFolder/projects/pharmacy-erp-blueprint/doctor-erp/apps/admin-api/vendor/laravel/framework/src/Illuminate/Pipeline/Pipeline.php(180): Illuminate\\Foundation\\Http\\Kernel->{closure:Illuminate\\Foundation\\Http\\Kernel::dispatchToRouter():197}(Object(Illuminate\\Http\\Request))
#24 /Users/primesysindia/priyanshuprimesys/PersonalFolder/projects/pharmacy-erp-blueprint/doctor-erp/apps/admin-api/vendor/laravel/framework/src/Illuminate/Foundation/Http/Middleware/TransformsRequest.php(21): Illuminate\\Pipeline\\Pipeline->{closure:Illuminate\\Pipeline\\Pipeline::prepareDestination():178}(Object(Illuminate\\Http\\Request))
#25 /Users/primesysindia/priyanshuprimesys/PersonalFolder/projects/pharmacy-erp-blueprint/doctor-erp/apps/admin-api/vendor/laravel/framework/src/Illuminate/Foundation/Http/Middleware/ConvertEmptyStringsToNull.php(31): Illuminate\\Foundation\\Http\\Middleware\\TransformsRequest->handle(Object(Illuminate\\Http\\Request), Object(Closure))
#26 /Users/primesysindia/priyanshuprimesys/PersonalFolder/projects/pharmacy-erp-blueprint/doctor-erp/apps/admin-api/vendor/laravel/framework/src/Illuminate/Pipeline/Pipeline.php(219): Illuminate\\Foundation\\Http\\Middleware\\ConvertEmptyStringsToNull->handle(Object(Illuminate\\Http\\Request), Object(Closure))
#27 /Users/primesysindia/priyanshuprimesys/PersonalFolder/projects/pharmacy-erp-blueprint/doctor-erp/apps/admin-api/vendor/laravel/framework/src/Illuminate/Foundation/Http/Middleware/TransformsRequest.php(21): Illuminate\\Pipeline\\Pipeline->{closure:{closure:Illuminate\\Pipeline\\Pipeline::carry():194}:195}(Object(Illuminate\\Http\\Request))
#28 /Users/primesysindia/priyanshuprimesys/PersonalFolder/projects/pharmacy-erp-blueprint/doctor-erp/apps/admin-api/vendor/laravel/framework/src/Illuminate/Foundation/Http/Middleware/TrimStrings.php(51): Illuminate\\Foundation\\Http\\Middleware\\TransformsRequest->handle(Object(Illuminate\\Http\\Request), Object(Closure))
#29 /Users/primesysindia/priyanshuprimesys/PersonalFolder/projects/pharmacy-erp-blueprint/doctor-erp/apps/admin-api/vendor/laravel/framework/src/Illuminate/Pipeline/Pipeline.php(219): Illuminate\\Foundation\\Http\\Middleware\\TrimStrings->handle(Object(Illuminate\\Http\\Request), Object(Closure))
#30 /Users/primesysindia/priyanshuprimesys/PersonalFolder/projects/pharmacy-erp-blueprint/doctor-erp/apps/admin-api/vendor/laravel/framework/src/Illuminate/Http/Middleware/ValidatePostSize.php(27): Illuminate\\Pipeline\\Pipeline->{closure:{closure:Illuminate\\Pipeline\\Pipeline::carry():194}:195}(Object(Illuminate\\Http\\Request))
#31 /Users/primesysindia/priyanshuprimesys/PersonalFolder/projects/pharmacy-erp-blueprint/doctor-erp/apps/admin-api/vendor/laravel/framework/src/Illuminate/Pipeline/Pipeline.php(219): Illuminate\\Http\\Middleware\\ValidatePostSize->handle(Object(Illuminate\\Http\\Request), Object(Closure))
#32 /Users/primesysindia/priyanshuprimesys/PersonalFolder/projects/pharmacy-erp-blueprint/doctor-erp/apps/admin-api/vendor/laravel/framework/src/Illuminate/Foundation/Http/Middleware/PreventRequestsDuringMaintenance.php(110): Illuminate\\Pipeline\\Pipeline->{closure:{closure:Illuminate\\Pipeline\\Pipeline::carry():194}:195}(Object(Illuminate\\Http\\Request))
#33 /Users/primesysindia/priyanshuprimesys/PersonalFolder/projects/pharmacy-erp-blueprint/doctor-erp/apps/admin-api/vendor/laravel/framework/src/Illuminate/Pipeline/Pipeline.php(219): Illuminate\\Foundation\\Http\\Middleware\\PreventRequestsDuringMaintenance->handle(Object(Illuminate\\Http\\Request), Object(Closure))
#34 /Users/primesysindia/priyanshuprimesys/PersonalFolder/projects/pharmacy-erp-blueprint/doctor-erp/apps/admin-api/vendor/laravel/framework/src/Illuminate/Http/Middleware/HandleCors.php(74): Illuminate\\Pipeline\\Pipeline->{closure:{closure:Illuminate\\Pipeline\\Pipeline::carry():194}:195}(Object(Illuminate\\Http\\Request))
#35 /Users/primesysindia/priyanshuprimesys/PersonalFolder/projects/pharmacy-erp-blueprint/doctor-erp/apps/admin-api/vendor/laravel/framework/src/Illuminate/Pipeline/Pipeline.php(219): Illuminate\\Http\\Middleware\\HandleCors->handle(Object(Illuminate\\Http\\Request), Object(Closure))
#36 /Users/primesysindia/priyanshuprimesys/PersonalFolder/projects/pharmacy-erp-blueprint/doctor-erp/apps/admin-api/vendor/laravel/framework/src/Illuminate/Http/Middleware/TrustProxies.php(58): Illuminate\\Pipeline\\Pipeline->{closure:{closure:Illuminate\\Pipeline\\Pipeline::carry():194}:195}(Object(Illuminate\\Http\\Request))
#37 /Users/primesysindia/priyanshuprimesys/PersonalFolder/projects/pharmacy-erp-blueprint/doctor-erp/apps/admin-api/vendor/laravel/framework/src/Illuminate/Pipeline/Pipeline.php(219): Illuminate\\Http\\Middleware\\TrustProxies->handle(Object(Illuminate\\Http\\Request), Object(Closure))
#38 /Users/primesysindia/priyanshuprimesys/PersonalFolder/projects/pharmacy-erp-blueprint/doctor-erp/apps/admin-api/vendor/laravel/framework/src/Illuminate/Foundation/Http/Middleware/InvokeDeferredCallbacks.php(22): Illuminate\\Pipeline\\Pipeline->{closure:{closure:Illuminate\\Pipeline\\Pipeline::carry():194}:195}(Object(Illuminate\\Http\\Request))
#39 /Users/primesysindia/priyanshuprimesys/PersonalFolder/projects/pharmacy-erp-blueprint/doctor-erp/apps/admin-api/vendor/laravel/framework/src/Illuminate/Pipeline/Pipeline.php(219): Illuminate\\Foundation\\Http\\Middleware\\InvokeDeferredCallbacks->handle(Object(Illuminate\\Http\\Request), Object(Closure))
#40 /Users/primesysindia/priyanshuprimesys/PersonalFolder/projects/pharmacy-erp-blueprint/doctor-erp/apps/admin-api/vendor/laravel/framework/src/Illuminate/Http/Middleware/ValidatePathEncoding.php(28): Illuminate\\Pipeline\\Pipeline->{closure:{closure:Illuminate\\Pipeline\\Pipeline::carry():194}:195}(Object(Illuminate\\Http\\Request))
#41 /Users/primesysindia/priyanshuprimesys/PersonalFolder/projects/pharmacy-erp-blueprint/doctor-erp/apps/admin-api/vendor/laravel/framework/src/Illuminate/Pipeline/Pipeline.php(219): Illuminate\\Http\\Middleware\\ValidatePathEncoding->handle(Object(Illuminate\\Http\\Request), Object(Closure))
#42 /Users/primesysindia/priyanshuprimesys/PersonalFolder/projects/pharmacy-erp-blueprint/doctor-erp/apps/admin-api/vendor/laravel/framework/src/Illuminate/Pipeline/Pipeline.php(137): Illuminate\\Pipeline\\Pipeline->{closure:{closure:Illuminate\\Pipeline\\Pipeline::carry():194}:195}(Object(Illuminate\\Http\\Request))
#43 /Users/primesysindia/priyanshuprimesys/PersonalFolder/projects/pharmacy-erp-blueprint/doctor-erp/apps/admin-api/vendor/laravel/framework/src/Illuminate/Foundation/Http/Kernel.php(175): Illuminate\\Pipeline\\Pipeline->then(Object(Closure))
#44 /Users/primesysindia/priyanshuprimesys/PersonalFolder/projects/pharmacy-erp-blueprint/doctor-erp/apps/admin-api/vendor/laravel/framework/src/Illuminate/Foundation/Http/Kernel.php(144): Illuminate\\Foundation\\Http\\Kernel->sendRequestThroughRouter(Object(Illuminate\\Http\\Request))
#45 /Users/primesysindia/priyanshuprimesys/PersonalFolder/projects/pharmacy-erp-blueprint/doctor-erp/apps/admin-api/vendor/laravel/framework/src/Illuminate/Foundation/Application.php(1227): Illuminate\\Foundation\\Http\\Kernel->handle(Object(Illuminate\\Http\\Request))
#46 /Users/primesysindia/priyanshuprimesys/PersonalFolder/projects/pharmacy-erp-blueprint/doctor-erp/apps/admin-api/public/index.php(20): Illuminate\\Foundation\\Application->handleRequest(Object(Illuminate\\Http\\Request))
#47 /Users/primesysindia/priyanshuprimesys/PersonalFolder/projects/pharmacy-erp-blueprint/doctor-erp/apps/admin-api/vendor/laravel/framework/src/Illuminate/Foundation/resources/server.php(23): require_once('/Users/primesys...')
#48 {main}
"} 
[2026-08-29 08:12:48] local.ERROR: SQLSTATE[HY000]: General error: 1364 Field 'user_id' doesn't have a default value (Connection: mysql, Host: 127.0.0.1, Port: 3306, Database: opdadmin, SQL: insert into `employees` (`first_name`, `last_name`, `email`, `department_id`, `designation_id`, `created_at`, `updated_at`) values (Aarav, Sharma, aarav2@opderp.com, 1, 1, 2026-08-29 08:12:48, 2026-08-29 08:12:48)) {"userId":1,"exception":"[object] (Illuminate\\Database\\QueryException(code: HY000): SQLSTATE[HY000]: General error: 1364 Field 'user_id' doesn't have a default value (Connection: mysql, Host: 127.0.0.1, Port: 3306, Database: opdadmin, SQL: insert into `employees` (`first_name`, `last_name`, `email`, `department_id`, `designation_id`, `created_at`, `updated_at`) values (Aarav, Sharma, aarav2@opderp.com, 1, 1, 2026-08-29 08:12:48, 2026-08-29 08:12:48)) at /Users/primesysindia/priyanshuprimesys/PersonalFolder/projects/pharmacy-erp-blueprint/doctor-erp/apps/admin-api/vendor/laravel/framework/src/Illuminate/Database/Connection.php:857)
[stacktrace]
#0 /Users/primesysindia/priyanshuprimesys/PersonalFolder/projects/pharmacy-erp-blueprint/doctor-erp/apps/admin-api/vendor/laravel/framework/src/Illuminate/Database/Connection.php(813): Illuminate\\Database\\Connection->runQueryCallback('insert into `em...', Array, Object(Closure))
#1 /Users/primesysindia/priyanshuprimesys/PersonalFolder/projects/pharmacy-erp-blueprint/doctor-erp/apps/admin-api/vendor/laravel/framework/src/Illuminate/Database/MySqlConnection.php(42): Illuminate\\Database\\Connection->run('insert into `em...', Array, Object(Closure))
#2 /Users/primesysindia/priyanshuprimesys/PersonalFolder/projects/pharmacy-erp-blueprint/doctor-erp/apps/admin-api/vendor/laravel/framework/src/Illuminate/Database/Query/Processors/MySqlProcessor.php(35): Illuminate\\Database\\MySqlConnection->insert('insert into `em...', Array, NULL)
#3 /Users/primesysindia/priyanshuprimesys/PersonalFolder/projects/pharmacy-erp-blueprint/doctor-erp/apps/admin-api/vendor/laravel/framework/src/Illuminate/Database/Query/Builder.php(4313): Illuminate\\Database\\Query\\Processors\\MySqlProcessor->processInsertGetId(Object(Illuminate\\Database\\Query\\Builder), 'insert into `em...', Array, NULL)
#4 /Users/primesysindia/priyanshuprimesys/PersonalFolder/projects/pharmacy-erp-blueprint/doctor-erp/apps/admin-api/Modules/Employee/Services/EmployeeService.php(52): Illuminate\\Database\\Query\\Builder->insertGetId(Array)
#5 /Users/primesysindia/priyanshuprimesys/PersonalFolder/projects/pharmacy-erp-blueprint/doctor-erp/apps/admin-api/Modules/Employee/Controllers/EmployeeController.php(24): Modules\\Employee\\Services\\EmployeeService->store(Object(Modules\\Employee\\Http\\Requests\\StoreEmployeeRequest))
#6 /Users/primesysindia/priyanshuprimesys/PersonalFolder/projects/pharmacy-erp-blueprint/doctor-erp/apps/admin-api/vendor/laravel/framework/src/Illuminate/Routing/ControllerDispatcher.php(46): Modules\\Employee\\Controllers\\EmployeeController->store(Object(Modules\\Employee\\Http\\Requests\\StoreEmployeeRequest))
#7 /Users/primesysindia/priyanshuprimesys/PersonalFolder/projects/pharmacy-erp-blueprint/doctor-erp/apps/admin-api/vendor/laravel/framework/src/Illuminate/Routing/Route.php(276): Illuminate\\Routing\\ControllerDispatcher->dispatch(Object(Illuminate\\Routing\\Route), Object(Modules\\Employee\\Controllers\\EmployeeController), 'store')
#8 /Users/primesysindia/priyanshuprimesys/PersonalFolder/projects/pharmacy-erp-blueprint/doctor-erp/apps/admin-api/vendor/laravel/framework/src/Illuminate/Routing/Route.php(216): Illuminate\\Routing\\Route->runController()
#9 /Users/primesysindia/priyanshuprimesys/PersonalFolder/projects/pharmacy-erp-blueprint/doctor-erp/apps/admin-api/vendor/laravel/framework/src/Illuminate/Routing/Router.php(822): Illuminate\\Routing\\Route->run()
#10 /Users/primesysindia/priyanshuprimesys/PersonalFolder/projects/pharmacy-erp-blueprint/doctor-erp/apps/admin-api/vendor/laravel/framework/src/Illuminate/Pipeline/Pipeline.php(180): Illuminate\\Routing\\Router->{closure:Illuminate\\Routing\\Router::runRouteWithinStack():821}(Object(Illuminate\\Http\\Request))
#11 /Users/primesysindia/priyanshuprimesys/PersonalFolder/projects/pharmacy-erp-blueprint/doctor-erp/apps/admin-api/vendor/laravel/framework/src/Illuminate/Routing/Middleware/SubstituteBindings.php(52): Illuminate\\Pipeline\\Pipeline->{closure:Illuminate\\Pipeline\\Pipeline::prepareDestination():178}(Object(Illuminate\\Http\\Request))
#12 /Users/primesysindia/priyanshuprimesys/PersonalFolder/projects/pharmacy-erp-blueprint/doctor-erp/apps/admin-api/vendor/laravel/framework/src/Illuminate/Pipeline/Pipeline.php(219): Illuminate\\Routing\\Middleware\\SubstituteBindings->handle(Object(Illuminate\\Http\\Request), Object(Closure))
#13 /Users/primesysindia/priyanshuprimesys/PersonalFolder/projects/pharmacy-erp-blueprint/doctor-erp/apps/admin-api/vendor/laravel/framework/src/Illuminate/Auth/Middleware/Authenticate.php(63): Illuminate\\Pipeline\\Pipeline->{closure:{closure:Illuminate\\Pipeline\\Pipeline::carry():194}:195}(Object(Illuminate\\Http\\Request))
#14 /Users/primesysindia/priyanshuprimesys/PersonalFolder/projects/pharmacy-erp-blueprint/doctor-erp/apps/admin-api/vendor/laravel/framework/src/Illuminate/Pipeline/Pipeline.php(219): Illuminate\\Auth\\Middleware\\Authenticate->handle(Object(Illuminate\\Http\\Request), Object(Closure), 'jwt')
#15 /Users/primesysindia/priyanshuprimesys/PersonalFolder/projects/pharmacy-erp-blueprint/doctor-erp/apps/admin-api/vendor/laravel/framework/src/Illuminate/Pipeline/Pipeline.php(137): Illuminate\\Pipeline\\Pipeline->{closure:{closure:Illuminate\\Pipeline\\Pipeline::carry():194}:195}(Object(Illuminate\\Http\\Request))
#16 /Users/primesysindia/priyanshuprimesys/PersonalFolder/projects/pharmacy-erp-blueprint/doctor-erp/apps/admin-api/vendor/laravel/framework/src/Illuminate/Routing/Router.php(821): Illuminate\\Pipeline\\Pipeline->then(Object(Closure))
#17 /Users/primesysindia/priyanshuprimesys/PersonalFolder/projects/pharmacy-erp-blueprint/doctor-erp/apps/admin-api/vendor/laravel/framework/src/Illuminate/Routing/Router.php(800): Illuminate\\Routing\\Router->runRouteWithinStack(Object(Illuminate\\Routing\\Route), Object(Illuminate\\Http\\Request))
#18 /Users/primesysindia/priyanshuprimesys/PersonalFolder/projects/pharmacy-erp-blueprint/doctor-erp/apps/admin-api/vendor/laravel/framework/src/Illuminate/Routing/Router.php(764): Illuminate\\Routing\\Router->runRoute(Object(Illuminate\\Http\\Request), Object(Illuminate\\Routing\\Route))
#19 /Users/primesysindia/priyanshuprimesys/PersonalFolder/projects/pharmacy-erp-blueprint/doctor-erp/apps/admin-api/vendor/laravel/framework/src/Illuminate/Routing/Router.php(753): Illuminate\\Routing\\Router->dispatchToRoute(Object(Illuminate\\Http\\Request))
#20 /Users/primesysindia/priyanshuprimesys/PersonalFolder/projects/pharmacy-erp-blueprint/doctor-erp/apps/admin-api/vendor/laravel/framework/src/Illuminate/Foundation/Http/Kernel.php(200): Illuminate\\Routing\\Router->dispatch(Object(Illuminate\\Http\\Request))
#21 /Users/primesysindia/priyanshuprimesys/PersonalFolder/projects/pharmacy-erp-blueprint/doctor-erp/apps/admin-api/vendor/laravel/framework/src/Illuminate/Pipeline/Pipeline.php(180): Illuminate\\Foundation\\Http\\Kernel->{closure:Illuminate\\Foundation\\Http\\Kernel::dispatchToRouter():197}(Object(Illuminate\\Http\\Request))
#22 /Users/primesysindia/priyanshuprimesys/PersonalFolder/projects/pharmacy-erp-blueprint/doctor-erp/apps/admin-api/vendor/laravel/framework/src/Illuminate/Foundation/Http/Middleware/TransformsRequest.php(21): Illuminate\\Pipeline\\Pipeline->{closure:Illuminate\\Pipeline\\Pipeline::prepareDestination():178}(Object(Illuminate\\Http\\Request))
#23 /Users/primesysindia/priyanshuprimesys/PersonalFolder/projects/pharmacy-erp-blueprint/doctor-erp/apps/admin-api/vendor/laravel/framework/src/Illuminate/Foundation/Http/Middleware/ConvertEmptyStringsToNull.php(31): Illuminate\\Foundation\\Http\\Middleware\\TransformsRequest->handle(Object(Illuminate\\Http\\Request), Object(Closure))
#24 /Users/primesysindia/priyanshuprimesys/PersonalFolder/projects/pharmacy-erp-blueprint/doctor-erp/apps/admin-api/vendor/laravel/framework/src/Illuminate/Pipeline/Pipeline.php(219): Illuminate\\Foundation\\Http\\Middleware\\ConvertEmptyStringsToNull->handle(Object(Illuminate\\Http\\Request), Object(Closure))
#25 /Users/primesysindia/priyanshuprimesys/PersonalFolder/projects/pharmacy-erp-blueprint/doctor-erp/apps/admin-api/vendor/laravel/framework/src/Illuminate/Foundation/Http/Middleware/TransformsRequest.php(21): Illuminate\\Pipeline\\Pipeline->{closure:{closure:Illuminate\\Pipeline\\Pipeline::carry():194}:195}(Object(Illuminate\\Http\\Request))
#26 /Users/primesysindia/priyanshuprimesys/PersonalFolder/projects/pharmacy-erp-blueprint/doctor-erp/apps/admin-api/vendor/laravel/framework/src/Illuminate/Foundation/Http/Middleware/TrimStrings.php(51): Illuminate\\Foundation\\Http\\Middleware\\TransformsRequest->handle(Object(Illuminate\\Http\\Request), Object(Closure))
#27 /Users/primesysindia/priyanshuprimesys/PersonalFolder/projects/pharmacy-erp-blueprint/doctor-erp/apps/admin-api/vendor/laravel/framework/src/Illuminate/Pipeline/Pipeline.php(219): Illuminate\\Foundation\\Http\\Middleware\\TrimStrings->handle(Object(Illuminate\\Http\\Request), Object(Closure))
#28 /Users/primesysindia/priyanshuprimesys/PersonalFolder/projects/pharmacy-erp-blueprint/doctor-erp/apps/admin-api/vendor/laravel/framework/src/Illuminate/Http/Middleware/ValidatePostSize.php(27): Illuminate\\Pipeline\\Pipeline->{closure:{closure:Illuminate\\Pipeline\\Pipeline::carry():194}:195}(Object(Illuminate\\Http\\Request))
#29 /Users/primesysindia/priyanshuprimesys/PersonalFolder/projects/pharmacy-erp-blueprint/doctor-erp/apps/admin-api/vendor/laravel/framework/src/Illuminate/Pipeline/Pipeline.php(219): Illuminate\\Http\\Middleware\\ValidatePostSize->handle(Object(Illuminate\\Http\\Request), Object(Closure))
#30 /Users/primesysindia/priyanshuprimesys/PersonalFolder/projects/pharmacy-erp-blueprint/doctor-erp/apps/admin-api/vendor/laravel/framework/src/Illuminate/Foundation/Http/Middleware/PreventRequestsDuringMaintenance.php(110): Illuminate\\Pipeline\\Pipeline->{closure:{closure:Illuminate\\Pipeline\\Pipeline::carry():194}:195}(Object(Illuminate\\Http\\Request))
#31 /Users/primesysindia/priyanshuprimesys/PersonalFolder/projects/pharmacy-erp-blueprint/doctor-erp/apps/admin-api/vendor/laravel/framework/src/Illuminate/Pipeline/Pipeline.php(219): Illuminate\\Foundation\\Http\\Middleware\\PreventRequestsDuringMaintenance->handle(Object(Illuminate\\Http\\Request), Object(Closure))
#32 /Users/primesysindia/priyanshuprimesys/PersonalFolder/projects/pharmacy-erp-blueprint/doctor-erp/apps/admin-api/vendor/laravel/framework/src/Illuminate/Http/Middleware/HandleCors.php(74): Illuminate\\Pipeline\\Pipeline->{closure:{closure:Illuminate\\Pipeline\\Pipeline::carry():194}:195}(Object(Illuminate\\Http\\Request))
#33 /Users/primesysindia/priyanshuprimesys/PersonalFolder/projects/pharmacy-erp-blueprint/doctor-erp/apps/admin-api/vendor/laravel/framework/src/Illuminate/Pipeline/Pipeline.php(219): Illuminate\\Http\\Middleware\\HandleCors->handle(Object(Illuminate\\Http\\Request), Object(Closure))
#34 /Users/primesysindia/priyanshuprimesys/PersonalFolder/projects/pharmacy-erp-blueprint/doctor-erp/apps/admin-api/vendor/laravel/framework/src/Illuminate/Http/Middleware/TrustProxies.php(58): Illuminate\\Pipeline\\Pipeline->{closure:{closure:Illuminate\\Pipeline\\Pipeline::carry():194}:195}(Object(Illuminate\\Http\\Request))
#35 /Users/primesysindia/priyanshuprimesys/PersonalFolder/projects/pharmacy-erp-blueprint/doctor-erp/apps/admin-api/vendor/laravel/framework/src/Illuminate/Pipeline/Pipeline.php(219): Illuminate\\Http\\Middleware\\TrustProxies->handle(Object(Illuminate\\Http\\Request), Object(Closure))
#36 /Users/primesysindia/priyanshuprimesys/PersonalFolder/projects/pharmacy-erp-blueprint/doctor-erp/apps/admin-api/vendor/laravel/framework/src/Illuminate/Foundation/Http/Middleware/InvokeDeferredCallbacks.php(22): Illuminate\\Pipeline\\Pipeline->{closure:{closure:Illuminate\\Pipeline\\Pipeline::carry():194}:195}(Object(Illuminate\\Http\\Request))
#37 /Users/primesysindia/priyanshuprimesys/PersonalFolder/projects/pharmacy-erp-blueprint/doctor-erp/apps/admin-api/vendor/laravel/framework/src/Illuminate/Pipeline/Pipeline.php(219): Illuminate\\Foundation\\Http\\Middleware\\InvokeDeferredCallbacks->handle(Object(Illuminate\\Http\\Request), Object(Closure))
#38 /Users/primesysindia/priyanshuprimesys/PersonalFolder/projects/pharmacy-erp-blueprint/doctor-erp/apps/admin-api/vendor/laravel/framework/src/Illuminate/Http/Middleware/ValidatePathEncoding.php(28): Illuminate\\Pipeline\\Pipeline->{closure:{closure:Illuminate\\Pipeline\\Pipeline::carry():194}:195}(Object(Illuminate\\Http\\Request))
#39 /Users/primesysindia/priyanshuprimesys/PersonalFolder/projects/pharmacy-erp-blueprint/doctor-erp/apps/admin-api/vendor/laravel/framework/src/Illuminate/Pipeline/Pipeline.php(219): Illuminate\\Http\\Middleware\\ValidatePathEncoding->handle(Object(Illuminate\\Http\\Request), Object(Closure))
#40 /Users/primesysindia/priyanshuprimesys/PersonalFolder/projects/pharmacy-erp-blueprint/doctor-erp/apps/admin-api/vendor/laravel/framework/src/Illuminate/Pipeline/Pipeline.php(137): Illuminate\\Pipeline\\Pipeline->{closure:{closure:Illuminate\\Pipeline\\Pipeline::carry():194}:195}(Object(Illuminate\\Http\\Request))
#41 /Users/primesysindia/priyanshuprimesys/PersonalFolder/projects/pharmacy-erp-blueprint/doctor-erp/apps/admin-api/vendor/laravel/framework/src/Illuminate/Foundation/Http/Kernel.php(175): Illuminate\\Pipeline\\Pipeline->then(Object(Closure))
#42 /Users/primesysindia/priyanshuprimesys/PersonalFolder/projects/pharmacy-erp-blueprint/doctor-erp/apps/admin-api/vendor/laravel/framework/src/Illuminate/Foundation/Http/Kernel.php(144): Illuminate\\Foundation\\Http\\Kernel->sendRequestThroughRouter(Object(Illuminate\\Http\\Request))
#43 /Users/primesysindia/priyanshuprimesys/PersonalFolder/projects/pharmacy-erp-blueprint/doctor-erp/apps/admin-api/vendor/laravel/framework/src/Illuminate/Foundation/Application.php(1227): Illuminate\\Foundation\\Http\\Kernel->handle(Object(Illuminate\\Http\\Request))
#44 /Users/primesysindia/priyanshuprimesys/PersonalFolder/projects/pharmacy-erp-blueprint/doctor-erp/apps/admin-api/public/index.php(20): Illuminate\\Foundation\\Application->handleRequest(Object(Illuminate\\Http\\Request))
#45 /Users/primesysindia/priyanshuprimesys/PersonalFolder/projects/pharmacy-erp-blueprint/doctor-erp/apps/admin-api/vendor/laravel/framework/src/Illuminate/Foundation/resources/server.php(23): require_once('/Users/primesys...')
#46 {main}

[previous exception] [object] (PDOException(code: HY000): SQLSTATE[HY000]: General error: 1364 Field 'user_id' doesn't have a default value at /Users/primesysindia/priyanshuprimesys/PersonalFolder/projects/pharmacy-erp-blueprint/doctor-erp/apps/admin-api/vendor/laravel/framework/src/Illuminate/Database/MySqlConnection.php:53)
[stacktrace]
#0 /Users/primesysindia/priyanshuprimesys/PersonalFolder/projects/pharmacy-erp-blueprint/doctor-erp/apps/admin-api/vendor/laravel/framework/src/Illuminate/Database/MySqlConnection.php(53): PDOStatement->execute()
#1 /Users/primesysindia/priyanshuprimesys/PersonalFolder/projects/pharmacy-erp-blueprint/doctor-erp/apps/admin-api/vendor/laravel/framework/src/Illuminate/Database/Connection.php(846): Illuminate\\Database\\MySqlConnection->{closure:Illuminate\\Database\\MySqlConnection::insert():42}('insert into `em...', Array)
#2 /Users/primesysindia/priyanshuprimesys/PersonalFolder/projects/pharmacy-erp-blueprint/doctor-erp/apps/admin-api/vendor/laravel/framework/src/Illuminate/Database/Connection.php(813): Illuminate\\Database\\Connection->runQueryCallback('insert into `em...', Array, Object(Closure))
#3 /Users/primesysindia/priyanshuprimesys/PersonalFolder/projects/pharmacy-erp-blueprint/doctor-erp/apps/admin-api/vendor/laravel/framework/src/Illuminate/Database/MySqlConnection.php(42): Illuminate\\Database\\Connection->run('insert into `em...', Array, Object(Closure))
#4 /Users/primesysindia/priyanshuprimesys/PersonalFolder/projects/pharmacy-erp-blueprint/doctor-erp/apps/admin-api/vendor/laravel/framework/src/Illuminate/Database/Query/Processors/MySqlProcessor.php(35): Illuminate\\Database\\MySqlConnection->insert('insert into `em...', Array, NULL)
#5 /Users/primesysindia/priyanshuprimesys/PersonalFolder/projects/pharmacy-erp-blueprint/doctor-erp/apps/admin-api/vendor/laravel/framework/src/Illuminate/Database/Query/Builder.php(4313): Illuminate\\Database\\Query\\Processors\\MySqlProcessor->processInsertGetId(Object(Illuminate\\Database\\Query\\Builder), 'insert into `em...', Array, NULL)
#6 /Users/primesysindia/priyanshuprimesys/PersonalFolder/projects/pharmacy-erp-blueprint/doctor-erp/apps/admin-api/Modules/Employee/Services/EmployeeService.php(52): Illuminate\\Database\\Query\\Builder->insertGetId(Array)
#7 /Users/primesysindia/priyanshuprimesys/PersonalFolder/projects/pharmacy-erp-blueprint/doctor-erp/apps/admin-api/Modules/Employee/Controllers/EmployeeController.php(24): Modules\\Employee\\Services\\EmployeeService->store(Object(Modules\\Employee\\Http\\Requests\\StoreEmployeeRequest))
#8 /Users/primesysindia/priyanshuprimesys/PersonalFolder/projects/pharmacy-erp-blueprint/doctor-erp/apps/admin-api/vendor/laravel/framework/src/Illuminate/Routing/ControllerDispatcher.php(46): Modules\\Employee\\Controllers\\EmployeeController->store(Object(Modules\\Employee\\Http\\Requests\\StoreEmployeeRequest))
#9 /Users/primesysindia/priyanshuprimesys/PersonalFolder/projects/pharmacy-erp-blueprint/doctor-erp/apps/admin-api/vendor/laravel/framework/src/Illuminate/Routing/Route.php(276): Illuminate\\Routing\\ControllerDispatcher->dispatch(Object(Illuminate\\Routing\\Route), Object(Modules\\Employee\\Controllers\\EmployeeController), 'store')
#10 /Users/primesysindia/priyanshuprimesys/PersonalFolder/projects/pharmacy-erp-blueprint/doctor-erp/apps/admin-api/vendor/laravel/framework/src/Illuminate/Routing/Route.php(216): Illuminate\\Routing\\Route->runController()
#11 /Users/primesysindia/priyanshuprimesys/PersonalFolder/projects/pharmacy-erp-blueprint/doctor-erp/apps/admin-api/vendor/laravel/framework/src/Illuminate/Routing/Router.php(822): Illuminate\\Routing\\Route->run()
#12 /Users/primesysindia/priyanshuprimesys/PersonalFolder/projects/pharmacy-erp-blueprint/doctor-erp/apps/admin-api/vendor/laravel/framework/src/Illuminate/Pipeline/Pipeline.php(180): Illuminate\\Routing\\Router->{closure:Illuminate\\Routing\\Router::runRouteWithinStack():821}(Object(Illuminate\\Http\\Request))
#13 /Users/primesysindia/priyanshuprimesys/PersonalFolder/projects/pharmacy-erp-blueprint/doctor-erp/apps/admin-api/vendor/laravel/framework/src/Illuminate/Routing/Middleware/SubstituteBindings.php(52): Illuminate\\Pipeline\\Pipeline->{closure:Illuminate\\Pipeline\\Pipeline::prepareDestination():178}(Object(Illuminate\\Http\\Request))
#14 /Users/primesysindia/priyanshuprimesys/PersonalFolder/projects/pharmacy-erp-blueprint/doctor-erp/apps/admin-api/vendor/laravel/framework/src/Illuminate/Pipeline/Pipeline.php(219): Illuminate\\Routing\\Middleware\\SubstituteBindings->handle(Object(Illuminate\\Http\\Request), Object(Closure))
#15 /Users/primesysindia/priyanshuprimesys/PersonalFolder/projects/pharmacy-erp-blueprint/doctor-erp/apps/admin-api/vendor/laravel/framework/src/Illuminate/Auth/Middleware/Authenticate.php(63): Illuminate\\Pipeline\\Pipeline->{closure:{closure:Illuminate\\Pipeline\\Pipeline::carry():194}:195}(Object(Illuminate\\Http\\Request))
#16 /Users/primesysindia/priyanshuprimesys/PersonalFolder/projects/pharmacy-erp-blueprint/doctor-erp/apps/admin-api/vendor/laravel/framework/src/Illuminate/Pipeline/Pipeline.php(219): Illuminate\\Auth\\Middleware\\Authenticate->handle(Object(Illuminate\\Http\\Request), Object(Closure), 'jwt')
#17 /Users/primesysindia/priyanshuprimesys/PersonalFolder/projects/pharmacy-erp-blueprint/doctor-erp/apps/admin-api/vendor/laravel/framework/src/Illuminate/Pipeline/Pipeline.php(137): Illuminate\\Pipeline\\Pipeline->{closure:{closure:Illuminate\\Pipeline\\Pipeline::carry():194}:195}(Object(Illuminate\\Http\\Request))
#18 /Users/primesysindia/priyanshuprimesys/PersonalFolder/projects/pharmacy-erp-blueprint/doctor-erp/apps/admin-api/vendor/laravel/framework/src/Illuminate/Routing/Router.php(821): Illuminate\\Pipeline\\Pipeline->then(Object(Closure))
#19 /Users/primesysindia/priyanshuprimesys/PersonalFolder/projects/pharmacy-erp-blueprint/doctor-erp/apps/admin-api/vendor/laravel/framework/src/Illuminate/Routing/Router.php(800): Illuminate\\Routing\\Router->runRouteWithinStack(Object(Illuminate\\Routing\\Route), Object(Illuminate\\Http\\Request))
#20 /Users/primesysindia/priyanshuprimesys/PersonalFolder/projects/pharmacy-erp-blueprint/doctor-erp/apps/admin-api/vendor/laravel/framework/src/Illuminate/Routing/Router.php(764): Illuminate\\Routing\\Router->runRoute(Object(Illuminate\\Http\\Request), Object(Illuminate\\Routing\\Route))
#21 /Users/primesysindia/priyanshuprimesys/PersonalFolder/projects/pharmacy-erp-blueprint/doctor-erp/apps/admin-api/vendor/laravel/framework/src/Illuminate/Routing/Router.php(753): Illuminate\\Routing\\Router->dispatchToRoute(Object(Illuminate\\Http\\Request))
#22 /Users/primesysindia/priyanshuprimesys/PersonalFolder/projects/pharmacy-erp-blueprint/doctor-erp/apps/admin-api/vendor/laravel/framework/src/Illuminate/Foundation/Http/Kernel.php(200): Illuminate\\Routing\\Router->dispatch(Object(Illuminate\\Http\\Request))
#23 /Users/primesysindia/priyanshuprimesys/PersonalFolder/projects/pharmacy-erp-blueprint/doctor-erp/apps/admin-api/vendor/laravel/framework/src/Illuminate/Pipeline/Pipeline.php(180): Illuminate\\Foundation\\Http\\Kernel->{closure:Illuminate\\Foundation\\Http\\Kernel::dispatchToRouter():197}(Object(Illuminate\\Http\\Request))
#24 /Users/primesysindia/priyanshuprimesys/PersonalFolder/projects/pharmacy-erp-blueprint/doctor-erp/apps/admin-api/vendor/laravel/framework/src/Illuminate/Foundation/Http/Middleware/TransformsRequest.php(21): Illuminate\\Pipeline\\Pipeline->{closure:Illuminate\\Pipeline\\Pipeline::prepareDestination():178}(Object(Illuminate\\Http\\Request))
#25 /Users/primesysindia/priyanshuprimesys/PersonalFolder/projects/pharmacy-erp-blueprint/doctor-erp/apps/admin-api/vendor/laravel/framework/src/Illuminate/Foundation/Http/Middleware/ConvertEmptyStringsToNull.php(31): Illuminate\\Foundation\\Http\\Middleware\\TransformsRequest->handle(Object(Illuminate\\Http\\Request), Object(Closure))
#26 /Users/primesysindia/priyanshuprimesys/PersonalFolder/projects/pharmacy-erp-blueprint/doctor-erp/apps/admin-api/vendor/laravel/framework/src/Illuminate/Pipeline/Pipeline.php(219): Illuminate\\Foundation\\Http\\Middleware\\ConvertEmptyStringsToNull->handle(Object(Illuminate\\Http\\Request), Object(Closure))
#27 /Users/primesysindia/priyanshuprimesys/PersonalFolder/projects/pharmacy-erp-blueprint/doctor-erp/apps/admin-api/vendor/laravel/framework/src/Illuminate/Foundation/Http/Middleware/TransformsRequest.php(21): Illuminate\\Pipeline\\Pipeline->{closure:{closure:Illuminate\\Pipeline\\Pipeline::carry():194}:195}(Object(Illuminate\\Http\\Request))
#28 /Users/primesysindia/priyanshuprimesys/PersonalFolder/projects/pharmacy-erp-blueprint/doctor-erp/apps/admin-api/vendor/laravel/framework/src/Illuminate/Foundation/Http/Middleware/TrimStrings.php(51): Illuminate\\Foundation\\Http\\Middleware\\TransformsRequest->handle(Object(Illuminate\\Http\\Request), Object(Closure))
#29 /Users/primesysindia/priyanshuprimesys/PersonalFolder/projects/pharmacy-erp-blueprint/doctor-erp/apps/admin-api/vendor/laravel/framework/src/Illuminate/Pipeline/Pipeline.php(219): Illuminate\\Foundation\\Http\\Middleware\\TrimStrings->handle(Object(Illuminate\\Http\\Request), Object(Closure))
#30 /Users/primesysindia/priyanshuprimesys/PersonalFolder/projects/pharmacy-erp-blueprint/doctor-erp/apps/admin-api/vendor/laravel/framework/src/Illuminate/Http/Middleware/ValidatePostSize.php(27): Illuminate\\Pipeline\\Pipeline->{closure:{closure:Illuminate\\Pipeline\\Pipeline::carry():194}:195}(Object(Illuminate\\Http\\Request))
#31 /Users/primesysindia/priyanshuprimesys/PersonalFolder/projects/pharmacy-erp-blueprint/doctor-erp/apps/admin-api/vendor/laravel/framework/src/Illuminate/Pipeline/Pipeline.php(219): Illuminate\\Http\\Middleware\\ValidatePostSize->handle(Object(Illuminate\\Http\\Request), Object(Closure))
#32 /Users/primesysindia/priyanshuprimesys/PersonalFolder/projects/pharmacy-erp-blueprint/doctor-erp/apps/admin-api/vendor/laravel/framework/src/Illuminate/Foundation/Http/Middleware/PreventRequestsDuringMaintenance.php(110): Illuminate\\Pipeline\\Pipeline->{closure:{closure:Illuminate\\Pipeline\\Pipeline::carry():194}:195}(Object(Illuminate\\Http\\Request))
#33 /Users/primesysindia/priyanshuprimesys/PersonalFolder/projects/pharmacy-erp-blueprint/doctor-erp/apps/admin-api/vendor/laravel/framework/src/Illuminate/Pipeline/Pipeline.php(219): Illuminate\\Foundation\\Http\\Middleware\\PreventRequestsDuringMaintenance->handle(Object(Illuminate\\Http\\Request), Object(Closure))
#34 /Users/primesysindia/priyanshuprimesys/PersonalFolder/projects/pharmacy-erp-blueprint/doctor-erp/apps/admin-api/vendor/laravel/framework/src/Illuminate/Http/Middleware/HandleCors.php(74): Illuminate\\Pipeline\\Pipeline->{closure:{closure:Illuminate\\Pipeline\\Pipeline::carry():194}:195}(Object(Illuminate\\Http\\Request))
#35 /Users/primesysindia/priyanshuprimesys/PersonalFolder/projects/pharmacy-erp-blueprint/doctor-erp/apps/admin-api/vendor/laravel/framework/src/Illuminate/Pipeline/Pipeline.php(219): Illuminate\\Http\\Middleware\\HandleCors->handle(Object(Illuminate\\Http\\Request), Object(Closure))
#36 /Users/primesysindia/priyanshuprimesys/PersonalFolder/projects/pharmacy-erp-blueprint/doctor-erp/apps/admin-api/vendor/laravel/framework/src/Illuminate/Http/Middleware/TrustProxies.php(58): Illuminate\\Pipeline\\Pipeline->{closure:{closure:Illuminate\\Pipeline\\Pipeline::carry():194}:195}(Object(Illuminate\\Http\\Request))
#37 /Users/primesysindia/priyanshuprimesys/PersonalFolder/projects/pharmacy-erp-blueprint/doctor-erp/apps/admin-api/vendor/laravel/framework/src/Illuminate/Pipeline/Pipeline.php(219): Illuminate\\Http\\Middleware\\TrustProxies->handle(Object(Illuminate\\Http\\Request), Object(Closure))
#38 /Users/primesysindia/priyanshuprimesys/PersonalFolder/projects/pharmacy-erp-blueprint/doctor-erp/apps/admin-api/vendor/laravel/framework/src/Illuminate/Foundation/Http/Middleware/InvokeDeferredCallbacks.php(22): Illuminate\\Pipeline\\Pipeline->{closure:{closure:Illuminate\\Pipeline\\Pipeline::carry():194}:195}(Object(Illuminate\\Http\\Request))
#39 /Users/primesysindia/priyanshuprimesys/PersonalFolder/projects/pharmacy-erp-blueprint/doctor-erp/apps/admin-api/vendor/laravel/framework/src/Illuminate/Pipeline/Pipeline.php(219): Illuminate\\Foundation\\Http\\Middleware\\InvokeDeferredCallbacks->handle(Object(Illuminate\\Http\\Request), Object(Closure))
#40 /Users/primesysindia/priyanshuprimesys/PersonalFolder/projects/pharmacy-erp-blueprint/doctor-erp/apps/admin-api/vendor/laravel/framework/src/Illuminate/Http/Middleware/ValidatePathEncoding.php(28): Illuminate\\Pipeline\\Pipeline->{closure:{closure:Illuminate\\Pipeline\\Pipeline::carry():194}:195}(Object(Illuminate\\Http\\Request))
#41 /Users/primesysindia/priyanshuprimesys/PersonalFolder/projects/pharmacy-erp-blueprint/doctor-erp/apps/admin-api/vendor/laravel/framework/src/Illuminate/Pipeline/Pipeline.php(219): Illuminate\\Http\\Middleware\\ValidatePathEncoding->handle(Object(Illuminate\\Http\\Request), Object(Closure))
#42 /Users/primesysindia/priyanshuprimesys/PersonalFolder/projects/pharmacy-erp-blueprint/doctor-erp/apps/admin-api/vendor/laravel/framework/src/Illuminate/Pipeline/Pipeline.php(137): Illuminate\\Pipeline\\Pipeline->{closure:{closure:Illuminate\\Pipeline\\Pipeline::carry():194}:195}(Object(Illuminate\\Http\\Request))
#43 /Users/primesysindia/priyanshuprimesys/PersonalFolder/projects/pharmacy-erp-blueprint/doctor-erp/apps/admin-api/vendor/laravel/framework/src/Illuminate/Foundation/Http/Kernel.php(175): Illuminate\\Pipeline\\Pipeline->then(Object(Closure))
#44 /Users/primesysindia/priyanshuprimesys/PersonalFolder/projects/pharmacy-erp-blueprint/doctor-erp/apps/admin-api/vendor/laravel/framework/src/Illuminate/Foundation/Http/Kernel.php(144): Illuminate\\Foundation\\Http\\Kernel->sendRequestThroughRouter(Object(Illuminate\\Http\\Request))
#45 /Users/primesysindia/priyanshuprimesys/PersonalFolder/projects/pharmacy-erp-blueprint/doctor-erp/apps/admin-api/vendor/laravel/framework/src/Illuminate/Foundation/Application.php(1227): Illuminate\\Foundation\\Http\\Kernel->handle(Object(Illuminate\\Http\\Request))
#46 /Users/primesysindia/priyanshuprimesys/PersonalFolder/projects/pharmacy-erp-blueprint/doctor-erp/apps/admin-api/public/index.php(20): Illuminate\\Foundation\\Application->handleRequest(Object(Illuminate\\Http\\Request))
#47 /Users/primesysindia/priyanshuprimesys/PersonalFolder/projects/pharmacy-erp-blueprint/doctor-erp/apps/admin-api/vendor/laravel/framework/src/Illuminate/Foundation/resources/server.php(23): require_once('/Users/primesys...')
#48 {main}
"} 
[2026-08-29 16:22:27] local.ERROR: Class "Modules\Customer\Providers\CustomerServiceProvider" not found {"exception":"[object] (Error(code: 0): Class \"Modules\\Customer\\Providers\\CustomerServiceProvider\" not found at /Users/primesysindia/priyanshuprimesys/PersonalFolder/projects/pharmacy-erp-blueprint/doctor-erp/apps/admin-api/vendor/laravel/framework/src/Illuminate/Foundation/ProviderRepository.php:205)
[stacktrace]
#0 /Users/primesysindia/priyanshuprimesys/PersonalFolder/projects/pharmacy-erp-blueprint/doctor-erp/apps/admin-api/vendor/laravel/framework/src/Illuminate/Foundation/ProviderRepository.php(141): Illuminate\\Foundation\\ProviderRepository->createProvider('Modules\\\\Custome...')
#1 /Users/primesysindia/priyanshuprimesys/PersonalFolder/projects/pharmacy-erp-blueprint/doctor-erp/apps/admin-api/vendor/laravel/framework/src/Illuminate/Foundation/ProviderRepository.php(60): Illuminate\\Foundation\\ProviderRepository->compileManifest(Array)
#2 /Users/primesysindia/priyanshuprimesys/PersonalFolder/projects/pharmacy-erp-blueprint/doctor-erp/apps/admin-api/vendor/nwidart/laravel-modules/src/ModulesServiceProvider.php(32): Illuminate\\Foundation\\ProviderRepository->load(Array)
#3 /Users/primesysindia/priyanshuprimesys/PersonalFolder/projects/pharmacy-erp-blueprint/doctor-erp/apps/admin-api/vendor/nwidart/laravel-modules/src/LaravelModulesServiceProvider.php(51): Nwidart\\Modules\\ModulesServiceProvider->registerModules()
#4 /Users/primesysindia/priyanshuprimesys/PersonalFolder/projects/pharmacy-erp-blueprint/doctor-erp/apps/admin-api/vendor/laravel/framework/src/Illuminate/Foundation/Application.php(903): Nwidart\\Modules\\LaravelModulesServiceProvider->register()
#5 /Users/primesysindia/priyanshuprimesys/PersonalFolder/projects/pharmacy-erp-blueprint/doctor-erp/apps/admin-api/vendor/laravel/framework/src/Illuminate/Foundation/ProviderRepository.php(74): Illuminate\\Foundation\\Application->register(Object(Nwidart\\Modules\\LaravelModulesServiceProvider))
#6 /Users/primesysindia/priyanshuprimesys/PersonalFolder/projects/pharmacy-erp-blueprint/doctor-erp/apps/admin-api/vendor/laravel/framework/src/Illuminate/Foundation/Application.php(878): Illuminate\\Foundation\\ProviderRepository->load(Array)
#7 /Users/primesysindia/priyanshuprimesys/PersonalFolder/projects/pharmacy-erp-blueprint/doctor-erp/apps/admin-api/vendor/laravel/framework/src/Illuminate/Foundation/Bootstrap/RegisterProviders.php(37): Illuminate\\Foundation\\Application->registerConfiguredProviders()
#8 /Users/primesysindia/priyanshuprimesys/PersonalFolder/projects/pharmacy-erp-blueprint/doctor-erp/apps/admin-api/vendor/laravel/framework/src/Illuminate/Foundation/Application.php(349): Illuminate\\Foundation\\Bootstrap\\RegisterProviders->bootstrap(Object(Illuminate\\Foundation\\Application))
#9 /Users/primesysindia/priyanshuprimesys/PersonalFolder/projects/pharmacy-erp-blueprint/doctor-erp/apps/admin-api/vendor/laravel/framework/src/Illuminate/Foundation/Http/Kernel.php(186): Illuminate\\Foundation\\Application->bootstrapWith(Array)
#10 /Users/primesysindia/priyanshuprimesys/PersonalFolder/projects/pharmacy-erp-blueprint/doctor-erp/apps/admin-api/vendor/laravel/framework/src/Illuminate/Foundation/Http/Kernel.php(170): Illuminate\\Foundation\\Http\\Kernel->bootstrap()
#11 /Users/primesysindia/priyanshuprimesys/PersonalFolder/projects/pharmacy-erp-blueprint/doctor-erp/apps/admin-api/vendor/laravel/framework/src/Illuminate/Foundation/Http/Kernel.php(144): Illuminate\\Foundation\\Http\\Kernel->sendRequestThroughRouter(Object(Illuminate\\Http\\Request))
#12 /Users/primesysindia/priyanshuprimesys/PersonalFolder/projects/pharmacy-erp-blueprint/doctor-erp/apps/admin-api/vendor/laravel/framework/src/Illuminate/Foundation/Application.php(1227): Illuminate\\Foundation\\Http\\Kernel->handle(Object(Illuminate\\Http\\Request))
#13 /Users/primesysindia/priyanshuprimesys/PersonalFolder/projects/pharmacy-erp-blueprint/doctor-erp/apps/admin-api/public/index.php(20): Illuminate\\Foundation\\Application->handleRequest(Object(Illuminate\\Http\\Request))
#14 /Users/primesysindia/.composer/vendor/laravel/valet/server.php(110): require('/Users/primesys...')
#15 {main}
"} 
[2026-08-29 16:22:27] local.ERROR: Class "Modules\Customer\Providers\CustomerServiceProvider" not found {"exception":"[object] (Error(code: 0): Class \"Modules\\Customer\\Providers\\CustomerServiceProvider\" not found at /Users/primesysindia/priyanshuprimesys/PersonalFolder/projects/pharmacy-erp-blueprint/doctor-erp/apps/admin-api/vendor/laravel/framework/src/Illuminate/Foundation/ProviderRepository.php:205)
[stacktrace]
#0 /Users/primesysindia/priyanshuprimesys/PersonalFolder/projects/pharmacy-erp-blueprint/doctor-erp/apps/admin-api/vendor/laravel/framework/src/Illuminate/Foundation/ProviderRepository.php(141): Illuminate\\Foundation\\ProviderRepository->createProvider('Modules\\\\Custome...')
#1 /Users/primesysindia/priyanshuprimesys/PersonalFolder/projects/pharmacy-erp-blueprint/doctor-erp/apps/admin-api/vendor/laravel/framework/src/Illuminate/Foundation/ProviderRepository.php(60): Illuminate\\Foundation\\ProviderRepository->compileManifest(Array)
#2 /Users/primesysindia/priyanshuprimesys/PersonalFolder/projects/pharmacy-erp-blueprint/doctor-erp/apps/admin-api/vendor/nwidart/laravel-modules/src/ModulesServiceProvider.php(32): Illuminate\\Foundation\\ProviderRepository->load(Array)
#3 /Users/primesysindia/priyanshuprimesys/PersonalFolder/projects/pharmacy-erp-blueprint/doctor-erp/apps/admin-api/vendor/nwidart/laravel-modules/src/LaravelModulesServiceProvider.php(51): Nwidart\\Modules\\ModulesServiceProvider->registerModules()
#4 /Users/primesysindia/priyanshuprimesys/PersonalFolder/projects/pharmacy-erp-blueprint/doctor-erp/apps/admin-api/vendor/laravel/framework/src/Illuminate/Foundation/Application.php(903): Nwidart\\Modules\\LaravelModulesServiceProvider->register()
#5 /Users/primesysindia/priyanshuprimesys/PersonalFolder/projects/pharmacy-erp-blueprint/doctor-erp/apps/admin-api/vendor/laravel/framework/src/Illuminate/Foundation/ProviderRepository.php(74): Illuminate\\Foundation\\Application->register(Object(Nwidart\\Modules\\LaravelModulesServiceProvider))
#6 /Users/primesysindia/priyanshuprimesys/PersonalFolder/projects/pharmacy-erp-blueprint/doctor-erp/apps/admin-api/vendor/laravel/framework/src/Illuminate/Foundation/Application.php(878): Illuminate\\Foundation\\ProviderRepository->load(Array)
#7 /Users/primesysindia/priyanshuprimesys/PersonalFolder/projects/pharmacy-erp-blueprint/doctor-erp/apps/admin-api/vendor/laravel/framework/src/Illuminate/Foundation/Bootstrap/RegisterProviders.php(37): Illuminate\\Foundation\\Application->registerConfiguredProviders()
#8 /Users/primesysindia/priyanshuprimesys/PersonalFolder/projects/pharmacy-erp-blueprint/doctor-erp/apps/admin-api/vendor/laravel/framework/src/Illuminate/Foundation/Application.php(349): Illuminate\\Foundation\\Bootstrap\\RegisterProviders->bootstrap(Object(Illuminate\\Foundation\\Application))
#9 /Users/primesysindia/priyanshuprimesys/PersonalFolder/projects/pharmacy-erp-blueprint/doctor-erp/apps/admin-api/vendor/laravel/framework/src/Illuminate/Foundation/Http/Kernel.php(186): Illuminate\\Foundation\\Application->bootstrapWith(Array)
#10 /Users/primesysindia/priyanshuprimesys/PersonalFolder/projects/pharmacy-erp-blueprint/doctor-erp/apps/admin-api/vendor/laravel/framework/src/Illuminate/Foundation/Http/Kernel.php(170): Illuminate\\Foundation\\Http\\Kernel->bootstrap()
#11 /Users/primesysindia/priyanshuprimesys/PersonalFolder/projects/pharmacy-erp-blueprint/doctor-erp/apps/admin-api/vendor/laravel/framework/src/Illuminate/Foundation/Http/Kernel.php(144): Illuminate\\Foundation\\Http\\Kernel->sendRequestThroughRouter(Object(Illuminate\\Http\\Request))
#12 /Users/primesysindia/priyanshuprimesys/PersonalFolder/projects/pharmacy-erp-blueprint/doctor-erp/apps/admin-api/vendor/laravel/framework/src/Illuminate/Foundation/Application.php(1227): Illuminate\\Foundation\\Http\\Kernel->handle(Object(Illuminate\\Http\\Request))
#13 /Users/primesysindia/priyanshuprimesys/PersonalFolder/projects/pharmacy-erp-blueprint/doctor-erp/apps/admin-api/public/index.php(20): Illuminate\\Foundation\\Application->handleRequest(Object(Illuminate\\Http\\Request))
#14 /Users/primesysindia/.composer/vendor/laravel/valet/server.php(110): require('/Users/primesys...')
#15 {main}
"} 
[2026-08-29 16:22:28] local.ERROR: Class "Modules\Customer\Providers\CustomerServiceProvider" not found {"exception":"[object] (Error(code: 0): Class \"Modules\\Customer\\Providers\\CustomerServiceProvider\" not found at /Users/primesysindia/priyanshuprimesys/PersonalFolder/projects/pharmacy-erp-blueprint/doctor-erp/apps/admin-api/vendor/laravel/framework/src/Illuminate/Foundation/ProviderRepository.php:205)
[stacktrace]
#0 /Users/primesysindia/priyanshuprimesys/PersonalFolder/projects/pharmacy-erp-blueprint/doctor-erp/apps/admin-api/vendor/laravel/framework/src/Illuminate/Foundation/ProviderRepository.php(141): Illuminate\\Foundation\\ProviderRepository->createProvider('Modules\\\\Custome...')
#1 /Users/primesysindia/priyanshuprimesys/PersonalFolder/projects/pharmacy-erp-blueprint/doctor-erp/apps/admin-api/vendor/laravel/framework/src/Illuminate/Foundation/ProviderRepository.php(60): Illuminate\\Foundation\\ProviderRepository->compileManifest(Array)
#2 /Users/primesysindia/priyanshuprimesys/PersonalFolder/projects/pharmacy-erp-blueprint/doctor-erp/apps/admin-api/vendor/nwidart/laravel-modules/src/ModulesServiceProvider.php(32): Illuminate\\Foundation\\ProviderRepository->load(Array)
#3 /Users/primesysindia/priyanshuprimesys/PersonalFolder/projects/pharmacy-erp-blueprint/doctor-erp/apps/admin-api/vendor/nwidart/laravel-modules/src/LaravelModulesServiceProvider.php(51): Nwidart\\Modules\\ModulesServiceProvider->registerModules()
#4 /Users/primesysindia/priyanshuprimesys/PersonalFolder/projects/pharmacy-erp-blueprint/doctor-erp/apps/admin-api/vendor/laravel/framework/src/Illuminate/Foundation/Application.php(903): Nwidart\\Modules\\LaravelModulesServiceProvider->register()
#5 /Users/primesysindia/priyanshuprimesys/PersonalFolder/projects/pharmacy-erp-blueprint/doctor-erp/apps/admin-api/vendor/laravel/framework/src/Illuminate/Foundation/ProviderRepository.php(74): Illuminate\\Foundation\\Application->register(Object(Nwidart\\Modules\\LaravelModulesServiceProvider))
#6 /Users/primesysindia/priyanshuprimesys/PersonalFolder/projects/pharmacy-erp-blueprint/doctor-erp/apps/admin-api/vendor/laravel/framework/src/Illuminate/Foundation/Application.php(878): Illuminate\\Foundation\\ProviderRepository->load(Array)
#7 /Users/primesysindia/priyanshuprimesys/PersonalFolder/projects/pharmacy-erp-blueprint/doctor-erp/apps/admin-api/vendor/laravel/framework/src/Illuminate/Foundation/Bootstrap/RegisterProviders.php(37): Illuminate\\Foundation\\Application->registerConfiguredProviders()
#8 /Users/primesysindia/priyanshuprimesys/PersonalFolder/projects/pharmacy-erp-blueprint/doctor-erp/apps/admin-api/vendor/laravel/framework/src/Illuminate/Foundation/Application.php(349): Illuminate\\Foundation\\Bootstrap\\RegisterProviders->bootstrap(Object(Illuminate\\Foundation\\Application))
#9 /Users/primesysindia/priyanshuprimesys/PersonalFolder/projects/pharmacy-erp-blueprint/doctor-erp/apps/admin-api/vendor/laravel/framework/src/Illuminate/Foundation/Http/Kernel.php(186): Illuminate\\Foundation\\Application->bootstrapWith(Array)
#10 /Users/primesysindia/priyanshuprimesys/PersonalFolder/projects/pharmacy-erp-blueprint/doctor-erp/apps/admin-api/vendor/laravel/framework/src/Illuminate/Foundation/Http/Kernel.php(170): Illuminate\\Foundation\\Http\\Kernel->bootstrap()
#11 /Users/primesysindia/priyanshuprimesys/PersonalFolder/projects/pharmacy-erp-blueprint/doctor-erp/apps/admin-api/vendor/laravel/framework/src/Illuminate/Foundation/Http/Kernel.php(144): Illuminate\\Foundation\\Http\\Kernel->sendRequestThroughRouter(Object(Illuminate\\Http\\Request))
#12 /Users/primesysindia/priyanshuprimesys/PersonalFolder/projects/pharmacy-erp-blueprint/doctor-erp/apps/admin-api/vendor/laravel/framework/src/Illuminate/Foundation/Application.php(1227): Illuminate\\Foundation\\Http\\Kernel->handle(Object(Illuminate\\Http\\Request))
#13 /Users/primesysindia/priyanshuprimesys/PersonalFolder/projects/pharmacy-erp-blueprint/doctor-erp/apps/admin-api/public/index.php(20): Illuminate\\Foundation\\Application->handleRequest(Object(Illuminate\\Http\\Request))
#14 /Users/primesysindia/.composer/vendor/laravel/valet/server.php(110): require('/Users/primesys...')
#15 {main}
"} 
[2026-08-29 16:22:28] local.ERROR: Class "Modules\Customer\Providers\CustomerServiceProvider" not found {"exception":"[object] (Error(code: 0): Class \"Modules\\Customer\\Providers\\CustomerServiceProvider\" not found at /Users/primesysindia/priyanshuprimesys/PersonalFolder/projects/pharmacy-erp-blueprint/doctor-erp/apps/admin-api/vendor/laravel/framework/src/Illuminate/Foundation/ProviderRepository.php:205)
[stacktrace]
#0 /Users/primesysindia/priyanshuprimesys/PersonalFolder/projects/pharmacy-erp-blueprint/doctor-erp/apps/admin-api/vendor/laravel/framework/src/Illuminate/Foundation/ProviderRepository.php(141): Illuminate\\Foundation\\ProviderRepository->createProvider('Modules\\\\Custome...')
#1 /Users/primesysindia/priyanshuprimesys/PersonalFolder/projects/pharmacy-erp-blueprint/doctor-erp/apps/admin-api/vendor/laravel/framework/src/Illuminate/Foundation/ProviderRepository.php(60): Illuminate\\Foundation\\ProviderRepository->compileManifest(Array)
#2 /Users/primesysindia/priyanshuprimesys/PersonalFolder/projects/pharmacy-erp-blueprint/doctor-erp/apps/admin-api/vendor/nwidart/laravel-modules/src/ModulesServiceProvider.php(32): Illuminate\\Foundation\\ProviderRepository->load(Array)
#3 /Users/primesysindia/priyanshuprimesys/PersonalFolder/projects/pharmacy-erp-blueprint/doctor-erp/apps/admin-api/vendor/nwidart/laravel-modules/src/LaravelModulesServiceProvider.php(51): Nwidart\\Modules\\ModulesServiceProvider->registerModules()
#4 /Users/primesysindia/priyanshuprimesys/PersonalFolder/projects/pharmacy-erp-blueprint/doctor-erp/apps/admin-api/vendor/laravel/framework/src/Illuminate/Foundation/Application.php(903): Nwidart\\Modules\\LaravelModulesServiceProvider->register()
#5 /Users/primesysindia/priyanshuprimesys/PersonalFolder/projects/pharmacy-erp-blueprint/doctor-erp/apps/admin-api/vendor/laravel/framework/src/Illuminate/Foundation/ProviderRepository.php(74): Illuminate\\Foundation\\Application->register(Object(Nwidart\\Modules\\LaravelModulesServiceProvider))
#6 /Users/primesysindia/priyanshuprimesys/PersonalFolder/projects/pharmacy-erp-blueprint/doctor-erp/apps/admin-api/vendor/laravel/framework/src/Illuminate/Foundation/Application.php(878): Illuminate\\Foundation\\ProviderRepository->load(Array)
#7 /Users/primesysindia/priyanshuprimesys/PersonalFolder/projects/pharmacy-erp-blueprint/doctor-erp/apps/admin-api/vendor/laravel/framework/src/Illuminate/Foundation/Bootstrap/RegisterProviders.php(37): Illuminate\\Foundation\\Application->registerConfiguredProviders()
#8 /Users/primesysindia/priyanshuprimesys/PersonalFolder/projects/pharmacy-erp-blueprint/doctor-erp/apps/admin-api/vendor/laravel/framework/src/Illuminate/Foundation/Application.php(349): Illuminate\\Foundation\\Bootstrap\\RegisterProviders->bootstrap(Object(Illuminate\\Foundation\\Application))
#9 /Users/primesysindia/priyanshuprimesys/PersonalFolder/projects/pharmacy-erp-blueprint/doctor-erp/apps/admin-api/vendor/laravel/framework/src/Illuminate/Foundation/Http/Kernel.php(186): Illuminate\\Foundation\\Application->bootstrapWith(Array)
#10 /Users/primesysindia/priyanshuprimesys/PersonalFolder/projects/pharmacy-erp-blueprint/doctor-erp/apps/admin-api/vendor/laravel/framework/src/Illuminate/Foundation/Http/Kernel.php(170): Illuminate\\Foundation\\Http\\Kernel->bootstrap()
#11 /Users/primesysindia/priyanshuprimesys/PersonalFolder/projects/pharmacy-erp-blueprint/doctor-erp/apps/admin-api/vendor/laravel/framework/src/Illuminate/Foundation/Http/Kernel.php(144): Illuminate\\Foundation\\Http\\Kernel->sendRequestThroughRouter(Object(Illuminate\\Http\\Request))
#12 /Users/primesysindia/priyanshuprimesys/PersonalFolder/projects/pharmacy-erp-blueprint/doctor-erp/apps/admin-api/vendor/laravel/framework/src/Illuminate/Foundation/Application.php(1227): Illuminate\\Foundation\\Http\\Kernel->handle(Object(Illuminate\\Http\\Request))
#13 /Users/primesysindia/priyanshuprimesys/PersonalFolder/projects/pharmacy-erp-blueprint/doctor-erp/apps/admin-api/public/index.php(20): Illuminate\\Foundation\\Application->handleRequest(Object(Illuminate\\Http\\Request))
#14 /Users/primesysindia/.composer/vendor/laravel/valet/server.php(110): require('/Users/primesys...')
#15 {main}
"} 
[2026-09-01 06:15:35] local.ERROR: Class "Modules\Organization\Providers\OrganizationServiceProvider" not found {"exception":"[object] (Error(code: 0): Class \"Modules\\Organization\\Providers\\OrganizationServiceProvider\" not found at /Users/primesysindia/priyanshuprimesys/PersonalFolder/projects/pharmacy-erp-blueprint/doctor-erp/apps/admin-api/vendor/laravel/framework/src/Illuminate/Foundation/ProviderRepository.php:205)
[stacktrace]
#0 /Users/primesysindia/priyanshuprimesys/PersonalFolder/projects/pharmacy-erp-blueprint/doctor-erp/apps/admin-api/vendor/laravel/framework/src/Illuminate/Foundation/ProviderRepository.php(141): Illuminate\\Foundation\\ProviderRepository->createProvider('Modules\\\\Organiz...')
#1 /Users/primesysindia/priyanshuprimesys/PersonalFolder/projects/pharmacy-erp-blueprint/doctor-erp/apps/admin-api/vendor/laravel/framework/src/Illuminate/Foundation/ProviderRepository.php(60): Illuminate\\Foundation\\ProviderRepository->compileManifest(Array)
#2 /Users/primesysindia/priyanshuprimesys/PersonalFolder/projects/pharmacy-erp-blueprint/doctor-erp/apps/admin-api/vendor/nwidart/laravel-modules/src/ModulesServiceProvider.php(32): Illuminate\\Foundation\\ProviderRepository->load(Array)
#3 /Users/primesysindia/priyanshuprimesys/PersonalFolder/projects/pharmacy-erp-blueprint/doctor-erp/apps/admin-api/vendor/nwidart/laravel-modules/src/LaravelModulesServiceProvider.php(51): Nwidart\\Modules\\ModulesServiceProvider->registerModules()
#4 /Users/primesysindia/priyanshuprimesys/PersonalFolder/projects/pharmacy-erp-blueprint/doctor-erp/apps/admin-api/vendor/laravel/framework/src/Illuminate/Foundation/Application.php(903): Nwidart\\Modules\\LaravelModulesServiceProvider->register()
#5 /Users/primesysindia/priyanshuprimesys/PersonalFolder/projects/pharmacy-erp-blueprint/doctor-erp/apps/admin-api/vendor/laravel/framework/src/Illuminate/Foundation/ProviderRepository.php(74): Illuminate\\Foundation\\Application->register(Object(Nwidart\\Modules\\LaravelModulesServiceProvider))
#6 /Users/primesysindia/priyanshuprimesys/PersonalFolder/projects/pharmacy-erp-blueprint/doctor-erp/apps/admin-api/vendor/laravel/framework/src/Illuminate/Foundation/Application.php(878): Illuminate\\Foundation\\ProviderRepository->load(Array)
#7 /Users/primesysindia/priyanshuprimesys/PersonalFolder/projects/pharmacy-erp-blueprint/doctor-erp/apps/admin-api/vendor/laravel/framework/src/Illuminate/Foundation/Bootstrap/RegisterProviders.php(37): Illuminate\\Foundation\\Application->registerConfiguredProviders()
#8 /Users/primesysindia/priyanshuprimesys/PersonalFolder/projects/pharmacy-erp-blueprint/doctor-erp/apps/admin-api/vendor/laravel/framework/src/Illuminate/Foundation/Application.php(349): Illuminate\\Foundation\\Bootstrap\\RegisterProviders->bootstrap(Object(Illuminate\\Foundation\\Application))
#9 /Users/primesysindia/priyanshuprimesys/PersonalFolder/projects/pharmacy-erp-blueprint/doctor-erp/apps/admin-api/vendor/laravel/framework/src/Illuminate/Foundation/Console/Kernel.php(494): Illuminate\\Foundation\\Application->bootstrapWith(Array)
#10 /Users/primesysindia/priyanshuprimesys/PersonalFolder/projects/pharmacy-erp-blueprint/doctor-erp/apps/admin-api/vendor/laravel/framework/src/Illuminate/Foundation/Console/Kernel.php(196): Illuminate\\Foundation\\Console\\Kernel->bootstrap()
#11 /Users/primesysindia/priyanshuprimesys/PersonalFolder/projects/pharmacy-erp-blueprint/doctor-erp/apps/admin-api/vendor/laravel/framework/src/Illuminate/Foundation/Application.php(1242): Illuminate\\Foundation\\Console\\Kernel->handle(Object(Symfony\\Component\\Console\\Input\\ArgvInput), Object(Symfony\\Component\\Console\\Output\\ConsoleOutput))
#12 /Users/primesysindia/priyanshuprimesys/PersonalFolder/projects/pharmacy-erp-blueprint/doctor-erp/apps/admin-api/artisan(16): Illuminate\\Foundation\\Application->handleCommand(Object(Symfony\\Component\\Console\\Input\\ArgvInput))
#13 {main}
"} 
[2026-09-01 15:28:34] local.ERROR: SQLSTATE[HY000]: General error: 1364 Field 'id' doesn't have a default value (Connection: mysql, Host: 127.0.0.1, Port: 3306, Database: opdadmin, SQL: insert into `license_plans` (`code`, `name`, `description`, `price`, `currency`, `is_active`, `sort_order`, `updated_at`, `created_at`) values (BASIC, Basic, Entry-level plan for single-branch practices., 499, USD, 1, 1, 2026-09-01 15:28:34, 2026-09-01 15:28:34)) {"exception":"[object] (Illuminate\\Database\\QueryException(code: HY000): SQLSTATE[HY000]: General error: 1364 Field 'id' doesn't have a default value (Connection: mysql, Host: 127.0.0.1, Port: 3306, Database: opdadmin, SQL: insert into `license_plans` (`code`, `name`, `description`, `price`, `currency`, `is_active`, `sort_order`, `updated_at`, `created_at`) values (BASIC, Basic, Entry-level plan for single-branch practices., 499, USD, 1, 1, 2026-09-01 15:28:34, 2026-09-01 15:28:34)) at /Users/primesysindia/priyanshuprimesys/PersonalFolder/projects/pharmacy-erp-blueprint/doctor-erp/apps/admin-api/vendor/laravel/framework/src/Illuminate/Database/Connection.php:857)
[stacktrace]
#0 /Users/primesysindia/priyanshuprimesys/PersonalFolder/projects/pharmacy-erp-blueprint/doctor-erp/apps/admin-api/vendor/laravel/framework/src/Illuminate/Database/Connection.php(813): Illuminate\\Database\\Connection->runQueryCallback('insert into `li...', Array, Object(Closure))
#1 /Users/primesysindia/priyanshuprimesys/PersonalFolder/projects/pharmacy-erp-blueprint/doctor-erp/apps/admin-api/vendor/laravel/framework/src/Illuminate/Database/MySqlConnection.php(42): Illuminate\\Database\\Connection->run('insert into `li...', Array, Object(Closure))
#2 /Users/primesysindia/priyanshuprimesys/PersonalFolder/projects/pharmacy-erp-blueprint/doctor-erp/apps/admin-api/vendor/laravel/framework/src/Illuminate/Database/Query/Builder.php(4220): Illuminate\\Database\\MySqlConnection->insert('insert into `li...', Array)
#3 /Users/primesysindia/priyanshuprimesys/PersonalFolder/projects/pharmacy-erp-blueprint/doctor-erp/apps/admin-api/vendor/laravel/framework/src/Illuminate/Database/Eloquent/Builder.php(2303): Illuminate\\Database\\Query\\Builder->insert(Array)
#4 /Users/primesysindia/priyanshuprimesys/PersonalFolder/projects/pharmacy-erp-blueprint/doctor-erp/apps/admin-api/vendor/laravel/framework/src/Illuminate/Database/Eloquent/Model.php(1614): Illuminate\\Database\\Eloquent\\Builder->__call('insert', Array)
#5 /Users/primesysindia/priyanshuprimesys/PersonalFolder/projects/pharmacy-erp-blueprint/doctor-erp/apps/admin-api/vendor/laravel/framework/src/Illuminate/Database/Eloquent/Model.php(1407): Illuminate\\Database\\Eloquent\\Model->performInsert(Object(Illuminate\\Database\\Eloquent\\Builder))
#6 /Users/primesysindia/priyanshuprimesys/PersonalFolder/projects/pharmacy-erp-blueprint/doctor-erp/apps/admin-api/vendor/laravel/framework/src/Illuminate/Database/Eloquent/Builder.php(1257): Illuminate\\Database\\Eloquent\\Model->save()
#7 /Users/primesysindia/priyanshuprimesys/PersonalFolder/projects/pharmacy-erp-blueprint/doctor-erp/apps/admin-api/vendor/laravel/framework/src/Illuminate/Support/helpers.php(393): Illuminate\\Database\\Eloquent\\Builder->{closure:Illuminate\\Database\\Eloquent\\Builder::create():1256}(Object(Modules\\License\\Models\\LicensePlan))
#8 /Users/primesysindia/priyanshuprimesys/PersonalFolder/projects/pharmacy-erp-blueprint/doctor-erp/apps/admin-api/vendor/laravel/framework/src/Illuminate/Database/Eloquent/Builder.php(1256): tap(Object(Modules\\License\\Models\\LicensePlan), Object(Closure))
#9 /Users/primesysindia/priyanshuprimesys/PersonalFolder/projects/pharmacy-erp-blueprint/doctor-erp/apps/admin-api/vendor/laravel/framework/src/Illuminate/Database/Eloquent/Builder.php(753): Illuminate\\Database\\Eloquent\\Builder->create(Array)
#10 /Users/primesysindia/priyanshuprimesys/PersonalFolder/projects/pharmacy-erp-blueprint/doctor-erp/apps/admin-api/vendor/laravel/framework/src/Illuminate/Database/Eloquent/Builder.php(2027): Illuminate\\Database\\Eloquent\\Builder->{closure:Illuminate\\Database\\Eloquent\\Builder::createOrFirst():753}()
#11 /Users/primesysindia/priyanshuprimesys/PersonalFolder/projects/pharmacy-erp-blueprint/doctor-erp/apps/admin-api/vendor/laravel/framework/src/Illuminate/Database/Eloquent/Builder.php(753): Illuminate\\Database\\Eloquent\\Builder->withSavepointIfNeeded(Object(Closure))
#12 /Users/primesysindia/priyanshuprimesys/PersonalFolder/projects/pharmacy-erp-blueprint/doctor-erp/apps/admin-api/vendor/laravel/framework/src/Illuminate/Database/Eloquent/Builder.php(738): Illuminate\\Database\\Eloquent\\Builder->createOrFirst(Array, Array)
#13 /Users/primesysindia/priyanshuprimesys/PersonalFolder/projects/pharmacy-erp-blueprint/doctor-erp/apps/admin-api/vendor/laravel/framework/src/Illuminate/Database/Eloquent/Builder.php(768): Illuminate\\Database\\Eloquent\\Builder->firstOrCreate(Array, Array)
#14 /Users/primesysindia/priyanshuprimesys/PersonalFolder/projects/pharmacy-erp-blueprint/doctor-erp/apps/admin-api/database/seeders/LicensePlanSeeder.php(22): Illuminate\\Database\\Eloquent\\Builder->updateOrCreate(Array, Array)
#15 /Users/primesysindia/priyanshuprimesys/PersonalFolder/projects/pharmacy-erp-blueprint/doctor-erp/apps/admin-api/vendor/laravel/framework/src/Illuminate/Container/BoundMethod.php(36): Database\\Seeders\\LicensePlanSeeder->run()
#16 /Users/primesysindia/priyanshuprimesys/PersonalFolder/projects/pharmacy-erp-blueprint/doctor-erp/apps/admin-api/vendor/laravel/framework/src/Illuminate/Container/Util.php(43): Illuminate\\Container\\BoundMethod::{closure:Illuminate\\Container\\BoundMethod::call():35}()
#17 /Users/primesysindia/priyanshuprimesys/PersonalFolder/projects/pharmacy-erp-blueprint/doctor-erp/apps/admin-api/vendor/laravel/framework/src/Illuminate/Container/BoundMethod.php(96): Illuminate\\Container\\Util::unwrapIfClosure(Object(Closure))
#18 /Users/primesysindia/priyanshuprimesys/PersonalFolder/projects/pharmacy-erp-blueprint/doctor-erp/apps/admin-api/vendor/laravel/framework/src/Illuminate/Container/BoundMethod.php(35): Illuminate\\Container\\BoundMethod::callBoundMethod(Object(Illuminate\\Foundation\\Application), Array, Object(Closure))
#19 /Users/primesysindia/priyanshuprimesys/PersonalFolder/projects/pharmacy-erp-blueprint/doctor-erp/apps/admin-api/vendor/laravel/framework/src/Illuminate/Container/Container.php(803): Illuminate\\Container\\BoundMethod::call(Object(Illuminate\\Foundation\\Application), Array, Array, NULL)
#20 /Users/primesysindia/priyanshuprimesys/PersonalFolder/projects/pharmacy-erp-blueprint/doctor-erp/apps/admin-api/vendor/laravel/framework/src/Illuminate/Database/Seeder.php(184): Illuminate\\Container\\Container->call(Array, Array)
#21 /Users/primesysindia/priyanshuprimesys/PersonalFolder/projects/pharmacy-erp-blueprint/doctor-erp/apps/admin-api/vendor/laravel/framework/src/Illuminate/Database/Seeder.php(191): Illuminate\\Database\\Seeder->{closure:Illuminate\\Database\\Seeder::__invoke():183}()
#22 /Users/primesysindia/priyanshuprimesys/PersonalFolder/projects/pharmacy-erp-blueprint/doctor-erp/apps/admin-api/vendor/laravel/framework/src/Illuminate/Database/Seeder.php(59): Illuminate\\Database\\Seeder->__invoke(Array)
#23 /Users/primesysindia/priyanshuprimesys/PersonalFolder/projects/pharmacy-erp-blueprint/doctor-erp/apps/admin-api/database/seeders/DatabaseSeeder.php(27): Illuminate\\Database\\Seeder->call('Database\\\\Seeder...')
#24 /Users/primesysindia/priyanshuprimesys/PersonalFolder/projects/pharmacy-erp-blueprint/doctor-erp/apps/admin-api/vendor/laravel/framework/src/Illuminate/Container/BoundMethod.php(36): Database\\Seeders\\DatabaseSeeder->run()
#25 /Users/primesysindia/priyanshuprimesys/PersonalFolder/projects/pharmacy-erp-blueprint/doctor-erp/apps/admin-api/vendor/laravel/framework/src/Illuminate/Container/Util.php(43): Illuminate\\Container\\BoundMethod::{closure:Illuminate\\Container\\BoundMethod::call():35}()
#26 /Users/primesysindia/priyanshuprimesys/PersonalFolder/projects/pharmacy-erp-blueprint/doctor-erp/apps/admin-api/vendor/laravel/framework/src/Illuminate/Container/BoundMethod.php(96): Illuminate\\Container\\Util::unwrapIfClosure(Object(Closure))
#27 /Users/primesysindia/priyanshuprimesys/PersonalFolder/projects/pharmacy-erp-blueprint/doctor-erp/apps/admin-api/vendor/laravel/framework/src/Illuminate/Container/BoundMethod.php(35): Illuminate\\Container\\BoundMethod::callBoundMethod(Object(Illuminate\\Foundation\\Application), Array, Object(Closure))
#28 /Users/primesysindia/priyanshuprimesys/PersonalFolder/projects/pharmacy-erp-blueprint/doctor-erp/apps/admin-api/vendor/laravel/framework/src/Illuminate/Container/Container.php(803): Illuminate\\Container\\BoundMethod::call(Object(Illuminate\\Foundation\\Application), Array, Array, NULL)
#29 /Users/primesysindia/priyanshuprimesys/PersonalFolder/projects/pharmacy-erp-blueprint/doctor-erp/apps/admin-api/vendor/laravel/framework/src/Illuminate/Database/Seeder.php(184): Illuminate\\Container\\Container->call(Array, Array)
#30 /Users/primesysindia/priyanshuprimesys/PersonalFolder/projects/pharmacy-erp-blueprint/doctor-erp/apps/admin-api/vendor/laravel/framework/src/Illuminate/Database/Eloquent/Concerns/HasEvents.php(456): Illuminate\\Database\\Seeder->{closure:Illuminate\\Database\\Seeder::__invoke():183}()
#31 /Users/primesysindia/priyanshuprimesys/PersonalFolder/projects/pharmacy-erp-blueprint/doctor-erp/apps/admin-api/vendor/laravel/framework/src/Illuminate/Database/Console/Seeds/WithoutModelEvents.php(17): Illuminate\\Database\\Eloquent\\Model::withoutEvents(Object(Closure))
#32 /Users/primesysindia/priyanshuprimesys/PersonalFolder/projects/pharmacy-erp-blueprint/doctor-erp/apps/admin-api/vendor/laravel/framework/src/Illuminate/Database/Seeder.php(191): Database\\Seeders\\DatabaseSeeder->{closure:Illuminate\\Database\\Console\\Seeds\\WithoutModelEvents::withoutModelEvents():17}()
#33 /Users/primesysindia/priyanshuprimesys/PersonalFolder/projects/pharmacy-erp-blueprint/doctor-erp/apps/admin-api/vendor/laravel/framework/src/Illuminate/Database/Console/Seeds/SeedCommand.php(88): Illuminate\\Database\\Seeder->__invoke()
#34 /Users/primesysindia/priyanshuprimesys/PersonalFolder/projects/pharmacy-erp-blueprint/doctor-erp/apps/admin-api/vendor/laravel/framework/src/Illuminate/Database/Eloquent/Concerns/GuardsAttributes.php(188): Illuminate\\Database\\Console\\Seeds\\SeedCommand->{closure:Illuminate\\Database\\Console\\Seeds\\SeedCommand::handle():87}()
#35 /Users/primesysindia/priyanshuprimesys/PersonalFolder/projects/pharmacy-erp-blueprint/doctor-erp/apps/admin-api/vendor/laravel/framework/src/Illuminate/Database/Console/Seeds/SeedCommand.php(87): Illuminate\\Database\\Eloquent\\Model::unguarded(Object(Closure))
#36 /Users/primesysindia/priyanshuprimesys/PersonalFolder/projects/pharmacy-erp-blueprint/doctor-erp/apps/admin-api/vendor/laravel/framework/src/Illuminate/Container/BoundMethod.php(36): Illuminate\\Database\\Console\\Seeds\\SeedCommand->handle()
#37 /Users/primesysindia/priyanshuprimesys/PersonalFolder/projects/pharmacy-erp-blueprint/doctor-erp/apps/admin-api/vendor/laravel/framework/src/Illuminate/Container/Util.php(43): Illuminate\\Container\\BoundMethod::{closure:Illuminate\\Container\\BoundMethod::call():35}()
#38 /Users/primesysindia/priyanshuprimesys/PersonalFolder/projects/pharmacy-erp-blueprint/doctor-erp/apps/admin-api/vendor/laravel/framework/src/Illuminate/Container/BoundMethod.php(96): Illuminate\\Container\\Util::unwrapIfClosure(Object(Closure))
#39 /Users/primesysindia/priyanshuprimesys/PersonalFolder/projects/pharmacy-erp-blueprint/doctor-erp/apps/admin-api/vendor/laravel/framework/src/Illuminate/Container/BoundMethod.php(35): Illuminate\\Container\\BoundMethod::callBoundMethod(Object(Illuminate\\Foundation\\Application), Array, Object(Closure))
#40 /Users/primesysindia/priyanshuprimesys/PersonalFolder/projects/pharmacy-erp-blueprint/doctor-erp/apps/admin-api/vendor/laravel/framework/src/Illuminate/Container/Container.php(803): Illuminate\\Container\\BoundMethod::call(Object(Illuminate\\Foundation\\Application), Array, Array, NULL)
#41 /Users/primesysindia/priyanshuprimesys/PersonalFolder/projects/pharmacy-erp-blueprint/doctor-erp/apps/admin-api/vendor/laravel/framework/src/Illuminate/Console/Command.php(292): Illuminate\\Container\\Container->call(Array)
#42 /Users/primesysindia/priyanshuprimesys/PersonalFolder/projects/pharmacy-erp-blueprint/doctor-erp/apps/admin-api/vendor/symfony/console/Command/Command.php(284): Illuminate\\Console\\Command->execute(Object(Symfony\\Component\\Console\\Input\\ArgvInput), Object(Illuminate\\Console\\OutputStyle))
#43 /Users/primesysindia/priyanshuprimesys/PersonalFolder/projects/pharmacy-erp-blueprint/doctor-erp/apps/admin-api/vendor/laravel/framework/src/Illuminate/Console/Command.php(261): Symfony\\Component\\Console\\Command\\Command->run(Object(Symfony\\Component\\Console\\Input\\ArgvInput), Object(Illuminate\\Console\\OutputStyle))
#44 /Users/primesysindia/priyanshuprimesys/PersonalFolder/projects/pharmacy-erp-blueprint/doctor-erp/apps/admin-api/vendor/symfony/console/Application.php(1144): Illuminate\\Console\\Command->run(Object(Symfony\\Component\\Console\\Input\\ArgvInput), Object(Symfony\\Component\\Console\\Output\\ConsoleOutput))
#45 /Users/primesysindia/priyanshuprimesys/PersonalFolder/projects/pharmacy-erp-blueprint/doctor-erp/apps/admin-api/vendor/symfony/console/Application.php(379): Symfony\\Component\\Console\\Application->doRunCommand(Object(Illuminate\\Database\\Console\\Seeds\\SeedCommand), Object(Symfony\\Component\\Console\\Input\\ArgvInput), Object(Symfony\\Component\\Console\\Output\\ConsoleOutput))
#46 /Users/primesysindia/priyanshuprimesys/PersonalFolder/projects/pharmacy-erp-blueprint/doctor-erp/apps/admin-api/vendor/symfony/console/Application.php(218): Symfony\\Component\\Console\\Application->doRun(Object(Symfony\\Component\\Console\\Input\\ArgvInput), Object(Symfony\\Component\\Console\\Output\\ConsoleOutput))
#47 /Users/primesysindia/priyanshuprimesys/PersonalFolder/projects/pharmacy-erp-blueprint/doctor-erp/apps/admin-api/vendor/laravel/framework/src/Illuminate/Foundation/Console/Kernel.php(198): Symfony\\Component\\Console\\Application->run(Object(Symfony\\Component\\Console\\Input\\ArgvInput), Object(Symfony\\Component\\Console\\Output\\ConsoleOutput))
#48 /Users/primesysindia/priyanshuprimesys/PersonalFolder/projects/pharmacy-erp-blueprint/doctor-erp/apps/admin-api/vendor/laravel/framework/src/Illuminate/Foundation/Application.php(1242): Illuminate\\Foundation\\Console\\Kernel->handle(Object(Symfony\\Component\\Console\\Input\\ArgvInput), Object(Symfony\\Component\\Console\\Output\\ConsoleOutput))
#49 /Users/primesysindia/priyanshuprimesys/PersonalFolder/projects/pharmacy-erp-blueprint/doctor-erp/apps/admin-api/artisan(16): Illuminate\\Foundation\\Application->handleCommand(Object(Symfony\\Component\\Console\\Input\\ArgvInput))
#50 {main}

[previous exception] [object] (PDOException(code: HY000): SQLSTATE[HY000]: General error: 1364 Field 'id' doesn't have a default value at /Users/primesysindia/priyanshuprimesys/PersonalFolder/projects/pharmacy-erp-blueprint/doctor-erp/apps/admin-api/vendor/laravel/framework/src/Illuminate/Database/MySqlConnection.php:53)
[stacktrace]
#0 /Users/primesysindia/priyanshuprimesys/PersonalFolder/projects/pharmacy-erp-blueprint/doctor-erp/apps/admin-api/vendor/laravel/framework/src/Illuminate/Database/MySqlConnection.php(53): PDOStatement->execute()
#1 /Users/primesysindia/priyanshuprimesys/PersonalFolder/projects/pharmacy-erp-blueprint/doctor-erp/apps/admin-api/vendor/laravel/framework/src/Illuminate/Database/Connection.php(846): Illuminate\\Database\\MySqlConnection->{closure:Illuminate\\Database\\MySqlConnection::insert():42}('insert into `li...', Array)
#2 /Users/primesysindia/priyanshuprimesys/PersonalFolder/projects/pharmacy-erp-blueprint/doctor-erp/apps/admin-api/vendor/laravel/framework/src/Illuminate/Database/Connection.php(813): Illuminate\\Database\\Connection->runQueryCallback('insert into `li...', Array, Object(Closure))
#3 /Users/primesysindia/priyanshuprimesys/PersonalFolder/projects/pharmacy-erp-blueprint/doctor-erp/apps/admin-api/vendor/laravel/framework/src/Illuminate/Database/MySqlConnection.php(42): Illuminate\\Database\\Connection->run('insert into `li...', Array, Object(Closure))
#4 /Users/primesysindia/priyanshuprimesys/PersonalFolder/projects/pharmacy-erp-blueprint/doctor-erp/apps/admin-api/vendor/laravel/framework/src/Illuminate/Database/Query/Builder.php(4220): Illuminate\\Database\\MySqlConnection->insert('insert into `li...', Array)
#5 /Users/primesysindia/priyanshuprimesys/PersonalFolder/projects/pharmacy-erp-blueprint/doctor-erp/apps/admin-api/vendor/laravel/framework/src/Illuminate/Database/Eloquent/Builder.php(2303): Illuminate\\Database\\Query\\Builder->insert(Array)
#6 /Users/primesysindia/priyanshuprimesys/PersonalFolder/projects/pharmacy-erp-blueprint/doctor-erp/apps/admin-api/vendor/laravel/framework/src/Illuminate/Database/Eloquent/Model.php(1614): Illuminate\\Database\\Eloquent\\Builder->__call('insert', Array)
#7 /Users/primesysindia/priyanshuprimesys/PersonalFolder/projects/pharmacy-erp-blueprint/doctor-erp/apps/admin-api/vendor/laravel/framework/src/Illuminate/Database/Eloquent/Model.php(1407): Illuminate\\Database\\Eloquent\\Model->performInsert(Object(Illuminate\\Database\\Eloquent\\Builder))
#8 /Users/primesysindia/priyanshuprimesys/PersonalFolder/projects/pharmacy-erp-blueprint/doctor-erp/apps/admin-api/vendor/laravel/framework/src/Illuminate/Database/Eloquent/Builder.php(1257): Illuminate\\Database\\Eloquent\\Model->save()
#9 /Users/primesysindia/priyanshuprimesys/PersonalFolder/projects/pharmacy-erp-blueprint/doctor-erp/apps/admin-api/vendor/laravel/framework/src/Illuminate/Support/helpers.php(393): Illuminate\\Database\\Eloquent\\Builder->{closure:Illuminate\\Database\\Eloquent\\Builder::create():1256}(Object(Modules\\License\\Models\\LicensePlan))
#10 /Users/primesysindia/priyanshuprimesys/PersonalFolder/projects/pharmacy-erp-blueprint/doctor-erp/apps/admin-api/vendor/laravel/framework/src/Illuminate/Database/Eloquent/Builder.php(1256): tap(Object(Modules\\License\\Models\\LicensePlan), Object(Closure))
#11 /Users/primesysindia/priyanshuprimesys/PersonalFolder/projects/pharmacy-erp-blueprint/doctor-erp/apps/admin-api/vendor/laravel/framework/src/Illuminate/Database/Eloquent/Builder.php(753): Illuminate\\Database\\Eloquent\\Builder->create(Array)
#12 /Users/primesysindia/priyanshuprimesys/PersonalFolder/projects/pharmacy-erp-blueprint/doctor-erp/apps/admin-api/vendor/laravel/framework/src/Illuminate/Database/Eloquent/Builder.php(2027): Illuminate\\Database\\Eloquent\\Builder->{closure:Illuminate\\Database\\Eloquent\\Builder::createOrFirst():753}()
#13 /Users/primesysindia/priyanshuprimesys/PersonalFolder/projects/pharmacy-erp-blueprint/doctor-erp/apps/admin-api/vendor/laravel/framework/src/Illuminate/Database/Eloquent/Builder.php(753): Illuminate\\Database\\Eloquent\\Builder->withSavepointIfNeeded(Object(Closure))
#14 /Users/primesysindia/priyanshuprimesys/PersonalFolder/projects/pharmacy-erp-blueprint/doctor-erp/apps/admin-api/vendor/laravel/framework/src/Illuminate/Database/Eloquent/Builder.php(738): Illuminate\\Database\\Eloquent\\Builder->createOrFirst(Array, Array)
#15 /Users/primesysindia/priyanshuprimesys/PersonalFolder/projects/pharmacy-erp-blueprint/doctor-erp/apps/admin-api/vendor/laravel/framework/src/Illuminate/Database/Eloquent/Builder.php(768): Illuminate\\Database\\Eloquent\\Builder->firstOrCreate(Array, Array)
#16 /Users/primesysindia/priyanshuprimesys/PersonalFolder/projects/pharmacy-erp-blueprint/doctor-erp/apps/admin-api/database/seeders/LicensePlanSeeder.php(22): Illuminate\\Database\\Eloquent\\Builder->updateOrCreate(Array, Array)
#17 /Users/primesysindia/priyanshuprimesys/PersonalFolder/projects/pharmacy-erp-blueprint/doctor-erp/apps/admin-api/vendor/laravel/framework/src/Illuminate/Container/BoundMethod.php(36): Database\\Seeders\\LicensePlanSeeder->run()
#18 /Users/primesysindia/priyanshuprimesys/PersonalFolder/projects/pharmacy-erp-blueprint/doctor-erp/apps/admin-api/vendor/laravel/framework/src/Illuminate/Container/Util.php(43): Illuminate\\Container\\BoundMethod::{closure:Illuminate\\Container\\BoundMethod::call():35}()
#19 /Users/primesysindia/priyanshuprimesys/PersonalFolder/projects/pharmacy-erp-blueprint/doctor-erp/apps/admin-api/vendor/laravel/framework/src/Illuminate/Container/BoundMethod.php(96): Illuminate\\Container\\Util::unwrapIfClosure(Object(Closure))
#20 /Users/primesysindia/priyanshuprimesys/PersonalFolder/projects/pharmacy-erp-blueprint/doctor-erp/apps/admin-api/vendor/laravel/framework/src/Illuminate/Container/BoundMethod.php(35): Illuminate\\Container\\BoundMethod::callBoundMethod(Object(Illuminate\\Foundation\\Application), Array, Object(Closure))
#21 /Users/primesysindia/priyanshuprimesys/PersonalFolder/projects/pharmacy-erp-blueprint/doctor-erp/apps/admin-api/vendor/laravel/framework/src/Illuminate/Container/Container.php(803): Illuminate\\Container\\BoundMethod::call(Object(Illuminate\\Foundation\\Application), Array, Array, NULL)
#22 /Users/primesysindia/priyanshuprimesys/PersonalFolder/projects/pharmacy-erp-blueprint/doctor-erp/apps/admin-api/vendor/laravel/framework/src/Illuminate/Database/Seeder.php(184): Illuminate\\Container\\Container->call(Array, Array)
#23 /Users/primesysindia/priyanshuprimesys/PersonalFolder/projects/pharmacy-erp-blueprint/doctor-erp/apps/admin-api/vendor/laravel/framework/src/Illuminate/Database/Seeder.php(191): Illuminate\\Database\\Seeder->{closure:Illuminate\\Database\\Seeder::__invoke():183}()
#24 /Users/primesysindia/priyanshuprimesys/PersonalFolder/projects/pharmacy-erp-blueprint/doctor-erp/apps/admin-api/vendor/laravel/framework/src/Illuminate/Database/Seeder.php(59): Illuminate\\Database\\Seeder->__invoke(Array)
#25 /Users/primesysindia/priyanshuprimesys/PersonalFolder/projects/pharmacy-erp-blueprint/doctor-erp/apps/admin-api/database/seeders/DatabaseSeeder.php(27): Illuminate\\Database\\Seeder->call('Database\\\\Seeder...')
#26 /Users/primesysindia/priyanshuprimesys/PersonalFolder/projects/pharmacy-erp-blueprint/doctor-erp/apps/admin-api/vendor/laravel/framework/src/Illuminate/Container/BoundMethod.php(36): Database\\Seeders\\DatabaseSeeder->run()
#27 /Users/primesysindia/priyanshuprimesys/PersonalFolder/projects/pharmacy-erp-blueprint/doctor-erp/apps/admin-api/vendor/laravel/framework/src/Illuminate/Container/Util.php(43): Illuminate\\Container\\BoundMethod::{closure:Illuminate\\Container\\BoundMethod::call():35}()
#28 /Users/primesysindia/priyanshuprimesys/PersonalFolder/projects/pharmacy-erp-blueprint/doctor-erp/apps/admin-api/vendor/laravel/framework/src/Illuminate/Container/BoundMethod.php(96): Illuminate\\Container\\Util::unwrapIfClosure(Object(Closure))
#29 /Users/primesysindia/priyanshuprimesys/PersonalFolder/projects/pharmacy-erp-blueprint/doctor-erp/apps/admin-api/vendor/laravel/framework/src/Illuminate/Container/BoundMethod.php(35): Illuminate\\Container\\BoundMethod::callBoundMethod(Object(Illuminate\\Foundation\\Application), Array, Object(Closure))
#30 /Users/primesysindia/priyanshuprimesys/PersonalFolder/projects/pharmacy-erp-blueprint/doctor-erp/apps/admin-api/vendor/laravel/framework/src/Illuminate/Container/Container.php(803): Illuminate\\Container\\BoundMethod::call(Object(Illuminate\\Foundation\\Application), Array, Array, NULL)
#31 /Users/primesysindia/priyanshuprimesys/PersonalFolder/projects/pharmacy-erp-blueprint/doctor-erp/apps/admin-api/vendor/laravel/framework/src/Illuminate/Database/Seeder.php(184): Illuminate\\Container\\Container->call(Array, Array)
#32 /Users/primesysindia/priyanshuprimesys/PersonalFolder/projects/pharmacy-erp-blueprint/doctor-erp/apps/admin-api/vendor/laravel/framework/src/Illuminate/Database/Eloquent/Concerns/HasEvents.php(456): Illuminate\\Database\\Seeder->{closure:Illuminate\\Database\\Seeder::__invoke():183}()
#33 /Users/primesysindia/priyanshuprimesys/PersonalFolder/projects/pharmacy-erp-blueprint/doctor-erp/apps/admin-api/vendor/laravel/framework/src/Illuminate/Database/Console/Seeds/WithoutModelEvents.php(17): Illuminate\\Database\\Eloquent\\Model::withoutEvents(Object(Closure))
#34 /Users/primesysindia/priyanshuprimesys/PersonalFolder/projects/pharmacy-erp-blueprint/doctor-erp/apps/admin-api/vendor/laravel/framework/src/Illuminate/Database/Seeder.php(191): Database\\Seeders\\DatabaseSeeder->{closure:Illuminate\\Database\\Console\\Seeds\\WithoutModelEvents::withoutModelEvents():17}()
#35 /Users/primesysindia/priyanshuprimesys/PersonalFolder/projects/pharmacy-erp-blueprint/doctor-erp/apps/admin-api/vendor/laravel/framework/src/Illuminate/Database/Console/Seeds/SeedCommand.php(88): Illuminate\\Database\\Seeder->__invoke()
#36 /Users/primesysindia/priyanshuprimesys/PersonalFolder/projects/pharmacy-erp-blueprint/doctor-erp/apps/admin-api/vendor/laravel/framework/src/Illuminate/Database/Eloquent/Concerns/GuardsAttributes.php(188): Illuminate\\Database\\Console\\Seeds\\SeedCommand->{closure:Illuminate\\Database\\Console\\Seeds\\SeedCommand::handle():87}()
#37 /Users/primesysindia/priyanshuprimesys/PersonalFolder/projects/pharmacy-erp-blueprint/doctor-erp/apps/admin-api/vendor/laravel/framework/src/Illuminate/Database/Console/Seeds/SeedCommand.php(87): Illuminate\\Database\\Eloquent\\Model::unguarded(Object(Closure))
#38 /Users/primesysindia/priyanshuprimesys/PersonalFolder/projects/pharmacy-erp-blueprint/doctor-erp/apps/admin-api/vendor/laravel/framework/src/Illuminate/Container/BoundMethod.php(36): Illuminate\\Database\\Console\\Seeds\\SeedCommand->handle()
#39 /Users/primesysindia/priyanshuprimesys/PersonalFolder/projects/pharmacy-erp-blueprint/doctor-erp/apps/admin-api/vendor/laravel/framework/src/Illuminate/Container/Util.php(43): Illuminate\\Container\\BoundMethod::{closure:Illuminate\\Container\\BoundMethod::call():35}()
#40 /Users/primesysindia/priyanshuprimesys/PersonalFolder/projects/pharmacy-erp-blueprint/doctor-erp/apps/admin-api/vendor/laravel/framework/src/Illuminate/Container/BoundMethod.php(96): Illuminate\\Container\\Util::unwrapIfClosure(Object(Closure))
#41 /Users/primesysindia/priyanshuprimesys/PersonalFolder/projects/pharmacy-erp-blueprint/doctor-erp/apps/admin-api/vendor/laravel/framework/src/Illuminate/Container/BoundMethod.php(35): Illuminate\\Container\\BoundMethod::callBoundMethod(Object(Illuminate\\Foundation\\Application), Array, Object(Closure))
#42 /Users/primesysindia/priyanshuprimesys/PersonalFolder/projects/pharmacy-erp-blueprint/doctor-erp/apps/admin-api/vendor/laravel/framework/src/Illuminate/Container/Container.php(803): Illuminate\\Container\\BoundMethod::call(Object(Illuminate\\Foundation\\Application), Array, Array, NULL)
#43 /Users/primesysindia/priyanshuprimesys/PersonalFolder/projects/pharmacy-erp-blueprint/doctor-erp/apps/admin-api/vendor/laravel/framework/src/Illuminate/Console/Command.php(292): Illuminate\\Container\\Container->call(Array)
#44 /Users/primesysindia/priyanshuprimesys/PersonalFolder/projects/pharmacy-erp-blueprint/doctor-erp/apps/admin-api/vendor/symfony/console/Command/Command.php(284): Illuminate\\Console\\Command->execute(Object(Symfony\\Component\\Console\\Input\\ArgvInput), Object(Illuminate\\Console\\OutputStyle))
#45 /Users/primesysindia/priyanshuprimesys/PersonalFolder/projects/pharmacy-erp-blueprint/doctor-erp/apps/admin-api/vendor/laravel/framework/src/Illuminate/Console/Command.php(261): Symfony\\Component\\Console\\Command\\Command->run(Object(Symfony\\Component\\Console\\Input\\ArgvInput), Object(Illuminate\\Console\\OutputStyle))
#46 /Users/primesysindia/priyanshuprimesys/PersonalFolder/projects/pharmacy-erp-blueprint/doctor-erp/apps/admin-api/vendor/symfony/console/Application.php(1144): Illuminate\\Console\\Command->run(Object(Symfony\\Component\\Console\\Input\\ArgvInput), Object(Symfony\\Component\\Console\\Output\\ConsoleOutput))
#47 /Users/primesysindia/priyanshuprimesys/PersonalFolder/projects/pharmacy-erp-blueprint/doctor-erp/apps/admin-api/vendor/symfony/console/Application.php(379): Symfony\\Component\\Console\\Application->doRunCommand(Object(Illuminate\\Database\\Console\\Seeds\\SeedCommand), Object(Symfony\\Component\\Console\\Input\\ArgvInput), Object(Symfony\\Component\\Console\\Output\\ConsoleOutput))
#48 /Users/primesysindia/priyanshuprimesys/PersonalFolder/projects/pharmacy-erp-blueprint/doctor-erp/apps/admin-api/vendor/symfony/console/Application.php(218): Symfony\\Component\\Console\\Application->doRun(Object(Symfony\\Component\\Console\\Input\\ArgvInput), Object(Symfony\\Component\\Console\\Output\\ConsoleOutput))
#49 /Users/primesysindia/priyanshuprimesys/PersonalFolder/projects/pharmacy-erp-blueprint/doctor-erp/apps/admin-api/vendor/laravel/framework/src/Illuminate/Foundation/Console/Kernel.php(198): Symfony\\Component\\Console\\Application->run(Object(Symfony\\Component\\Console\\Input\\ArgvInput), Object(Symfony\\Component\\Console\\Output\\ConsoleOutput))
#50 /Users/primesysindia/priyanshuprimesys/PersonalFolder/projects/pharmacy-erp-blueprint/doctor-erp/apps/admin-api/vendor/laravel/framework/src/Illuminate/Foundation/Application.php(1242): Illuminate\\Foundation\\Console\\Kernel->handle(Object(Symfony\\Component\\Console\\Input\\ArgvInput), Object(Symfony\\Component\\Console\\Output\\ConsoleOutput))
#51 /Users/primesysindia/priyanshuprimesys/PersonalFolder/projects/pharmacy-erp-blueprint/doctor-erp/apps/admin-api/artisan(16): Illuminate\\Foundation\\Application->handleCommand(Object(Symfony\\Component\\Console\\Input\\ArgvInput))
#52 {main}
"} 
[2026-09-01 15:29:29] local.ERROR: SQLSTATE[42S22]: Column not found: 1054 Unknown column 'license_feature_id' in 'field list' (Connection: mysql, Host: 127.0.0.1, Port: 3306, Database: opdadmin, SQL: insert into `license_feature_mapping` (`license_feature_id`, `license_id`) values (26eb0535-468a-4bcf-8b00-63a952e479ae, 41cf849d-caf8-4a60-85a2-6c43e2929168)) {"exception":"[object] (Illuminate\\Database\\QueryException(code: 42S22): SQLSTATE[42S22]: Column not found: 1054 Unknown column 'license_feature_id' in 'field list' (Connection: mysql, Host: 127.0.0.1, Port: 3306, Database: opdadmin, SQL: insert into `license_feature_mapping` (`license_feature_id`, `license_id`) values (26eb0535-468a-4bcf-8b00-63a952e479ae, 41cf849d-caf8-4a60-85a2-6c43e2929168)) at /Users/primesysindia/priyanshuprimesys/PersonalFolder/projects/pharmacy-erp-blueprint/doctor-erp/apps/admin-api/vendor/laravel/framework/src/Illuminate/Database/Connection.php:857)
[stacktrace]
#0 /Users/primesysindia/priyanshuprimesys/PersonalFolder/projects/pharmacy-erp-blueprint/doctor-erp/apps/admin-api/vendor/laravel/framework/src/Illuminate/Database/Connection.php(813): Illuminate\\Database\\Connection->runQueryCallback('insert into `li...', Array, Object(Closure))
#1 /Users/primesysindia/priyanshuprimesys/PersonalFolder/projects/pharmacy-erp-blueprint/doctor-erp/apps/admin-api/vendor/laravel/framework/src/Illuminate/Database/MySqlConnection.php(42): Illuminate\\Database\\Connection->run('insert into `li...', Array, Object(Closure))
#2 /Users/primesysindia/priyanshuprimesys/PersonalFolder/projects/pharmacy-erp-blueprint/doctor-erp/apps/admin-api/vendor/laravel/framework/src/Illuminate/Database/Query/Builder.php(4220): Illuminate\\Database\\MySqlConnection->insert('insert into `li...', Array)
#3 /Users/primesysindia/priyanshuprimesys/PersonalFolder/projects/pharmacy-erp-blueprint/doctor-erp/apps/admin-api/vendor/laravel/framework/src/Illuminate/Database/Eloquent/Relations/Concerns/InteractsWithPivotTable.php(344): Illuminate\\Database\\Query\\Builder->insert(Array)
#4 /Users/primesysindia/priyanshuprimesys/PersonalFolder/projects/pharmacy-erp-blueprint/doctor-erp/apps/admin-api/vendor/laravel/framework/src/Illuminate/Database/Eloquent/Relations/Concerns/InteractsWithPivotTable.php(242): Illuminate\\Database\\Eloquent\\Relations\\BelongsToMany->attach('26eb0535-468a-4...', Array, false)
#5 /Users/primesysindia/priyanshuprimesys/PersonalFolder/projects/pharmacy-erp-blueprint/doctor-erp/apps/admin-api/vendor/laravel/framework/src/Illuminate/Database/Eloquent/Relations/Concerns/InteractsWithPivotTable.php(134): Illuminate\\Database\\Eloquent\\Relations\\BelongsToMany->attachNew(Array, Array, false)
#6 /Users/primesysindia/priyanshuprimesys/PersonalFolder/projects/pharmacy-erp-blueprint/doctor-erp/apps/admin-api/database/seeders/DatabaseSeeder.php(89): Illuminate\\Database\\Eloquent\\Relations\\BelongsToMany->sync(Array)
#7 /Users/primesysindia/priyanshuprimesys/PersonalFolder/projects/pharmacy-erp-blueprint/doctor-erp/apps/admin-api/database/seeders/DatabaseSeeder.php(30): Database\\Seeders\\DatabaseSeeder->seedDemoOrg()
#8 /Users/primesysindia/priyanshuprimesys/PersonalFolder/projects/pharmacy-erp-blueprint/doctor-erp/apps/admin-api/vendor/laravel/framework/src/Illuminate/Container/BoundMethod.php(36): Database\\Seeders\\DatabaseSeeder->run()
#9 /Users/primesysindia/priyanshuprimesys/PersonalFolder/projects/pharmacy-erp-blueprint/doctor-erp/apps/admin-api/vendor/laravel/framework/src/Illuminate/Container/Util.php(43): Illuminate\\Container\\BoundMethod::{closure:Illuminate\\Container\\BoundMethod::call():35}()
#10 /Users/primesysindia/priyanshuprimesys/PersonalFolder/projects/pharmacy-erp-blueprint/doctor-erp/apps/admin-api/vendor/laravel/framework/src/Illuminate/Container/BoundMethod.php(96): Illuminate\\Container\\Util::unwrapIfClosure(Object(Closure))
#11 /Users/primesysindia/priyanshuprimesys/PersonalFolder/projects/pharmacy-erp-blueprint/doctor-erp/apps/admin-api/vendor/laravel/framework/src/Illuminate/Container/BoundMethod.php(35): Illuminate\\Container\\BoundMethod::callBoundMethod(Object(Illuminate\\Foundation\\Application), Array, Object(Closure))
#12 /Users/primesysindia/priyanshuprimesys/PersonalFolder/projects/pharmacy-erp-blueprint/doctor-erp/apps/admin-api/vendor/laravel/framework/src/Illuminate/Container/Container.php(803): Illuminate\\Container\\BoundMethod::call(Object(Illuminate\\Foundation\\Application), Array, Array, NULL)
#13 /Users/primesysindia/priyanshuprimesys/PersonalFolder/projects/pharmacy-erp-blueprint/doctor-erp/apps/admin-api/vendor/laravel/framework/src/Illuminate/Database/Seeder.php(184): Illuminate\\Container\\Container->call(Array, Array)
#14 /Users/primesysindia/priyanshuprimesys/PersonalFolder/projects/pharmacy-erp-blueprint/doctor-erp/apps/admin-api/vendor/laravel/framework/src/Illuminate/Database/Seeder.php(191): Illuminate\\Database\\Seeder->{closure:Illuminate\\Database\\Seeder::__invoke():183}()
#15 /Users/primesysindia/priyanshuprimesys/PersonalFolder/projects/pharmacy-erp-blueprint/doctor-erp/apps/admin-api/vendor/laravel/framework/src/Illuminate/Database/Console/Seeds/SeedCommand.php(88): Illuminate\\Database\\Seeder->__invoke()
#16 /Users/primesysindia/priyanshuprimesys/PersonalFolder/projects/pharmacy-erp-blueprint/doctor-erp/apps/admin-api/vendor/laravel/framework/src/Illuminate/Database/Eloquent/Concerns/GuardsAttributes.php(188): Illuminate\\Database\\Console\\Seeds\\SeedCommand->{closure:Illuminate\\Database\\Console\\Seeds\\SeedCommand::handle():87}()
#17 /Users/primesysindia/priyanshuprimesys/PersonalFolder/projects/pharmacy-erp-blueprint/doctor-erp/apps/admin-api/vendor/laravel/framework/src/Illuminate/Database/Console/Seeds/SeedCommand.php(87): Illuminate\\Database\\Eloquent\\Model::unguarded(Object(Closure))
#18 /Users/primesysindia/priyanshuprimesys/PersonalFolder/projects/pharmacy-erp-blueprint/doctor-erp/apps/admin-api/vendor/laravel/framework/src/Illuminate/Container/BoundMethod.php(36): Illuminate\\Database\\Console\\Seeds\\SeedCommand->handle()
#19 /Users/primesysindia/priyanshuprimesys/PersonalFolder/projects/pharmacy-erp-blueprint/doctor-erp/apps/admin-api/vendor/laravel/framework/src/Illuminate/Container/Util.php(43): Illuminate\\Container\\BoundMethod::{closure:Illuminate\\Container\\BoundMethod::call():35}()
#20 /Users/primesysindia/priyanshuprimesys/PersonalFolder/projects/pharmacy-erp-blueprint/doctor-erp/apps/admin-api/vendor/laravel/framework/src/Illuminate/Container/BoundMethod.php(96): Illuminate\\Container\\Util::unwrapIfClosure(Object(Closure))
#21 /Users/primesysindia/priyanshuprimesys/PersonalFolder/projects/pharmacy-erp-blueprint/doctor-erp/apps/admin-api/vendor/laravel/framework/src/Illuminate/Container/BoundMethod.php(35): Illuminate\\Container\\BoundMethod::callBoundMethod(Object(Illuminate\\Foundation\\Application), Array, Object(Closure))
#22 /Users/primesysindia/priyanshuprimesys/PersonalFolder/projects/pharmacy-erp-blueprint/doctor-erp/apps/admin-api/vendor/laravel/framework/src/Illuminate/Container/Container.php(803): Illuminate\\Container\\BoundMethod::call(Object(Illuminate\\Foundation\\Application), Array, Array, NULL)
#23 /Users/primesysindia/priyanshuprimesys/PersonalFolder/projects/pharmacy-erp-blueprint/doctor-erp/apps/admin-api/vendor/laravel/framework/src/Illuminate/Console/Command.php(292): Illuminate\\Container\\Container->call(Array)
#24 /Users/primesysindia/priyanshuprimesys/PersonalFolder/projects/pharmacy-erp-blueprint/doctor-erp/apps/admin-api/vendor/symfony/console/Command/Command.php(284): Illuminate\\Console\\Command->execute(Object(Symfony\\Component\\Console\\Input\\ArgvInput), Object(Illuminate\\Console\\OutputStyle))
#25 /Users/primesysindia/priyanshuprimesys/PersonalFolder/projects/pharmacy-erp-blueprint/doctor-erp/apps/admin-api/vendor/laravel/framework/src/Illuminate/Console/Command.php(261): Symfony\\Component\\Console\\Command\\Command->run(Object(Symfony\\Component\\Console\\Input\\ArgvInput), Object(Illuminate\\Console\\OutputStyle))
#26 /Users/primesysindia/priyanshuprimesys/PersonalFolder/projects/pharmacy-erp-blueprint/doctor-erp/apps/admin-api/vendor/symfony/console/Application.php(1144): Illuminate\\Console\\Command->run(Object(Symfony\\Component\\Console\\Input\\ArgvInput), Object(Symfony\\Component\\Console\\Output\\ConsoleOutput))
#27 /Users/primesysindia/priyanshuprimesys/PersonalFolder/projects/pharmacy-erp-blueprint/doctor-erp/apps/admin-api/vendor/symfony/console/Application.php(379): Symfony\\Component\\Console\\Application->doRunCommand(Object(Illuminate\\Database\\Console\\Seeds\\SeedCommand), Object(Symfony\\Component\\Console\\Input\\ArgvInput), Object(Symfony\\Component\\Console\\Output\\ConsoleOutput))
#28 /Users/primesysindia/priyanshuprimesys/PersonalFolder/projects/pharmacy-erp-blueprint/doctor-erp/apps/admin-api/vendor/symfony/console/Application.php(218): Symfony\\Component\\Console\\Application->doRun(Object(Symfony\\Component\\Console\\Input\\ArgvInput), Object(Symfony\\Component\\Console\\Output\\ConsoleOutput))
#29 /Users/primesysindia/priyanshuprimesys/PersonalFolder/projects/pharmacy-erp-blueprint/doctor-erp/apps/admin-api/vendor/laravel/framework/src/Illuminate/Foundation/Console/Kernel.php(198): Symfony\\Component\\Console\\Application->run(Object(Symfony\\Component\\Console\\Input\\ArgvInput), Object(Symfony\\Component\\Console\\Output\\ConsoleOutput))
#30 /Users/primesysindia/priyanshuprimesys/PersonalFolder/projects/pharmacy-erp-blueprint/doctor-erp/apps/admin-api/vendor/laravel/framework/src/Illuminate/Foundation/Application.php(1242): Illuminate\\Foundation\\Console\\Kernel->handle(Object(Symfony\\Component\\Console\\Input\\ArgvInput), Object(Symfony\\Component\\Console\\Output\\ConsoleOutput))
#31 /Users/primesysindia/priyanshuprimesys/PersonalFolder/projects/pharmacy-erp-blueprint/doctor-erp/apps/admin-api/artisan(16): Illuminate\\Foundation\\Application->handleCommand(Object(Symfony\\Component\\Console\\Input\\ArgvInput))
#32 {main}

[previous exception] [object] (PDOException(code: 42S22): SQLSTATE[42S22]: Column not found: 1054 Unknown column 'license_feature_id' in 'field list' at /Users/primesysindia/priyanshuprimesys/PersonalFolder/projects/pharmacy-erp-blueprint/doctor-erp/apps/admin-api/vendor/laravel/framework/src/Illuminate/Database/MySqlConnection.php:47)
[stacktrace]
#0 /Users/primesysindia/priyanshuprimesys/PersonalFolder/projects/pharmacy-erp-blueprint/doctor-erp/apps/admin-api/vendor/laravel/framework/src/Illuminate/Database/MySqlConnection.php(47): PDO->prepare('insert into `li...')
#1 /Users/primesysindia/priyanshuprimesys/PersonalFolder/projects/pharmacy-erp-blueprint/doctor-erp/apps/admin-api/vendor/laravel/framework/src/Illuminate/Database/Connection.php(846): Illuminate\\Database\\MySqlConnection->{closure:Illuminate\\Database\\MySqlConnection::insert():42}('insert into `li...', Array)
#2 /Users/primesysindia/priyanshuprimesys/PersonalFolder/projects/pharmacy-erp-blueprint/doctor-erp/apps/admin-api/vendor/laravel/framework/src/Illuminate/Database/Connection.php(813): Illuminate\\Database\\Connection->runQueryCallback('insert into `li...', Array, Object(Closure))
#3 /Users/primesysindia/priyanshuprimesys/PersonalFolder/projects/pharmacy-erp-blueprint/doctor-erp/apps/admin-api/vendor/laravel/framework/src/Illuminate/Database/MySqlConnection.php(42): Illuminate\\Database\\Connection->run('insert into `li...', Array, Object(Closure))
#4 /Users/primesysindia/priyanshuprimesys/PersonalFolder/projects/pharmacy-erp-blueprint/doctor-erp/apps/admin-api/vendor/laravel/framework/src/Illuminate/Database/Query/Builder.php(4220): Illuminate\\Database\\MySqlConnection->insert('insert into `li...', Array)
#5 /Users/primesysindia/priyanshuprimesys/PersonalFolder/projects/pharmacy-erp-blueprint/doctor-erp/apps/admin-api/vendor/laravel/framework/src/Illuminate/Database/Eloquent/Relations/Concerns/InteractsWithPivotTable.php(344): Illuminate\\Database\\Query\\Builder->insert(Array)
#6 /Users/primesysindia/priyanshuprimesys/PersonalFolder/projects/pharmacy-erp-blueprint/doctor-erp/apps/admin-api/vendor/laravel/framework/src/Illuminate/Database/Eloquent/Relations/Concerns/InteractsWithPivotTable.php(242): Illuminate\\Database\\Eloquent\\Relations\\BelongsToMany->attach('26eb0535-468a-4...', Array, false)
#7 /Users/primesysindia/priyanshuprimesys/PersonalFolder/projects/pharmacy-erp-blueprint/doctor-erp/apps/admin-api/vendor/laravel/framework/src/Illuminate/Database/Eloquent/Relations/Concerns/InteractsWithPivotTable.php(134): Illuminate\\Database\\Eloquent\\Relations\\BelongsToMany->attachNew(Array, Array, false)
#8 /Users/primesysindia/priyanshuprimesys/PersonalFolder/projects/pharmacy-erp-blueprint/doctor-erp/apps/admin-api/database/seeders/DatabaseSeeder.php(89): Illuminate\\Database\\Eloquent\\Relations\\BelongsToMany->sync(Array)
#9 /Users/primesysindia/priyanshuprimesys/PersonalFolder/projects/pharmacy-erp-blueprint/doctor-erp/apps/admin-api/database/seeders/DatabaseSeeder.php(30): Database\\Seeders\\DatabaseSeeder->seedDemoOrg()
#10 /Users/primesysindia/priyanshuprimesys/PersonalFolder/projects/pharmacy-erp-blueprint/doctor-erp/apps/admin-api/vendor/laravel/framework/src/Illuminate/Container/BoundMethod.php(36): Database\\Seeders\\DatabaseSeeder->run()
#11 /Users/primesysindia/priyanshuprimesys/PersonalFolder/projects/pharmacy-erp-blueprint/doctor-erp/apps/admin-api/vendor/laravel/framework/src/Illuminate/Container/Util.php(43): Illuminate\\Container\\BoundMethod::{closure:Illuminate\\Container\\BoundMethod::call():35}()
#12 /Users/primesysindia/priyanshuprimesys/PersonalFolder/projects/pharmacy-erp-blueprint/doctor-erp/apps/admin-api/vendor/laravel/framework/src/Illuminate/Container/BoundMethod.php(96): Illuminate\\Container\\Util::unwrapIfClosure(Object(Closure))
#13 /Users/primesysindia/priyanshuprimesys/PersonalFolder/projects/pharmacy-erp-blueprint/doctor-erp/apps/admin-api/vendor/laravel/framework/src/Illuminate/Container/BoundMethod.php(35): Illuminate\\Container\\BoundMethod::callBoundMethod(Object(Illuminate\\Foundation\\Application), Array, Object(Closure))
#14 /Users/primesysindia/priyanshuprimesys/PersonalFolder/projects/pharmacy-erp-blueprint/doctor-erp/apps/admin-api/vendor/laravel/framework/src/Illuminate/Container/Container.php(803): Illuminate\\Container\\BoundMethod::call(Object(Illuminate\\Foundation\\Application), Array, Array, NULL)
#15 /Users/primesysindia/priyanshuprimesys/PersonalFolder/projects/pharmacy-erp-blueprint/doctor-erp/apps/admin-api/vendor/laravel/framework/src/Illuminate/Database/Seeder.php(184): Illuminate\\Container\\Container->call(Array, Array)
#16 /Users/primesysindia/priyanshuprimesys/PersonalFolder/projects/pharmacy-erp-blueprint/doctor-erp/apps/admin-api/vendor/laravel/framework/src/Illuminate/Database/Seeder.php(191): Illuminate\\Database\\Seeder->{closure:Illuminate\\Database\\Seeder::__invoke():183}()
#17 /Users/primesysindia/priyanshuprimesys/PersonalFolder/projects/pharmacy-erp-blueprint/doctor-erp/apps/admin-api/vendor/laravel/framework/src/Illuminate/Database/Console/Seeds/SeedCommand.php(88): Illuminate\\Database\\Seeder->__invoke()
#18 /Users/primesysindia/priyanshuprimesys/PersonalFolder/projects/pharmacy-erp-blueprint/doctor-erp/apps/admin-api/vendor/laravel/framework/src/Illuminate/Database/Eloquent/Concerns/GuardsAttributes.php(188): Illuminate\\Database\\Console\\Seeds\\SeedCommand->{closure:Illuminate\\Database\\Console\\Seeds\\SeedCommand::handle():87}()
#19 /Users/primesysindia/priyanshuprimesys/PersonalFolder/projects/pharmacy-erp-blueprint/doctor-erp/apps/admin-api/vendor/laravel/framework/src/Illuminate/Database/Console/Seeds/SeedCommand.php(87): Illuminate\\Database\\Eloquent\\Model::unguarded(Object(Closure))
#20 /Users/primesysindia/priyanshuprimesys/PersonalFolder/projects/pharmacy-erp-blueprint/doctor-erp/apps/admin-api/vendor/laravel/framework/src/Illuminate/Container/BoundMethod.php(36): Illuminate\\Database\\Console\\Seeds\\SeedCommand->handle()
#21 /Users/primesysindia/priyanshuprimesys/PersonalFolder/projects/pharmacy-erp-blueprint/doctor-erp/apps/admin-api/vendor/laravel/framework/src/Illuminate/Container/Util.php(43): Illuminate\\Container\\BoundMethod::{closure:Illuminate\\Container\\BoundMethod::call():35}()
#22 /Users/primesysindia/priyanshuprimesys/PersonalFolder/projects/pharmacy-erp-blueprint/doctor-erp/apps/admin-api/vendor/laravel/framework/src/Illuminate/Container/BoundMethod.php(96): Illuminate\\Container\\Util::unwrapIfClosure(Object(Closure))
#23 /Users/primesysindia/priyanshuprimesys/PersonalFolder/projects/pharmacy-erp-blueprint/doctor-erp/apps/admin-api/vendor/laravel/framework/src/Illuminate/Container/BoundMethod.php(35): Illuminate\\Container\\BoundMethod::callBoundMethod(Object(Illuminate\\Foundation\\Application), Array, Object(Closure))
#24 /Users/primesysindia/priyanshuprimesys/PersonalFolder/projects/pharmacy-erp-blueprint/doctor-erp/apps/admin-api/vendor/laravel/framework/src/Illuminate/Container/Container.php(803): Illuminate\\Container\\BoundMethod::call(Object(Illuminate\\Foundation\\Application), Array, Array, NULL)
#25 /Users/primesysindia/priyanshuprimesys/PersonalFolder/projects/pharmacy-erp-blueprint/doctor-erp/apps/admin-api/vendor/laravel/framework/src/Illuminate/Console/Command.php(292): Illuminate\\Container\\Container->call(Array)
#26 /Users/primesysindia/priyanshuprimesys/PersonalFolder/projects/pharmacy-erp-blueprint/doctor-erp/apps/admin-api/vendor/symfony/console/Command/Command.php(284): Illuminate\\Console\\Command->execute(Object(Symfony\\Component\\Console\\Input\\ArgvInput), Object(Illuminate\\Console\\OutputStyle))
#27 /Users/primesysindia/priyanshuprimesys/PersonalFolder/projects/pharmacy-erp-blueprint/doctor-erp/apps/admin-api/vendor/laravel/framework/src/Illuminate/Console/Command.php(261): Symfony\\Component\\Console\\Command\\Command->run(Object(Symfony\\Component\\Console\\Input\\ArgvInput), Object(Illuminate\\Console\\OutputStyle))
#28 /Users/primesysindia/priyanshuprimesys/PersonalFolder/projects/pharmacy-erp-blueprint/doctor-erp/apps/admin-api/vendor/symfony/console/Application.php(1144): Illuminate\\Console\\Command->run(Object(Symfony\\Component\\Console\\Input\\ArgvInput), Object(Symfony\\Component\\Console\\Output\\ConsoleOutput))
#29 /Users/primesysindia/priyanshuprimesys/PersonalFolder/projects/pharmacy-erp-blueprint/doctor-erp/apps/admin-api/vendor/symfony/console/Application.php(379): Symfony\\Component\\Console\\Application->doRunCommand(Object(Illuminate\\Database\\Console\\Seeds\\SeedCommand), Object(Symfony\\Component\\Console\\Input\\ArgvInput), Object(Symfony\\Component\\Console\\Output\\ConsoleOutput))
#30 /Users/primesysindia/priyanshuprimesys/PersonalFolder/projects/pharmacy-erp-blueprint/doctor-erp/apps/admin-api/vendor/symfony/console/Application.php(218): Symfony\\Component\\Console\\Application->doRun(Object(Symfony\\Component\\Console\\Input\\ArgvInput), Object(Symfony\\Component\\Console\\Output\\ConsoleOutput))
#31 /Users/primesysindia/priyanshuprimesys/PersonalFolder/projects/pharmacy-erp-blueprint/doctor-erp/apps/admin-api/vendor/laravel/framework/src/Illuminate/Foundation/Console/Kernel.php(198): Symfony\\Component\\Console\\Application->run(Object(Symfony\\Component\\Console\\Input\\ArgvInput), Object(Symfony\\Component\\Console\\Output\\ConsoleOutput))
#32 /Users/primesysindia/priyanshuprimesys/PersonalFolder/projects/pharmacy-erp-blueprint/doctor-erp/apps/admin-api/vendor/laravel/framework/src/Illuminate/Foundation/Application.php(1242): Illuminate\\Foundation\\Console\\Kernel->handle(Object(Symfony\\Component\\Console\\Input\\ArgvInput), Object(Symfony\\Component\\Console\\Output\\ConsoleOutput))
#33 /Users/primesysindia/priyanshuprimesys/PersonalFolder/projects/pharmacy-erp-blueprint/doctor-erp/apps/admin-api/artisan(16): Illuminate\\Foundation\\Application->handleCommand(Object(Symfony\\Component\\Console\\Input\\ArgvInput))
#34 {main}
"} 
[2026-09-01 15:29:45] local.ERROR: SQLSTATE[HY000]: General error: 1364 Field 'id' doesn't have a default value (Connection: mysql, Host: 127.0.0.1, Port: 3306, Database: opdadmin, SQL: insert into `license_feature_mapping` (`feature_id`, `license_id`) values (26eb0535-468a-4bcf-8b00-63a952e479ae, 41cf849d-caf8-4a60-85a2-6c43e2929168)) {"exception":"[object] (Illuminate\\Database\\QueryException(code: HY000): SQLSTATE[HY000]: General error: 1364 Field 'id' doesn't have a default value (Connection: mysql, Host: 127.0.0.1, Port: 3306, Database: opdadmin, SQL: insert into `license_feature_mapping` (`feature_id`, `license_id`) values (26eb0535-468a-4bcf-8b00-63a952e479ae, 41cf849d-caf8-4a60-85a2-6c43e2929168)) at /Users/primesysindia/priyanshuprimesys/PersonalFolder/projects/pharmacy-erp-blueprint/doctor-erp/apps/admin-api/vendor/laravel/framework/src/Illuminate/Database/Connection.php:857)
[stacktrace]
#0 /Users/primesysindia/priyanshuprimesys/PersonalFolder/projects/pharmacy-erp-blueprint/doctor-erp/apps/admin-api/vendor/laravel/framework/src/Illuminate/Database/Connection.php(813): Illuminate\\Database\\Connection->runQueryCallback('insert into `li...', Array, Object(Closure))
#1 /Users/primesysindia/priyanshuprimesys/PersonalFolder/projects/pharmacy-erp-blueprint/doctor-erp/apps/admin-api/vendor/laravel/framework/src/Illuminate/Database/MySqlConnection.php(42): Illuminate\\Database\\Connection->run('insert into `li...', Array, Object(Closure))
#2 /Users/primesysindia/priyanshuprimesys/PersonalFolder/projects/pharmacy-erp-blueprint/doctor-erp/apps/admin-api/vendor/laravel/framework/src/Illuminate/Database/Query/Builder.php(4220): Illuminate\\Database\\MySqlConnection->insert('insert into `li...', Array)
#3 /Users/primesysindia/priyanshuprimesys/PersonalFolder/projects/pharmacy-erp-blueprint/doctor-erp/apps/admin-api/vendor/laravel/framework/src/Illuminate/Database/Eloquent/Relations/Concerns/InteractsWithPivotTable.php(344): Illuminate\\Database\\Query\\Builder->insert(Array)
#4 /Users/primesysindia/priyanshuprimesys/PersonalFolder/projects/pharmacy-erp-blueprint/doctor-erp/apps/admin-api/vendor/laravel/framework/src/Illuminate/Database/Eloquent/Relations/Concerns/InteractsWithPivotTable.php(242): Illuminate\\Database\\Eloquent\\Relations\\BelongsToMany->attach('26eb0535-468a-4...', Array, false)
#5 /Users/primesysindia/priyanshuprimesys/PersonalFolder/projects/pharmacy-erp-blueprint/doctor-erp/apps/admin-api/vendor/laravel/framework/src/Illuminate/Database/Eloquent/Relations/Concerns/InteractsWithPivotTable.php(134): Illuminate\\Database\\Eloquent\\Relations\\BelongsToMany->attachNew(Array, Array, false)
#6 /Users/primesysindia/priyanshuprimesys/PersonalFolder/projects/pharmacy-erp-blueprint/doctor-erp/apps/admin-api/database/seeders/DatabaseSeeder.php(89): Illuminate\\Database\\Eloquent\\Relations\\BelongsToMany->sync(Array)
#7 /Users/primesysindia/priyanshuprimesys/PersonalFolder/projects/pharmacy-erp-blueprint/doctor-erp/apps/admin-api/database/seeders/DatabaseSeeder.php(30): Database\\Seeders\\DatabaseSeeder->seedDemoOrg()
#8 /Users/primesysindia/priyanshuprimesys/PersonalFolder/projects/pharmacy-erp-blueprint/doctor-erp/apps/admin-api/vendor/laravel/framework/src/Illuminate/Container/BoundMethod.php(36): Database\\Seeders\\DatabaseSeeder->run()
#9 /Users/primesysindia/priyanshuprimesys/PersonalFolder/projects/pharmacy-erp-blueprint/doctor-erp/apps/admin-api/vendor/laravel/framework/src/Illuminate/Container/Util.php(43): Illuminate\\Container\\BoundMethod::{closure:Illuminate\\Container\\BoundMethod::call():35}()
#10 /Users/primesysindia/priyanshuprimesys/PersonalFolder/projects/pharmacy-erp-blueprint/doctor-erp/apps/admin-api/vendor/laravel/framework/src/Illuminate/Container/BoundMethod.php(96): Illuminate\\Container\\Util::unwrapIfClosure(Object(Closure))
#11 /Users/primesysindia/priyanshuprimesys/PersonalFolder/projects/pharmacy-erp-blueprint/doctor-erp/apps/admin-api/vendor/laravel/framework/src/Illuminate/Container/BoundMethod.php(35): Illuminate\\Container\\BoundMethod::callBoundMethod(Object(Illuminate\\Foundation\\Application), Array, Object(Closure))
#12 /Users/primesysindia/priyanshuprimesys/PersonalFolder/projects/pharmacy-erp-blueprint/doctor-erp/apps/admin-api/vendor/laravel/framework/src/Illuminate/Container/Container.php(803): Illuminate\\Container\\BoundMethod::call(Object(Illuminate\\Foundation\\Application), Array, Array, NULL)
#13 /Users/primesysindia/priyanshuprimesys/PersonalFolder/projects/pharmacy-erp-blueprint/doctor-erp/apps/admin-api/vendor/laravel/framework/src/Illuminate/Database/Seeder.php(184): Illuminate\\Container\\Container->call(Array, Array)
#14 /Users/primesysindia/priyanshuprimesys/PersonalFolder/projects/pharmacy-erp-blueprint/doctor-erp/apps/admin-api/vendor/laravel/framework/src/Illuminate/Database/Seeder.php(191): Illuminate\\Database\\Seeder->{closure:Illuminate\\Database\\Seeder::__invoke():183}()
#15 /Users/primesysindia/priyanshuprimesys/PersonalFolder/projects/pharmacy-erp-blueprint/doctor-erp/apps/admin-api/vendor/laravel/framework/src/Illuminate/Database/Console/Seeds/SeedCommand.php(88): Illuminate\\Database\\Seeder->__invoke()
#16 /Users/primesysindia/priyanshuprimesys/PersonalFolder/projects/pharmacy-erp-blueprint/doctor-erp/apps/admin-api/vendor/laravel/framework/src/Illuminate/Database/Eloquent/Concerns/GuardsAttributes.php(188): Illuminate\\Database\\Console\\Seeds\\SeedCommand->{closure:Illuminate\\Database\\Console\\Seeds\\SeedCommand::handle():87}()
#17 /Users/primesysindia/priyanshuprimesys/PersonalFolder/projects/pharmacy-erp-blueprint/doctor-erp/apps/admin-api/vendor/laravel/framework/src/Illuminate/Database/Console/Seeds/SeedCommand.php(87): Illuminate\\Database\\Eloquent\\Model::unguarded(Object(Closure))
#18 /Users/primesysindia/priyanshuprimesys/PersonalFolder/projects/pharmacy-erp-blueprint/doctor-erp/apps/admin-api/vendor/laravel/framework/src/Illuminate/Container/BoundMethod.php(36): Illuminate\\Database\\Console\\Seeds\\SeedCommand->handle()
#19 /Users/primesysindia/priyanshuprimesys/PersonalFolder/projects/pharmacy-erp-blueprint/doctor-erp/apps/admin-api/vendor/laravel/framework/src/Illuminate/Container/Util.php(43): Illuminate\\Container\\BoundMethod::{closure:Illuminate\\Container\\BoundMethod::call():35}()
#20 /Users/primesysindia/priyanshuprimesys/PersonalFolder/projects/pharmacy-erp-blueprint/doctor-erp/apps/admin-api/vendor/laravel/framework/src/Illuminate/Container/BoundMethod.php(96): Illuminate\\Container\\Util::unwrapIfClosure(Object(Closure))
#21 /Users/primesysindia/priyanshuprimesys/PersonalFolder/projects/pharmacy-erp-blueprint/doctor-erp/apps/admin-api/vendor/laravel/framework/src/Illuminate/Container/BoundMethod.php(35): Illuminate\\Container\\BoundMethod::callBoundMethod(Object(Illuminate\\Foundation\\Application), Array, Object(Closure))
#22 /Users/primesysindia/priyanshuprimesys/PersonalFolder/projects/pharmacy-erp-blueprint/doctor-erp/apps/admin-api/vendor/laravel/framework/src/Illuminate/Container/Container.php(803): Illuminate\\Container\\BoundMethod::call(Object(Illuminate\\Foundation\\Application), Array, Array, NULL)
#23 /Users/primesysindia/priyanshuprimesys/PersonalFolder/projects/pharmacy-erp-blueprint/doctor-erp/apps/admin-api/vendor/laravel/framework/src/Illuminate/Console/Command.php(292): Illuminate\\Container\\Container->call(Array)
#24 /Users/primesysindia/priyanshuprimesys/PersonalFolder/projects/pharmacy-erp-blueprint/doctor-erp/apps/admin-api/vendor/symfony/console/Command/Command.php(284): Illuminate\\Console\\Command->execute(Object(Symfony\\Component\\Console\\Input\\ArgvInput), Object(Illuminate\\Console\\OutputStyle))
#25 /Users/primesysindia/priyanshuprimesys/PersonalFolder/projects/pharmacy-erp-blueprint/doctor-erp/apps/admin-api/vendor/laravel/framework/src/Illuminate/Console/Command.php(261): Symfony\\Component\\Console\\Command\\Command->run(Object(Symfony\\Component\\Console\\Input\\ArgvInput), Object(Illuminate\\Console\\OutputStyle))
#26 /Users/primesysindia/priyanshuprimesys/PersonalFolder/projects/pharmacy-erp-blueprint/doctor-erp/apps/admin-api/vendor/symfony/console/Application.php(1144): Illuminate\\Console\\Command->run(Object(Symfony\\Component\\Console\\Input\\ArgvInput), Object(Symfony\\Component\\Console\\Output\\ConsoleOutput))
#27 /Users/primesysindia/priyanshuprimesys/PersonalFolder/projects/pharmacy-erp-blueprint/doctor-erp/apps/admin-api/vendor/symfony/console/Application.php(379): Symfony\\Component\\Console\\Application->doRunCommand(Object(Illuminate\\Database\\Console\\Seeds\\SeedCommand), Object(Symfony\\Component\\Console\\Input\\ArgvInput), Object(Symfony\\Component\\Console\\Output\\ConsoleOutput))
#28 /Users/primesysindia/priyanshuprimesys/PersonalFolder/projects/pharmacy-erp-blueprint/doctor-erp/apps/admin-api/vendor/symfony/console/Application.php(218): Symfony\\Component\\Console\\Application->doRun(Object(Symfony\\Component\\Console\\Input\\ArgvInput), Object(Symfony\\Component\\Console\\Output\\ConsoleOutput))
#29 /Users/primesysindia/priyanshuprimesys/PersonalFolder/projects/pharmacy-erp-blueprint/doctor-erp/apps/admin-api/vendor/laravel/framework/src/Illuminate/Foundation/Console/Kernel.php(198): Symfony\\Component\\Console\\Application->run(Object(Symfony\\Component\\Console\\Input\\ArgvInput), Object(Symfony\\Component\\Console\\Output\\ConsoleOutput))
#30 /Users/primesysindia/priyanshuprimesys/PersonalFolder/projects/pharmacy-erp-blueprint/doctor-erp/apps/admin-api/vendor/laravel/framework/src/Illuminate/Foundation/Application.php(1242): Illuminate\\Foundation\\Console\\Kernel->handle(Object(Symfony\\Component\\Console\\Input\\ArgvInput), Object(Symfony\\Component\\Console\\Output\\ConsoleOutput))
#31 /Users/primesysindia/priyanshuprimesys/PersonalFolder/projects/pharmacy-erp-blueprint/doctor-erp/apps/admin-api/artisan(16): Illuminate\\Foundation\\Application->handleCommand(Object(Symfony\\Component\\Console\\Input\\ArgvInput))
#32 {main}

[previous exception] [object] (PDOException(code: HY000): SQLSTATE[HY000]: General error: 1364 Field 'id' doesn't have a default value at /Users/primesysindia/priyanshuprimesys/PersonalFolder/projects/pharmacy-erp-blueprint/doctor-erp/apps/admin-api/vendor/laravel/framework/src/Illuminate/Database/MySqlConnection.php:53)
[stacktrace]
#0 /Users/primesysindia/priyanshuprimesys/PersonalFolder/projects/pharmacy-erp-blueprint/doctor-erp/apps/admin-api/vendor/laravel/framework/src/Illuminate/Database/MySqlConnection.php(53): PDOStatement->execute()
#1 /Users/primesysindia/priyanshuprimesys/PersonalFolder/projects/pharmacy-erp-blueprint/doctor-erp/apps/admin-api/vendor/laravel/framework/src/Illuminate/Database/Connection.php(846): Illuminate\\Database\\MySqlConnection->{closure:Illuminate\\Database\\MySqlConnection::insert():42}('insert into `li...', Array)
#2 /Users/primesysindia/priyanshuprimesys/PersonalFolder/projects/pharmacy-erp-blueprint/doctor-erp/apps/admin-api/vendor/laravel/framework/src/Illuminate/Database/Connection.php(813): Illuminate\\Database\\Connection->runQueryCallback('insert into `li...', Array, Object(Closure))
#3 /Users/primesysindia/priyanshuprimesys/PersonalFolder/projects/pharmacy-erp-blueprint/doctor-erp/apps/admin-api/vendor/laravel/framework/src/Illuminate/Database/MySqlConnection.php(42): Illuminate\\Database\\Connection->run('insert into `li...', Array, Object(Closure))
#4 /Users/primesysindia/priyanshuprimesys/PersonalFolder/projects/pharmacy-erp-blueprint/doctor-erp/apps/admin-api/vendor/laravel/framework/src/Illuminate/Database/Query/Builder.php(4220): Illuminate\\Database\\MySqlConnection->insert('insert into `li...', Array)
#5 /Users/primesysindia/priyanshuprimesys/PersonalFolder/projects/pharmacy-erp-blueprint/doctor-erp/apps/admin-api/vendor/laravel/framework/src/Illuminate/Database/Eloquent/Relations/Concerns/InteractsWithPivotTable.php(344): Illuminate\\Database\\Query\\Builder->insert(Array)
#6 /Users/primesysindia/priyanshuprimesys/PersonalFolder/projects/pharmacy-erp-blueprint/doctor-erp/apps/admin-api/vendor/laravel/framework/src/Illuminate/Database/Eloquent/Relations/Concerns/InteractsWithPivotTable.php(242): Illuminate\\Database\\Eloquent\\Relations\\BelongsToMany->attach('26eb0535-468a-4...', Array, false)
#7 /Users/primesysindia/priyanshuprimesys/PersonalFolder/projects/pharmacy-erp-blueprint/doctor-erp/apps/admin-api/vendor/laravel/framework/src/Illuminate/Database/Eloquent/Relations/Concerns/InteractsWithPivotTable.php(134): Illuminate\\Database\\Eloquent\\Relations\\BelongsToMany->attachNew(Array, Array, false)
#8 /Users/primesysindia/priyanshuprimesys/PersonalFolder/projects/pharmacy-erp-blueprint/doctor-erp/apps/admin-api/database/seeders/DatabaseSeeder.php(89): Illuminate\\Database\\Eloquent\\Relations\\BelongsToMany->sync(Array)
#9 /Users/primesysindia/priyanshuprimesys/PersonalFolder/projects/pharmacy-erp-blueprint/doctor-erp/apps/admin-api/database/seeders/DatabaseSeeder.php(30): Database\\Seeders\\DatabaseSeeder->seedDemoOrg()
#10 /Users/primesysindia/priyanshuprimesys/PersonalFolder/projects/pharmacy-erp-blueprint/doctor-erp/apps/admin-api/vendor/laravel/framework/src/Illuminate/Container/BoundMethod.php(36): Database\\Seeders\\DatabaseSeeder->run()
#11 /Users/primesysindia/priyanshuprimesys/PersonalFolder/projects/pharmacy-erp-blueprint/doctor-erp/apps/admin-api/vendor/laravel/framework/src/Illuminate/Container/Util.php(43): Illuminate\\Container\\BoundMethod::{closure:Illuminate\\Container\\BoundMethod::call():35}()
#12 /Users/primesysindia/priyanshuprimesys/PersonalFolder/projects/pharmacy-erp-blueprint/doctor-erp/apps/admin-api/vendor/laravel/framework/src/Illuminate/Container/BoundMethod.php(96): Illuminate\\Container\\Util::unwrapIfClosure(Object(Closure))
#13 /Users/primesysindia/priyanshuprimesys/PersonalFolder/projects/pharmacy-erp-blueprint/doctor-erp/apps/admin-api/vendor/laravel/framework/src/Illuminate/Container/BoundMethod.php(35): Illuminate\\Container\\BoundMethod::callBoundMethod(Object(Illuminate\\Foundation\\Application), Array, Object(Closure))
#14 /Users/primesysindia/priyanshuprimesys/PersonalFolder/projects/pharmacy-erp-blueprint/doctor-erp/apps/admin-api/vendor/laravel/framework/src/Illuminate/Container/Container.php(803): Illuminate\\Container\\BoundMethod::call(Object(Illuminate\\Foundation\\Application), Array, Array, NULL)
#15 /Users/primesysindia/priyanshuprimesys/PersonalFolder/projects/pharmacy-erp-blueprint/doctor-erp/apps/admin-api/vendor/laravel/framework/src/Illuminate/Database/Seeder.php(184): Illuminate\\Container\\Container->call(Array, Array)
#16 /Users/primesysindia/priyanshuprimesys/PersonalFolder/projects/pharmacy-erp-blueprint/doctor-erp/apps/admin-api/vendor/laravel/framework/src/Illuminate/Database/Seeder.php(191): Illuminate\\Database\\Seeder->{closure:Illuminate\\Database\\Seeder::__invoke():183}()
#17 /Users/primesysindia/priyanshuprimesys/PersonalFolder/projects/pharmacy-erp-blueprint/doctor-erp/apps/admin-api/vendor/laravel/framework/src/Illuminate/Database/Console/Seeds/SeedCommand.php(88): Illuminate\\Database\\Seeder->__invoke()
#18 /Users/primesysindia/priyanshuprimesys/PersonalFolder/projects/pharmacy-erp-blueprint/doctor-erp/apps/admin-api/vendor/laravel/framework/src/Illuminate/Database/Eloquent/Concerns/GuardsAttributes.php(188): Illuminate\\Database\\Console\\Seeds\\SeedCommand->{closure:Illuminate\\Database\\Console\\Seeds\\SeedCommand::handle():87}()
#19 /Users/primesysindia/priyanshuprimesys/PersonalFolder/projects/pharmacy-erp-blueprint/doctor-erp/apps/admin-api/vendor/laravel/framework/src/Illuminate/Database/Console/Seeds/SeedCommand.php(87): Illuminate\\Database\\Eloquent\\Model::unguarded(Object(Closure))
#20 /Users/primesysindia/priyanshuprimesys/PersonalFolder/projects/pharmacy-erp-blueprint/doctor-erp/apps/admin-api/vendor/laravel/framework/src/Illuminate/Container/BoundMethod.php(36): Illuminate\\Database\\Console\\Seeds\\SeedCommand->handle()
#21 /Users/primesysindia/priyanshuprimesys/PersonalFolder/projects/pharmacy-erp-blueprint/doctor-erp/apps/admin-api/vendor/laravel/framework/src/Illuminate/Container/Util.php(43): Illuminate\\Container\\BoundMethod::{closure:Illuminate\\Container\\BoundMethod::call():35}()
#22 /Users/primesysindia/priyanshuprimesys/PersonalFolder/projects/pharmacy-erp-blueprint/doctor-erp/apps/admin-api/vendor/laravel/framework/src/Illuminate/Container/BoundMethod.php(96): Illuminate\\Container\\Util::unwrapIfClosure(Object(Closure))
#23 /Users/primesysindia/priyanshuprimesys/PersonalFolder/projects/pharmacy-erp-blueprint/doctor-erp/apps/admin-api/vendor/laravel/framework/src/Illuminate/Container/BoundMethod.php(35): Illuminate\\Container\\BoundMethod::callBoundMethod(Object(Illuminate\\Foundation\\Application), Array, Object(Closure))
#24 /Users/primesysindia/priyanshuprimesys/PersonalFolder/projects/pharmacy-erp-blueprint/doctor-erp/apps/admin-api/vendor/laravel/framework/src/Illuminate/Container/Container.php(803): Illuminate\\Container\\BoundMethod::call(Object(Illuminate\\Foundation\\Application), Array, Array, NULL)
#25 /Users/primesysindia/priyanshuprimesys/PersonalFolder/projects/pharmacy-erp-blueprint/doctor-erp/apps/admin-api/vendor/laravel/framework/src/Illuminate/Console/Command.php(292): Illuminate\\Container\\Container->call(Array)
#26 /Users/primesysindia/priyanshuprimesys/PersonalFolder/projects/pharmacy-erp-blueprint/doctor-erp/apps/admin-api/vendor/symfony/console/Command/Command.php(284): Illuminate\\Console\\Command->execute(Object(Symfony\\Component\\Console\\Input\\ArgvInput), Object(Illuminate\\Console\\OutputStyle))
#27 /Users/primesysindia/priyanshuprimesys/PersonalFolder/projects/pharmacy-erp-blueprint/doctor-erp/apps/admin-api/vendor/laravel/framework/src/Illuminate/Console/Command.php(261): Symfony\\Component\\Console\\Command\\Command->run(Object(Symfony\\Component\\Console\\Input\\ArgvInput), Object(Illuminate\\Console\\OutputStyle))
#28 /Users/primesysindia/priyanshuprimesys/PersonalFolder/projects/pharmacy-erp-blueprint/doctor-erp/apps/admin-api/vendor/symfony/console/Application.php(1144): Illuminate\\Console\\Command->run(Object(Symfony\\Component\\Console\\Input\\ArgvInput), Object(Symfony\\Component\\Console\\Output\\ConsoleOutput))
#29 /Users/primesysindia/priyanshuprimesys/PersonalFolder/projects/pharmacy-erp-blueprint/doctor-erp/apps/admin-api/vendor/symfony/console/Application.php(379): Symfony\\Component\\Console\\Application->doRunCommand(Object(Illuminate\\Database\\Console\\Seeds\\SeedCommand), Object(Symfony\\Component\\Console\\Input\\ArgvInput), Object(Symfony\\Component\\Console\\Output\\ConsoleOutput))
#30 /Users/primesysindia/priyanshuprimesys/PersonalFolder/projects/pharmacy-erp-blueprint/doctor-erp/apps/admin-api/vendor/symfony/console/Application.php(218): Symfony\\Component\\Console\\Application->doRun(Object(Symfony\\Component\\Console\\Input\\ArgvInput), Object(Symfony\\Component\\Console\\Output\\ConsoleOutput))
#31 /Users/primesysindia/priyanshuprimesys/PersonalFolder/projects/pharmacy-erp-blueprint/doctor-erp/apps/admin-api/vendor/laravel/framework/src/Illuminate/Foundation/Console/Kernel.php(198): Symfony\\Component\\Console\\Application->run(Object(Symfony\\Component\\Console\\Input\\ArgvInput), Object(Symfony\\Component\\Console\\Output\\ConsoleOutput))
#32 /Users/primesysindia/priyanshuprimesys/PersonalFolder/projects/pharmacy-erp-blueprint/doctor-erp/apps/admin-api/vendor/laravel/framework/src/Illuminate/Foundation/Application.php(1242): Illuminate\\Foundation\\Console\\Kernel->handle(Object(Symfony\\Component\\Console\\Input\\ArgvInput), Object(Symfony\\Component\\Console\\Output\\ConsoleOutput))
#33 /Users/primesysindia/priyanshuprimesys/PersonalFolder/projects/pharmacy-erp-blueprint/doctor-erp/apps/admin-api/artisan(16): Illuminate\\Foundation\\Application->handleCommand(Object(Symfony\\Component\\Console\\Input\\ArgvInput))
#34 {main}
"} 
[2026-09-01 15:31:38] local.ERROR: syntax error, unexpected token "->" {"exception":"[object] (ParseError(code: 0): syntax error, unexpected token \"->\" at /Users/primesysindia/priyanshuprimesys/PersonalFolder/projects/pharmacy-erp-blueprint/doctor-erp/apps/admin-api/database/migrations/0001_01_01_000000_create_users_table.php:15)
[stacktrace]
#0 /Users/primesysindia/priyanshuprimesys/PersonalFolder/projects/pharmacy-erp-blueprint/doctor-erp/apps/admin-api/vendor/laravel/framework/src/Illuminate/Filesystem/Filesystem.php(149): Illuminate\\Filesystem\\Filesystem::{closure:Illuminate\\Filesystem\\Filesystem::requireOnce():145}()
#1 /Users/primesysindia/priyanshuprimesys/PersonalFolder/projects/pharmacy-erp-blueprint/doctor-erp/apps/admin-api/vendor/laravel/framework/src/Illuminate/Database/Migrations/Migrator.php(598): Illuminate\\Filesystem\\Filesystem->requireOnce('/Users/primesys...')
#2 /Users/primesysindia/priyanshuprimesys/PersonalFolder/projects/pharmacy-erp-blueprint/doctor-erp/apps/admin-api/vendor/laravel/framework/src/Illuminate/Database/Migrations/Migrator.php(131): Illuminate\\Database\\Migrations\\Migrator->requireFiles(Array)
#3 /Users/primesysindia/priyanshuprimesys/PersonalFolder/projects/pharmacy-erp-blueprint/doctor-erp/apps/admin-api/vendor/laravel/framework/src/Illuminate/Database/Console/Migrations/MigrateCommand.php(118): Illuminate\\Database\\Migrations\\Migrator->run(Array, Array)
#4 /Users/primesysindia/priyanshuprimesys/PersonalFolder/projects/pharmacy-erp-blueprint/doctor-erp/apps/admin-api/vendor/laravel/framework/src/Illuminate/Database/Migrations/Migrator.php(672): Illuminate\\Database\\Console\\Migrations\\MigrateCommand->{closure:Illuminate\\Database\\Console\\Migrations\\MigrateCommand::runMigrations():111}()
#5 /Users/primesysindia/priyanshuprimesys/PersonalFolder/projects/pharmacy-erp-blueprint/doctor-erp/apps/admin-api/vendor/laravel/framework/src/Illuminate/Database/Console/Migrations/MigrateCommand.php(111): Illuminate\\Database\\Migrations\\Migrator->usingConnection(NULL, Object(Closure))
#6 /Users/primesysindia/priyanshuprimesys/PersonalFolder/projects/pharmacy-erp-blueprint/doctor-erp/apps/admin-api/vendor/laravel/framework/src/Illuminate/Database/Console/Migrations/MigrateCommand.php(90): Illuminate\\Database\\Console\\Migrations\\MigrateCommand->runMigrations()
#7 /Users/primesysindia/priyanshuprimesys/PersonalFolder/projects/pharmacy-erp-blueprint/doctor-erp/apps/admin-api/vendor/laravel/framework/src/Illuminate/Container/BoundMethod.php(36): Illuminate\\Database\\Console\\Migrations\\MigrateCommand->handle()
#8 /Users/primesysindia/priyanshuprimesys/PersonalFolder/projects/pharmacy-erp-blueprint/doctor-erp/apps/admin-api/vendor/laravel/framework/src/Illuminate/Container/Util.php(43): Illuminate\\Container\\BoundMethod::{closure:Illuminate\\Container\\BoundMethod::call():35}()
#9 /Users/primesysindia/priyanshuprimesys/PersonalFolder/projects/pharmacy-erp-blueprint/doctor-erp/apps/admin-api/vendor/laravel/framework/src/Illuminate/Container/BoundMethod.php(96): Illuminate\\Container\\Util::unwrapIfClosure(Object(Closure))
#10 /Users/primesysindia/priyanshuprimesys/PersonalFolder/projects/pharmacy-erp-blueprint/doctor-erp/apps/admin-api/vendor/laravel/framework/src/Illuminate/Container/BoundMethod.php(35): Illuminate\\Container\\BoundMethod::callBoundMethod(Object(Illuminate\\Foundation\\Application), Array, Object(Closure))
#11 /Users/primesysindia/priyanshuprimesys/PersonalFolder/projects/pharmacy-erp-blueprint/doctor-erp/apps/admin-api/vendor/laravel/framework/src/Illuminate/Container/Container.php(803): Illuminate\\Container\\BoundMethod::call(Object(Illuminate\\Foundation\\Application), Array, Array, NULL)
#12 /Users/primesysindia/priyanshuprimesys/PersonalFolder/projects/pharmacy-erp-blueprint/doctor-erp/apps/admin-api/vendor/laravel/framework/src/Illuminate/Console/Command.php(292): Illuminate\\Container\\Container->call(Array)
#13 /Users/primesysindia/priyanshuprimesys/PersonalFolder/projects/pharmacy-erp-blueprint/doctor-erp/apps/admin-api/vendor/symfony/console/Command/Command.php(284): Illuminate\\Console\\Command->execute(Object(Symfony\\Component\\Console\\Input\\ArrayInput), Object(Illuminate\\Console\\OutputStyle))
#14 /Users/primesysindia/priyanshuprimesys/PersonalFolder/projects/pharmacy-erp-blueprint/doctor-erp/apps/admin-api/vendor/laravel/framework/src/Illuminate/Console/Command.php(261): Symfony\\Component\\Console\\Command\\Command->run(Object(Symfony\\Component\\Console\\Input\\ArrayInput), Object(Illuminate\\Console\\OutputStyle))
#15 /Users/primesysindia/priyanshuprimesys/PersonalFolder/projects/pharmacy-erp-blueprint/doctor-erp/apps/admin-api/vendor/laravel/framework/src/Illuminate/Console/Concerns/CallsCommands.php(68): Illuminate\\Console\\Command->run(Object(Symfony\\Component\\Console\\Input\\ArrayInput), Object(Illuminate\\Console\\OutputStyle))
#16 /Users/primesysindia/priyanshuprimesys/PersonalFolder/projects/pharmacy-erp-blueprint/doctor-erp/apps/admin-api/vendor/laravel/framework/src/Illuminate/Console/Concerns/CallsCommands.php(29): Illuminate\\Console\\Command->runCommand('migrate', Array, Object(Illuminate\\Console\\OutputStyle))
#17 /Users/primesysindia/priyanshuprimesys/PersonalFolder/projects/pharmacy-erp-blueprint/doctor-erp/apps/admin-api/vendor/laravel/framework/src/Illuminate/Database/Console/Migrations/FreshCommand.php(96): Illuminate\\Console\\Command->call('migrate', Array)
#18 /Users/primesysindia/priyanshuprimesys/PersonalFolder/projects/pharmacy-erp-blueprint/doctor-erp/apps/admin-api/vendor/laravel/framework/src/Illuminate/Container/BoundMethod.php(36): Illuminate\\Database\\Console\\Migrations\\FreshCommand->handle()
#19 /Users/primesysindia/priyanshuprimesys/PersonalFolder/projects/pharmacy-erp-blueprint/doctor-erp/apps/admin-api/vendor/laravel/framework/src/Illuminate/Container/Util.php(43): Illuminate\\Container\\BoundMethod::{closure:Illuminate\\Container\\BoundMethod::call():35}()
#20 /Users/primesysindia/priyanshuprimesys/PersonalFolder/projects/pharmacy-erp-blueprint/doctor-erp/apps/admin-api/vendor/laravel/framework/src/Illuminate/Container/BoundMethod.php(96): Illuminate\\Container\\Util::unwrapIfClosure(Object(Closure))
#21 /Users/primesysindia/priyanshuprimesys/PersonalFolder/projects/pharmacy-erp-blueprint/doctor-erp/apps/admin-api/vendor/laravel/framework/src/Illuminate/Container/BoundMethod.php(35): Illuminate\\Container\\BoundMethod::callBoundMethod(Object(Illuminate\\Foundation\\Application), Array, Object(Closure))
#22 /Users/primesysindia/priyanshuprimesys/PersonalFolder/projects/pharmacy-erp-blueprint/doctor-erp/apps/admin-api/vendor/laravel/framework/src/Illuminate/Container/Container.php(803): Illuminate\\Container\\BoundMethod::call(Object(Illuminate\\Foundation\\Application), Array, Array, NULL)
#23 /Users/primesysindia/priyanshuprimesys/PersonalFolder/projects/pharmacy-erp-blueprint/doctor-erp/apps/admin-api/vendor/laravel/framework/src/Illuminate/Console/Command.php(292): Illuminate\\Container\\Container->call(Array)
#24 /Users/primesysindia/priyanshuprimesys/PersonalFolder/projects/pharmacy-erp-blueprint/doctor-erp/apps/admin-api/vendor/symfony/console/Command/Command.php(284): Illuminate\\Console\\Command->execute(Object(Symfony\\Component\\Console\\Input\\ArgvInput), Object(Illuminate\\Console\\OutputStyle))
#25 /Users/primesysindia/priyanshuprimesys/PersonalFolder/projects/pharmacy-erp-blueprint/doctor-erp/apps/admin-api/vendor/laravel/framework/src/Illuminate/Console/Command.php(261): Symfony\\Component\\Console\\Command\\Command->run(Object(Symfony\\Component\\Console\\Input\\ArgvInput), Object(Illuminate\\Console\\OutputStyle))
#26 /Users/primesysindia/priyanshuprimesys/PersonalFolder/projects/pharmacy-erp-blueprint/doctor-erp/apps/admin-api/vendor/symfony/console/Application.php(1144): Illuminate\\Console\\Command->run(Object(Symfony\\Component\\Console\\Input\\ArgvInput), Object(Symfony\\Component\\Console\\Output\\ConsoleOutput))
#27 /Users/primesysindia/priyanshuprimesys/PersonalFolder/projects/pharmacy-erp-blueprint/doctor-erp/apps/admin-api/vendor/symfony/console/Application.php(379): Symfony\\Component\\Console\\Application->doRunCommand(Object(Illuminate\\Database\\Console\\Migrations\\FreshCommand), Object(Symfony\\Component\\Console\\Input\\ArgvInput), Object(Symfony\\Component\\Console\\Output\\ConsoleOutput))
#28 /Users/primesysindia/priyanshuprimesys/PersonalFolder/projects/pharmacy-erp-blueprint/doctor-erp/apps/admin-api/vendor/symfony/console/Application.php(218): Symfony\\Component\\Console\\Application->doRun(Object(Symfony\\Component\\Console\\Input\\ArgvInput), Object(Symfony\\Component\\Console\\Output\\ConsoleOutput))
#29 /Users/primesysindia/priyanshuprimesys/PersonalFolder/projects/pharmacy-erp-blueprint/doctor-erp/apps/admin-api/vendor/laravel/framework/src/Illuminate/Foundation/Console/Kernel.php(198): Symfony\\Component\\Console\\Application->run(Object(Symfony\\Component\\Console\\Input\\ArgvInput), Object(Symfony\\Component\\Console\\Output\\ConsoleOutput))
#30 /Users/primesysindia/priyanshuprimesys/PersonalFolder/projects/pharmacy-erp-blueprint/doctor-erp/apps/admin-api/vendor/laravel/framework/src/Illuminate/Foundation/Application.php(1242): Illuminate\\Foundation\\Console\\Kernel->handle(Object(Symfony\\Component\\Console\\Input\\ArgvInput), Object(Symfony\\Component\\Console\\Output\\ConsoleOutput))
#31 /Users/primesysindia/priyanshuprimesys/PersonalFolder/projects/pharmacy-erp-blueprint/doctor-erp/apps/admin-api/artisan(16): Illuminate\\Foundation\\Application->handleCommand(Object(Symfony\\Component\\Console\\Input\\ArgvInput))
#32 {main}
"} 
[2026-09-01 15:34:02] local.ERROR: Undefined property: Illuminate\Database\Eloquent\Relations\BelongsTo::$code {"exception":"[object] (ErrorException(code: 0): Undefined property: Illuminate\\Database\\Eloquent\\Relations\\BelongsTo::$code at /Users/primesysindia/priyanshuprimesys/PersonalFolder/projects/pharmacy-erp-blueprint/doctor-erp/apps/admin-api/Modules/License/Models/License.php:101)
[stacktrace]
#0 /Users/primesysindia/priyanshuprimesys/PersonalFolder/projects/pharmacy-erp-blueprint/doctor-erp/apps/admin-api/vendor/laravel/framework/src/Illuminate/Foundation/Bootstrap/HandleExceptions.php(263): Illuminate\\Foundation\\Bootstrap\\HandleExceptions->handleError(2, 'Undefined prope...', '/Users/primesys...', 101)
#1 /Users/primesysindia/priyanshuprimesys/PersonalFolder/projects/pharmacy-erp-blueprint/doctor-erp/apps/admin-api/Modules/License/Models/License.php(101): Illuminate\\Foundation\\Bootstrap\\HandleExceptions->{closure:Illuminate\\Foundation\\Bootstrap\\HandleExceptions::forwardsTo():262}(2, 'Undefined prope...', '/Users/primesys...', 101)
#2 /Users/primesysindia/priyanshuprimesys/PersonalFolder/projects/pharmacy-erp-blueprint/doctor-erp/apps/admin-api/vendor/laravel/framework/src/Illuminate/Database/Eloquent/Concerns/HasAttributes.php(731): Modules\\License\\Models\\License->getPlanAttribute(NULL)
#3 /Users/primesysindia/priyanshuprimesys/PersonalFolder/projects/pharmacy-erp-blueprint/doctor-erp/apps/admin-api/vendor/laravel/framework/src/Illuminate/Database/Eloquent/Concerns/HasAttributes.php(2411): Illuminate\\Database\\Eloquent\\Model->mutateAttribute('plan', NULL)
#4 /Users/primesysindia/priyanshuprimesys/PersonalFolder/projects/pharmacy-erp-blueprint/doctor-erp/apps/admin-api/vendor/laravel/framework/src/Illuminate/Database/Eloquent/Concerns/HasAttributes.php(541): Illuminate\\Database\\Eloquent\\Model->transformModelValue('plan', NULL)
#5 /Users/primesysindia/priyanshuprimesys/PersonalFolder/projects/pharmacy-erp-blueprint/doctor-erp/apps/admin-api/vendor/laravel/framework/src/Illuminate/Database/Eloquent/Concerns/HasAttributes.php(495): Illuminate\\Database\\Eloquent\\Model->getAttributeValue('plan')
#6 /Users/primesysindia/priyanshuprimesys/PersonalFolder/projects/pharmacy-erp-blueprint/doctor-erp/apps/admin-api/vendor/laravel/framework/src/Illuminate/Database/Eloquent/Model.php(2754): Illuminate\\Database\\Eloquent\\Model->getAttribute('plan')
#7 /Users/primesysindia/priyanshuprimesys/PersonalFolder/projects/pharmacy-erp-blueprint/doctor-erp/apps/admin-api/Modules/Auth/Services/AuthService.php(46): Illuminate\\Database\\Eloquent\\Model->__get('plan')
#8 /Users/primesysindia/priyanshuprimesys/PersonalFolder/projects/pharmacy-erp-blueprint/doctor-erp/apps/admin-api/Modules/Auth/Services/AuthService.php(131): Modules\\Auth\\Services\\AuthService->currentUser(Object(App\\Models\\User))
#9 /Users/primesysindia/priyanshuprimesys/PersonalFolder/projects/pharmacy-erp-blueprint/doctor-erp/apps/admin-api/Modules/Auth/Services/AuthService.php(34): Modules\\Auth\\Services\\AuthService->respondWithToken('eyJ0eXAiOiJKV1Q...')
#10 /Users/primesysindia/priyanshuprimesys/PersonalFolder/projects/pharmacy-erp-blueprint/doctor-erp/apps/admin-api/Modules/Auth/Controllers/AuthController.php(17): Modules\\Auth\\Services\\AuthService->login(Object(Modules\\Auth\\Http\\Requests\\LoginRequest))
#11 /Users/primesysindia/priyanshuprimesys/PersonalFolder/projects/pharmacy-erp-blueprint/doctor-erp/apps/admin-api/vendor/laravel/framework/src/Illuminate/Routing/ControllerDispatcher.php(46): Modules\\Auth\\Controllers\\AuthController->login(Object(Modules\\Auth\\Http\\Requests\\LoginRequest))
#12 /Users/primesysindia/priyanshuprimesys/PersonalFolder/projects/pharmacy-erp-blueprint/doctor-erp/apps/admin-api/vendor/laravel/framework/src/Illuminate/Routing/Route.php(276): Illuminate\\Routing\\ControllerDispatcher->dispatch(Object(Illuminate\\Routing\\Route), Object(Modules\\Auth\\Controllers\\AuthController), 'login')
#13 /Users/primesysindia/priyanshuprimesys/PersonalFolder/projects/pharmacy-erp-blueprint/doctor-erp/apps/admin-api/vendor/laravel/framework/src/Illuminate/Routing/Route.php(216): Illuminate\\Routing\\Route->runController()
#14 /Users/primesysindia/priyanshuprimesys/PersonalFolder/projects/pharmacy-erp-blueprint/doctor-erp/apps/admin-api/vendor/laravel/framework/src/Illuminate/Routing/Router.php(822): Illuminate\\Routing\\Route->run()
#15 /Users/primesysindia/priyanshuprimesys/PersonalFolder/projects/pharmacy-erp-blueprint/doctor-erp/apps/admin-api/vendor/laravel/framework/src/Illuminate/Pipeline/Pipeline.php(180): Illuminate\\Routing\\Router->{closure:Illuminate\\Routing\\Router::runRouteWithinStack():821}(Object(Illuminate\\Http\\Request))
#16 /Users/primesysindia/priyanshuprimesys/PersonalFolder/projects/pharmacy-erp-blueprint/doctor-erp/apps/admin-api/vendor/laravel/framework/src/Illuminate/Routing/Middleware/SubstituteBindings.php(52): Illuminate\\Pipeline\\Pipeline->{closure:Illuminate\\Pipeline\\Pipeline::prepareDestination():178}(Object(Illuminate\\Http\\Request))
#17 /Users/primesysindia/priyanshuprimesys/PersonalFolder/projects/pharmacy-erp-blueprint/doctor-erp/apps/admin-api/vendor/laravel/framework/src/Illuminate/Pipeline/Pipeline.php(219): Illuminate\\Routing\\Middleware\\SubstituteBindings->handle(Object(Illuminate\\Http\\Request), Object(Closure))
#18 /Users/primesysindia/priyanshuprimesys/PersonalFolder/projects/pharmacy-erp-blueprint/doctor-erp/apps/admin-api/vendor/laravel/framework/src/Illuminate/Pipeline/Pipeline.php(137): Illuminate\\Pipeline\\Pipeline->{closure:{closure:Illuminate\\Pipeline\\Pipeline::carry():194}:195}(Object(Illuminate\\Http\\Request))
#19 /Users/primesysindia/priyanshuprimesys/PersonalFolder/projects/pharmacy-erp-blueprint/doctor-erp/apps/admin-api/vendor/laravel/framework/src/Illuminate/Routing/Router.php(821): Illuminate\\Pipeline\\Pipeline->then(Object(Closure))
#20 /Users/primesysindia/priyanshuprimesys/PersonalFolder/projects/pharmacy-erp-blueprint/doctor-erp/apps/admin-api/vendor/laravel/framework/src/Illuminate/Routing/Router.php(800): Illuminate\\Routing\\Router->runRouteWithinStack(Object(Illuminate\\Routing\\Route), Object(Illuminate\\Http\\Request))
#21 /Users/primesysindia/priyanshuprimesys/PersonalFolder/projects/pharmacy-erp-blueprint/doctor-erp/apps/admin-api/vendor/laravel/framework/src/Illuminate/Routing/Router.php(764): Illuminate\\Routing\\Router->runRoute(Object(Illuminate\\Http\\Request), Object(Illuminate\\Routing\\Route))
#22 /Users/primesysindia/priyanshuprimesys/PersonalFolder/projects/pharmacy-erp-blueprint/doctor-erp/apps/admin-api/vendor/laravel/framework/src/Illuminate/Routing/Router.php(753): Illuminate\\Routing\\Router->dispatchToRoute(Object(Illuminate\\Http\\Request))
#23 /Users/primesysindia/priyanshuprimesys/PersonalFolder/projects/pharmacy-erp-blueprint/doctor-erp/apps/admin-api/vendor/laravel/framework/src/Illuminate/Foundation/Http/Kernel.php(200): Illuminate\\Routing\\Router->dispatch(Object(Illuminate\\Http\\Request))
#24 /Users/primesysindia/priyanshuprimesys/PersonalFolder/projects/pharmacy-erp-blueprint/doctor-erp/apps/admin-api/vendor/laravel/framework/src/Illuminate/Pipeline/Pipeline.php(180): Illuminate\\Foundation\\Http\\Kernel->{closure:Illuminate\\Foundation\\Http\\Kernel::dispatchToRouter():197}(Object(Illuminate\\Http\\Request))
#25 /Users/primesysindia/priyanshuprimesys/PersonalFolder/projects/pharmacy-erp-blueprint/doctor-erp/apps/admin-api/vendor/laravel/framework/src/Illuminate/Foundation/Http/Middleware/TransformsRequest.php(21): Illuminate\\Pipeline\\Pipeline->{closure:Illuminate\\Pipeline\\Pipeline::prepareDestination():178}(Object(Illuminate\\Http\\Request))
#26 /Users/primesysindia/priyanshuprimesys/PersonalFolder/projects/pharmacy-erp-blueprint/doctor-erp/apps/admin-api/vendor/laravel/framework/src/Illuminate/Foundation/Http/Middleware/ConvertEmptyStringsToNull.php(31): Illuminate\\Foundation\\Http\\Middleware\\TransformsRequest->handle(Object(Illuminate\\Http\\Request), Object(Closure))
#27 /Users/primesysindia/priyanshuprimesys/PersonalFolder/projects/pharmacy-erp-blueprint/doctor-erp/apps/admin-api/vendor/laravel/framework/src/Illuminate/Pipeline/Pipeline.php(219): Illuminate\\Foundation\\Http\\Middleware\\ConvertEmptyStringsToNull->handle(Object(Illuminate\\Http\\Request), Object(Closure))
#28 /Users/primesysindia/priyanshuprimesys/PersonalFolder/projects/pharmacy-erp-blueprint/doctor-erp/apps/admin-api/vendor/laravel/framework/src/Illuminate/Foundation/Http/Middleware/TransformsRequest.php(21): Illuminate\\Pipeline\\Pipeline->{closure:{closure:Illuminate\\Pipeline\\Pipeline::carry():194}:195}(Object(Illuminate\\Http\\Request))
#29 /Users/primesysindia/priyanshuprimesys/PersonalFolder/projects/pharmacy-erp-blueprint/doctor-erp/apps/admin-api/vendor/laravel/framework/src/Illuminate/Foundation/Http/Middleware/TrimStrings.php(51): Illuminate\\Foundation\\Http\\Middleware\\TransformsRequest->handle(Object(Illuminate\\Http\\Request), Object(Closure))
#30 /Users/primesysindia/priyanshuprimesys/PersonalFolder/projects/pharmacy-erp-blueprint/doctor-erp/apps/admin-api/vendor/laravel/framework/src/Illuminate/Pipeline/Pipeline.php(219): Illuminate\\Foundation\\Http\\Middleware\\TrimStrings->handle(Object(Illuminate\\Http\\Request), Object(Closure))
#31 /Users/primesysindia/priyanshuprimesys/PersonalFolder/projects/pharmacy-erp-blueprint/doctor-erp/apps/admin-api/vendor/laravel/framework/src/Illuminate/Http/Middleware/ValidatePostSize.php(27): Illuminate\\Pipeline\\Pipeline->{closure:{closure:Illuminate\\Pipeline\\Pipeline::carry():194}:195}(Object(Illuminate\\Http\\Request))
#32 /Users/primesysindia/priyanshuprimesys/PersonalFolder/projects/pharmacy-erp-blueprint/doctor-erp/apps/admin-api/vendor/laravel/framework/src/Illuminate/Pipeline/Pipeline.php(219): Illuminate\\Http\\Middleware\\ValidatePostSize->handle(Object(Illuminate\\Http\\Request), Object(Closure))
#33 /Users/primesysindia/priyanshuprimesys/PersonalFolder/projects/pharmacy-erp-blueprint/doctor-erp/apps/admin-api/vendor/laravel/framework/src/Illuminate/Foundation/Http/Middleware/PreventRequestsDuringMaintenance.php(110): Illuminate\\Pipeline\\Pipeline->{closure:{closure:Illuminate\\Pipeline\\Pipeline::carry():194}:195}(Object(Illuminate\\Http\\Request))
#34 /Users/primesysindia/priyanshuprimesys/PersonalFolder/projects/pharmacy-erp-blueprint/doctor-erp/apps/admin-api/vendor/laravel/framework/src/Illuminate/Pipeline/Pipeline.php(219): Illuminate\\Foundation\\Http\\Middleware\\PreventRequestsDuringMaintenance->handle(Object(Illuminate\\Http\\Request), Object(Closure))
#35 /Users/primesysindia/priyanshuprimesys/PersonalFolder/projects/pharmacy-erp-blueprint/doctor-erp/apps/admin-api/vendor/laravel/framework/src/Illuminate/Http/Middleware/HandleCors.php(74): Illuminate\\Pipeline\\Pipeline->{closure:{closure:Illuminate\\Pipeline\\Pipeline::carry():194}:195}(Object(Illuminate\\Http\\Request))
#36 /Users/primesysindia/priyanshuprimesys/PersonalFolder/projects/pharmacy-erp-blueprint/doctor-erp/apps/admin-api/vendor/laravel/framework/src/Illuminate/Pipeline/Pipeline.php(219): Illuminate\\Http\\Middleware\\HandleCors->handle(Object(Illuminate\\Http\\Request), Object(Closure))
#37 /Users/primesysindia/priyanshuprimesys/PersonalFolder/projects/pharmacy-erp-blueprint/doctor-erp/apps/admin-api/vendor/laravel/framework/src/Illuminate/Http/Middleware/TrustProxies.php(58): Illuminate\\Pipeline\\Pipeline->{closure:{closure:Illuminate\\Pipeline\\Pipeline::carry():194}:195}(Object(Illuminate\\Http\\Request))
#38 /Users/primesysindia/priyanshuprimesys/PersonalFolder/projects/pharmacy-erp-blueprint/doctor-erp/apps/admin-api/vendor/laravel/framework/src/Illuminate/Pipeline/Pipeline.php(219): Illuminate\\Http\\Middleware\\TrustProxies->handle(Object(Illuminate\\Http\\Request), Object(Closure))
#39 /Users/primesysindia/priyanshuprimesys/PersonalFolder/projects/pharmacy-erp-blueprint/doctor-erp/apps/admin-api/vendor/laravel/framework/src/Illuminate/Foundation/Http/Middleware/InvokeDeferredCallbacks.php(22): Illuminate\\Pipeline\\Pipeline->{closure:{closure:Illuminate\\Pipeline\\Pipeline::carry():194}:195}(Object(Illuminate\\Http\\Request))
#40 /Users/primesysindia/priyanshuprimesys/PersonalFolder/projects/pharmacy-erp-blueprint/doctor-erp/apps/admin-api/vendor/laravel/framework/src/Illuminate/Pipeline/Pipeline.php(219): Illuminate\\Foundation\\Http\\Middleware\\InvokeDeferredCallbacks->handle(Object(Illuminate\\Http\\Request), Object(Closure))
#41 /Users/primesysindia/priyanshuprimesys/PersonalFolder/projects/pharmacy-erp-blueprint/doctor-erp/apps/admin-api/vendor/laravel/framework/src/Illuminate/Http/Middleware/ValidatePathEncoding.php(28): Illuminate\\Pipeline\\Pipeline->{closure:{closure:Illuminate\\Pipeline\\Pipeline::carry():194}:195}(Object(Illuminate\\Http\\Request))
#42 /Users/primesysindia/priyanshuprimesys/PersonalFolder/projects/pharmacy-erp-blueprint/doctor-erp/apps/admin-api/vendor/laravel/framework/src/Illuminate/Pipeline/Pipeline.php(219): Illuminate\\Http\\Middleware\\ValidatePathEncoding->handle(Object(Illuminate\\Http\\Request), Object(Closure))
#43 /Users/primesysindia/priyanshuprimesys/PersonalFolder/projects/pharmacy-erp-blueprint/doctor-erp/apps/admin-api/vendor/laravel/framework/src/Illuminate/Pipeline/Pipeline.php(137): Illuminate\\Pipeline\\Pipeline->{closure:{closure:Illuminate\\Pipeline\\Pipeline::carry():194}:195}(Object(Illuminate\\Http\\Request))
#44 /Users/primesysindia/priyanshuprimesys/PersonalFolder/projects/pharmacy-erp-blueprint/doctor-erp/apps/admin-api/vendor/laravel/framework/src/Illuminate/Foundation/Http/Kernel.php(175): Illuminate\\Pipeline\\Pipeline->then(Object(Closure))
#45 /Users/primesysindia/priyanshuprimesys/PersonalFolder/projects/pharmacy-erp-blueprint/doctor-erp/apps/admin-api/vendor/laravel/framework/src/Illuminate/Foundation/Http/Kernel.php(144): Illuminate\\Foundation\\Http\\Kernel->sendRequestThroughRouter(Object(Illuminate\\Http\\Request))
#46 /Users/primesysindia/priyanshuprimesys/PersonalFolder/projects/pharmacy-erp-blueprint/doctor-erp/apps/admin-api/vendor/laravel/framework/src/Illuminate/Foundation/Application.php(1227): Illuminate\\Foundation\\Http\\Kernel->handle(Object(Illuminate\\Http\\Request))
#47 /Users/primesysindia/priyanshuprimesys/PersonalFolder/projects/pharmacy-erp-blueprint/doctor-erp/apps/admin-api/public/index.php(20): Illuminate\\Foundation\\Application->handleRequest(Object(Illuminate\\Http\\Request))
#48 /Users/primesysindia/priyanshuprimesys/PersonalFolder/projects/pharmacy-erp-blueprint/doctor-erp/apps/admin-api/vendor/laravel/framework/src/Illuminate/Foundation/resources/server.php(23): require_once('/Users/primesys...')
#49 {main}
"} 
[2026-09-01 15:41:41] local.ERROR: Route [login] not defined. {"exception":"[object] (Symfony\\Component\\Routing\\Exception\\RouteNotFoundException(code: 0): Route [login] not defined. at /Users/primesysindia/priyanshuprimesys/PersonalFolder/projects/pharmacy-erp-blueprint/doctor-erp/apps/admin-api/vendor/laravel/framework/src/Illuminate/Routing/UrlGenerator.php:542)
[stacktrace]
#0 /Users/primesysindia/priyanshuprimesys/PersonalFolder/projects/pharmacy-erp-blueprint/doctor-erp/apps/admin-api/vendor/laravel/framework/src/Illuminate/Foundation/helpers.php(870): Illuminate\\Routing\\UrlGenerator->route('login', Array, true)
#1 /Users/primesysindia/priyanshuprimesys/PersonalFolder/projects/pharmacy-erp-blueprint/doctor-erp/apps/admin-api/vendor/laravel/framework/src/Illuminate/Foundation/Configuration/ApplicationBuilder.php(291): route('login')
#2 [internal function]: Illuminate\\Foundation\\Configuration\\ApplicationBuilder->{closure:{closure:Illuminate\\Foundation\\Configuration\\ApplicationBuilder::withMiddleware():289}:291}(Object(Illuminate\\Http\\Request))
#3 /Users/primesysindia/priyanshuprimesys/PersonalFolder/projects/pharmacy-erp-blueprint/doctor-erp/apps/admin-api/vendor/laravel/framework/src/Illuminate/Auth/Middleware/Authenticate.php(117): call_user_func(Object(Closure), Object(Illuminate\\Http\\Request))
#4 /Users/primesysindia/priyanshuprimesys/PersonalFolder/projects/pharmacy-erp-blueprint/doctor-erp/apps/admin-api/vendor/laravel/framework/src/Illuminate/Auth/Middleware/Authenticate.php(104): Illuminate\\Auth\\Middleware\\Authenticate->redirectTo(Object(Illuminate\\Http\\Request))
#5 /Users/primesysindia/priyanshuprimesys/PersonalFolder/projects/pharmacy-erp-blueprint/doctor-erp/apps/admin-api/vendor/laravel/framework/src/Illuminate/Auth/Middleware/Authenticate.php(87): Illuminate\\Auth\\Middleware\\Authenticate->unauthenticated(Object(Illuminate\\Http\\Request), Array)
#6 /Users/primesysindia/priyanshuprimesys/PersonalFolder/projects/pharmacy-erp-blueprint/doctor-erp/apps/admin-api/vendor/laravel/framework/src/Illuminate/Auth/Middleware/Authenticate.php(61): Illuminate\\Auth\\Middleware\\Authenticate->authenticate(Object(Illuminate\\Http\\Request), Array)
#7 /Users/primesysindia/priyanshuprimesys/PersonalFolder/projects/pharmacy-erp-blueprint/doctor-erp/apps/admin-api/vendor/laravel/framework/src/Illuminate/Pipeline/Pipeline.php(219): Illuminate\\Auth\\Middleware\\Authenticate->handle(Object(Illuminate\\Http\\Request), Object(Closure), 'jwt')
#8 /Users/primesysindia/priyanshuprimesys/PersonalFolder/projects/pharmacy-erp-blueprint/doctor-erp/apps/admin-api/vendor/laravel/framework/src/Illuminate/Pipeline/Pipeline.php(137): Illuminate\\Pipeline\\Pipeline->{closure:{closure:Illuminate\\Pipeline\\Pipeline::carry():194}:195}(Object(Illuminate\\Http\\Request))
#9 /Users/primesysindia/priyanshuprimesys/PersonalFolder/projects/pharmacy-erp-blueprint/doctor-erp/apps/admin-api/vendor/laravel/framework/src/Illuminate/Routing/Router.php(821): Illuminate\\Pipeline\\Pipeline->then(Object(Closure))
#10 /Users/primesysindia/priyanshuprimesys/PersonalFolder/projects/pharmacy-erp-blueprint/doctor-erp/apps/admin-api/vendor/laravel/framework/src/Illuminate/Routing/Router.php(800): Illuminate\\Routing\\Router->runRouteWithinStack(Object(Illuminate\\Routing\\Route), Object(Illuminate\\Http\\Request))
#11 /Users/primesysindia/priyanshuprimesys/PersonalFolder/projects/pharmacy-erp-blueprint/doctor-erp/apps/admin-api/vendor/laravel/framework/src/Illuminate/Routing/Router.php(764): Illuminate\\Routing\\Router->runRoute(Object(Illuminate\\Http\\Request), Object(Illuminate\\Routing\\Route))
#12 /Users/primesysindia/priyanshuprimesys/PersonalFolder/projects/pharmacy-erp-blueprint/doctor-erp/apps/admin-api/vendor/laravel/framework/src/Illuminate/Routing/Router.php(753): Illuminate\\Routing\\Router->dispatchToRoute(Object(Illuminate\\Http\\Request))
#13 /Users/primesysindia/priyanshuprimesys/PersonalFolder/projects/pharmacy-erp-blueprint/doctor-erp/apps/admin-api/vendor/laravel/framework/src/Illuminate/Foundation/Http/Kernel.php(200): Illuminate\\Routing\\Router->dispatch(Object(Illuminate\\Http\\Request))
#14 /Users/primesysindia/priyanshuprimesys/PersonalFolder/projects/pharmacy-erp-blueprint/doctor-erp/apps/admin-api/vendor/laravel/framework/src/Illuminate/Pipeline/Pipeline.php(180): Illuminate\\Foundation\\Http\\Kernel->{closure:Illuminate\\Foundation\\Http\\Kernel::dispatchToRouter():197}(Object(Illuminate\\Http\\Request))
#15 /Users/primesysindia/priyanshuprimesys/PersonalFolder/projects/pharmacy-erp-blueprint/doctor-erp/apps/admin-api/vendor/laravel/framework/src/Illuminate/Foundation/Http/Middleware/TransformsRequest.php(21): Illuminate\\Pipeline\\Pipeline->{closure:Illuminate\\Pipeline\\Pipeline::prepareDestination():178}(Object(Illuminate\\Http\\Request))
#16 /Users/primesysindia/priyanshuprimesys/PersonalFolder/projects/pharmacy-erp-blueprint/doctor-erp/apps/admin-api/vendor/laravel/framework/src/Illuminate/Foundation/Http/Middleware/ConvertEmptyStringsToNull.php(31): Illuminate\\Foundation\\Http\\Middleware\\TransformsRequest->handle(Object(Illuminate\\Http\\Request), Object(Closure))
#17 /Users/primesysindia/priyanshuprimesys/PersonalFolder/projects/pharmacy-erp-blueprint/doctor-erp/apps/admin-api/vendor/laravel/framework/src/Illuminate/Pipeline/Pipeline.php(219): Illuminate\\Foundation\\Http\\Middleware\\ConvertEmptyStringsToNull->handle(Object(Illuminate\\Http\\Request), Object(Closure))
#18 /Users/primesysindia/priyanshuprimesys/PersonalFolder/projects/pharmacy-erp-blueprint/doctor-erp/apps/admin-api/vendor/laravel/framework/src/Illuminate/Foundation/Http/Middleware/TransformsRequest.php(21): Illuminate\\Pipeline\\Pipeline->{closure:{closure:Illuminate\\Pipeline\\Pipeline::carry():194}:195}(Object(Illuminate\\Http\\Request))
#19 /Users/primesysindia/priyanshuprimesys/PersonalFolder/projects/pharmacy-erp-blueprint/doctor-erp/apps/admin-api/vendor/laravel/framework/src/Illuminate/Foundation/Http/Middleware/TrimStrings.php(51): Illuminate\\Foundation\\Http\\Middleware\\TransformsRequest->handle(Object(Illuminate\\Http\\Request), Object(Closure))
#20 /Users/primesysindia/priyanshuprimesys/PersonalFolder/projects/pharmacy-erp-blueprint/doctor-erp/apps/admin-api/vendor/laravel/framework/src/Illuminate/Pipeline/Pipeline.php(219): Illuminate\\Foundation\\Http\\Middleware\\TrimStrings->handle(Object(Illuminate\\Http\\Request), Object(Closure))
#21 /Users/primesysindia/priyanshuprimesys/PersonalFolder/projects/pharmacy-erp-blueprint/doctor-erp/apps/admin-api/vendor/laravel/framework/src/Illuminate/Http/Middleware/ValidatePostSize.php(27): Illuminate\\Pipeline\\Pipeline->{closure:{closure:Illuminate\\Pipeline\\Pipeline::carry():194}:195}(Object(Illuminate\\Http\\Request))
#22 /Users/primesysindia/priyanshuprimesys/PersonalFolder/projects/pharmacy-erp-blueprint/doctor-erp/apps/admin-api/vendor/laravel/framework/src/Illuminate/Pipeline/Pipeline.php(219): Illuminate\\Http\\Middleware\\ValidatePostSize->handle(Object(Illuminate\\Http\\Request), Object(Closure))
#23 /Users/primesysindia/priyanshuprimesys/PersonalFolder/projects/pharmacy-erp-blueprint/doctor-erp/apps/admin-api/vendor/laravel/framework/src/Illuminate/Foundation/Http/Middleware/PreventRequestsDuringMaintenance.php(110): Illuminate\\Pipeline\\Pipeline->{closure:{closure:Illuminate\\Pipeline\\Pipeline::carry():194}:195}(Object(Illuminate\\Http\\Request))
#24 /Users/primesysindia/priyanshuprimesys/PersonalFolder/projects/pharmacy-erp-blueprint/doctor-erp/apps/admin-api/vendor/laravel/framework/src/Illuminate/Pipeline/Pipeline.php(219): Illuminate\\Foundation\\Http\\Middleware\\PreventRequestsDuringMaintenance->handle(Object(Illuminate\\Http\\Request), Object(Closure))
#25 /Users/primesysindia/priyanshuprimesys/PersonalFolder/projects/pharmacy-erp-blueprint/doctor-erp/apps/admin-api/vendor/laravel/framework/src/Illuminate/Http/Middleware/HandleCors.php(74): Illuminate\\Pipeline\\Pipeline->{closure:{closure:Illuminate\\Pipeline\\Pipeline::carry():194}:195}(Object(Illuminate\\Http\\Request))
#26 /Users/primesysindia/priyanshuprimesys/PersonalFolder/projects/pharmacy-erp-blueprint/doctor-erp/apps/admin-api/vendor/laravel/framework/src/Illuminate/Pipeline/Pipeline.php(219): Illuminate\\Http\\Middleware\\HandleCors->handle(Object(Illuminate\\Http\\Request), Object(Closure))
#27 /Users/primesysindia/priyanshuprimesys/PersonalFolder/projects/pharmacy-erp-blueprint/doctor-erp/apps/admin-api/vendor/laravel/framework/src/Illuminate/Http/Middleware/TrustProxies.php(58): Illuminate\\Pipeline\\Pipeline->{closure:{closure:Illuminate\\Pipeline\\Pipeline::carry():194}:195}(Object(Illuminate\\Http\\Request))
#28 /Users/primesysindia/priyanshuprimesys/PersonalFolder/projects/pharmacy-erp-blueprint/doctor-erp/apps/admin-api/vendor/laravel/framework/src/Illuminate/Pipeline/Pipeline.php(219): Illuminate\\Http\\Middleware\\TrustProxies->handle(Object(Illuminate\\Http\\Request), Object(Closure))
#29 /Users/primesysindia/priyanshuprimesys/PersonalFolder/projects/pharmacy-erp-blueprint/doctor-erp/apps/admin-api/vendor/laravel/framework/src/Illuminate/Foundation/Http/Middleware/InvokeDeferredCallbacks.php(22): Illuminate\\Pipeline\\Pipeline->{closure:{closure:Illuminate\\Pipeline\\Pipeline::carry():194}:195}(Object(Illuminate\\Http\\Request))
#30 /Users/primesysindia/priyanshuprimesys/PersonalFolder/projects/pharmacy-erp-blueprint/doctor-erp/apps/admin-api/vendor/laravel/framework/src/Illuminate/Pipeline/Pipeline.php(219): Illuminate\\Foundation\\Http\\Middleware\\InvokeDeferredCallbacks->handle(Object(Illuminate\\Http\\Request), Object(Closure))
#31 /Users/primesysindia/priyanshuprimesys/PersonalFolder/projects/pharmacy-erp-blueprint/doctor-erp/apps/admin-api/vendor/laravel/framework/src/Illuminate/Http/Middleware/ValidatePathEncoding.php(28): Illuminate\\Pipeline\\Pipeline->{closure:{closure:Illuminate\\Pipeline\\Pipeline::carry():194}:195}(Object(Illuminate\\Http\\Request))
#32 /Users/primesysindia/priyanshuprimesys/PersonalFolder/projects/pharmacy-erp-blueprint/doctor-erp/apps/admin-api/vendor/laravel/framework/src/Illuminate/Pipeline/Pipeline.php(219): Illuminate\\Http\\Middleware\\ValidatePathEncoding->handle(Object(Illuminate\\Http\\Request), Object(Closure))
#33 /Users/primesysindia/priyanshuprimesys/PersonalFolder/projects/pharmacy-erp-blueprint/doctor-erp/apps/admin-api/vendor/laravel/framework/src/Illuminate/Pipeline/Pipeline.php(137): Illuminate\\Pipeline\\Pipeline->{closure:{closure:Illuminate\\Pipeline\\Pipeline::carry():194}:195}(Object(Illuminate\\Http\\Request))
#34 /Users/primesysindia/priyanshuprimesys/PersonalFolder/projects/pharmacy-erp-blueprint/doctor-erp/apps/admin-api/vendor/laravel/framework/src/Illuminate/Foundation/Http/Kernel.php(175): Illuminate\\Pipeline\\Pipeline->then(Object(Closure))
#35 /Users/primesysindia/priyanshuprimesys/PersonalFolder/projects/pharmacy-erp-blueprint/doctor-erp/apps/admin-api/vendor/laravel/framework/src/Illuminate/Foundation/Http/Kernel.php(144): Illuminate\\Foundation\\Http\\Kernel->sendRequestThroughRouter(Object(Illuminate\\Http\\Request))
#36 /Users/primesysindia/priyanshuprimesys/PersonalFolder/projects/pharmacy-erp-blueprint/doctor-erp/apps/admin-api/vendor/laravel/framework/src/Illuminate/Foundation/Application.php(1227): Illuminate\\Foundation\\Http\\Kernel->handle(Object(Illuminate\\Http\\Request))
#37 /Users/primesysindia/priyanshuprimesys/PersonalFolder/projects/pharmacy-erp-blueprint/doctor-erp/apps/admin-api/public/index.php(20): Illuminate\\Foundation\\Application->handleRequest(Object(Illuminate\\Http\\Request))
#38 /Users/primesysindia/priyanshuprimesys/PersonalFolder/projects/pharmacy-erp-blueprint/doctor-erp/apps/admin-api/vendor/laravel/framework/src/Illuminate/Foundation/resources/server.php(23): require_once('/Users/primesys...')
#39 {main}
"} 
[2026-09-01 15:44:04] local.ERROR: Route [login] not defined. {"exception":"[object] (Symfony\\Component\\Routing\\Exception\\RouteNotFoundException(code: 0): Route [login] not defined. at /Users/primesysindia/priyanshuprimesys/PersonalFolder/projects/pharmacy-erp-blueprint/doctor-erp/apps/admin-api/vendor/laravel/framework/src/Illuminate/Routing/UrlGenerator.php:542)
[stacktrace]
#0 /Users/primesysindia/priyanshuprimesys/PersonalFolder/projects/pharmacy-erp-blueprint/doctor-erp/apps/admin-api/vendor/laravel/framework/src/Illuminate/Foundation/helpers.php(870): Illuminate\\Routing\\UrlGenerator->route('login', Array, true)
#1 /Users/primesysindia/priyanshuprimesys/PersonalFolder/projects/pharmacy-erp-blueprint/doctor-erp/apps/admin-api/vendor/laravel/framework/src/Illuminate/Foundation/Configuration/ApplicationBuilder.php(291): route('login')
#2 [internal function]: Illuminate\\Foundation\\Configuration\\ApplicationBuilder->{closure:{closure:Illuminate\\Foundation\\Configuration\\ApplicationBuilder::withMiddleware():289}:291}(Object(Illuminate\\Http\\Request))
#3 /Users/primesysindia/priyanshuprimesys/PersonalFolder/projects/pharmacy-erp-blueprint/doctor-erp/apps/admin-api/vendor/laravel/framework/src/Illuminate/Auth/Middleware/Authenticate.php(117): call_user_func(Object(Closure), Object(Illuminate\\Http\\Request))
#4 /Users/primesysindia/priyanshuprimesys/PersonalFolder/projects/pharmacy-erp-blueprint/doctor-erp/apps/admin-api/vendor/laravel/framework/src/Illuminate/Auth/Middleware/Authenticate.php(104): Illuminate\\Auth\\Middleware\\Authenticate->redirectTo(Object(Illuminate\\Http\\Request))
#5 /Users/primesysindia/priyanshuprimesys/PersonalFolder/projects/pharmacy-erp-blueprint/doctor-erp/apps/admin-api/vendor/laravel/framework/src/Illuminate/Auth/Middleware/Authenticate.php(87): Illuminate\\Auth\\Middleware\\Authenticate->unauthenticated(Object(Illuminate\\Http\\Request), Array)
#6 /Users/primesysindia/priyanshuprimesys/PersonalFolder/projects/pharmacy-erp-blueprint/doctor-erp/apps/admin-api/vendor/laravel/framework/src/Illuminate/Auth/Middleware/Authenticate.php(61): Illuminate\\Auth\\Middleware\\Authenticate->authenticate(Object(Illuminate\\Http\\Request), Array)
#7 /Users/primesysindia/priyanshuprimesys/PersonalFolder/projects/pharmacy-erp-blueprint/doctor-erp/apps/admin-api/vendor/laravel/framework/src/Illuminate/Pipeline/Pipeline.php(219): Illuminate\\Auth\\Middleware\\Authenticate->handle(Object(Illuminate\\Http\\Request), Object(Closure), 'jwt')
#8 /Users/primesysindia/priyanshuprimesys/PersonalFolder/projects/pharmacy-erp-blueprint/doctor-erp/apps/admin-api/vendor/laravel/framework/src/Illuminate/Pipeline/Pipeline.php(137): Illuminate\\Pipeline\\Pipeline->{closure:{closure:Illuminate\\Pipeline\\Pipeline::carry():194}:195}(Object(Illuminate\\Http\\Request))
#9 /Users/primesysindia/priyanshuprimesys/PersonalFolder/projects/pharmacy-erp-blueprint/doctor-erp/apps/admin-api/vendor/laravel/framework/src/Illuminate/Routing/Router.php(821): Illuminate\\Pipeline\\Pipeline->then(Object(Closure))
#10 /Users/primesysindia/priyanshuprimesys/PersonalFolder/projects/pharmacy-erp-blueprint/doctor-erp/apps/admin-api/vendor/laravel/framework/src/Illuminate/Routing/Router.php(800): Illuminate\\Routing\\Router->runRouteWithinStack(Object(Illuminate\\Routing\\Route), Object(Illuminate\\Http\\Request))
#11 /Users/primesysindia/priyanshuprimesys/PersonalFolder/projects/pharmacy-erp-blueprint/doctor-erp/apps/admin-api/vendor/laravel/framework/src/Illuminate/Routing/Router.php(764): Illuminate\\Routing\\Router->runRoute(Object(Illuminate\\Http\\Request), Object(Illuminate\\Routing\\Route))
#12 /Users/primesysindia/priyanshuprimesys/PersonalFolder/projects/pharmacy-erp-blueprint/doctor-erp/apps/admin-api/vendor/laravel/framework/src/Illuminate/Routing/Router.php(753): Illuminate\\Routing\\Router->dispatchToRoute(Object(Illuminate\\Http\\Request))
#13 /Users/primesysindia/priyanshuprimesys/PersonalFolder/projects/pharmacy-erp-blueprint/doctor-erp/apps/admin-api/vendor/laravel/framework/src/Illuminate/Foundation/Http/Kernel.php(200): Illuminate\\Routing\\Router->dispatch(Object(Illuminate\\Http\\Request))
#14 /Users/primesysindia/priyanshuprimesys/PersonalFolder/projects/pharmacy-erp-blueprint/doctor-erp/apps/admin-api/vendor/laravel/framework/src/Illuminate/Pipeline/Pipeline.php(180): Illuminate\\Foundation\\Http\\Kernel->{closure:Illuminate\\Foundation\\Http\\Kernel::dispatchToRouter():197}(Object(Illuminate\\Http\\Request))
#15 /Users/primesysindia/priyanshuprimesys/PersonalFolder/projects/pharmacy-erp-blueprint/doctor-erp/apps/admin-api/vendor/laravel/framework/src/Illuminate/Foundation/Http/Middleware/TransformsRequest.php(21): Illuminate\\Pipeline\\Pipeline->{closure:Illuminate\\Pipeline\\Pipeline::prepareDestination():178}(Object(Illuminate\\Http\\Request))
#16 /Users/primesysindia/priyanshuprimesys/PersonalFolder/projects/pharmacy-erp-blueprint/doctor-erp/apps/admin-api/vendor/laravel/framework/src/Illuminate/Foundation/Http/Middleware/ConvertEmptyStringsToNull.php(31): Illuminate\\Foundation\\Http\\Middleware\\TransformsRequest->handle(Object(Illuminate\\Http\\Request), Object(Closure))
#17 /Users/primesysindia/priyanshuprimesys/PersonalFolder/projects/pharmacy-erp-blueprint/doctor-erp/apps/admin-api/vendor/laravel/framework/src/Illuminate/Pipeline/Pipeline.php(219): Illuminate\\Foundation\\Http\\Middleware\\ConvertEmptyStringsToNull->handle(Object(Illuminate\\Http\\Request), Object(Closure))
#18 /Users/primesysindia/priyanshuprimesys/PersonalFolder/projects/pharmacy-erp-blueprint/doctor-erp/apps/admin-api/vendor/laravel/framework/src/Illuminate/Foundation/Http/Middleware/TransformsRequest.php(21): Illuminate\\Pipeline\\Pipeline->{closure:{closure:Illuminate\\Pipeline\\Pipeline::carry():194}:195}(Object(Illuminate\\Http\\Request))
#19 /Users/primesysindia/priyanshuprimesys/PersonalFolder/projects/pharmacy-erp-blueprint/doctor-erp/apps/admin-api/vendor/laravel/framework/src/Illuminate/Foundation/Http/Middleware/TrimStrings.php(51): Illuminate\\Foundation\\Http\\Middleware\\TransformsRequest->handle(Object(Illuminate\\Http\\Request), Object(Closure))
#20 /Users/primesysindia/priyanshuprimesys/PersonalFolder/projects/pharmacy-erp-blueprint/doctor-erp/apps/admin-api/vendor/laravel/framework/src/Illuminate/Pipeline/Pipeline.php(219): Illuminate\\Foundation\\Http\\Middleware\\TrimStrings->handle(Object(Illuminate\\Http\\Request), Object(Closure))
#21 /Users/primesysindia/priyanshuprimesys/PersonalFolder/projects/pharmacy-erp-blueprint/doctor-erp/apps/admin-api/vendor/laravel/framework/src/Illuminate/Http/Middleware/ValidatePostSize.php(27): Illuminate\\Pipeline\\Pipeline->{closure:{closure:Illuminate\\Pipeline\\Pipeline::carry():194}:195}(Object(Illuminate\\Http\\Request))
#22 /Users/primesysindia/priyanshuprimesys/PersonalFolder/projects/pharmacy-erp-blueprint/doctor-erp/apps/admin-api/vendor/laravel/framework/src/Illuminate/Pipeline/Pipeline.php(219): Illuminate\\Http\\Middleware\\ValidatePostSize->handle(Object(Illuminate\\Http\\Request), Object(Closure))
#23 /Users/primesysindia/priyanshuprimesys/PersonalFolder/projects/pharmacy-erp-blueprint/doctor-erp/apps/admin-api/vendor/laravel/framework/src/Illuminate/Foundation/Http/Middleware/PreventRequestsDuringMaintenance.php(110): Illuminate\\Pipeline\\Pipeline->{closure:{closure:Illuminate\\Pipeline\\Pipeline::carry():194}:195}(Object(Illuminate\\Http\\Request))
#24 /Users/primesysindia/priyanshuprimesys/PersonalFolder/projects/pharmacy-erp-blueprint/doctor-erp/apps/admin-api/vendor/laravel/framework/src/Illuminate/Pipeline/Pipeline.php(219): Illuminate\\Foundation\\Http\\Middleware\\PreventRequestsDuringMaintenance->handle(Object(Illuminate\\Http\\Request), Object(Closure))
#25 /Users/primesysindia/priyanshuprimesys/PersonalFolder/projects/pharmacy-erp-blueprint/doctor-erp/apps/admin-api/vendor/laravel/framework/src/Illuminate/Http/Middleware/HandleCors.php(74): Illuminate\\Pipeline\\Pipeline->{closure:{closure:Illuminate\\Pipeline\\Pipeline::carry():194}:195}(Object(Illuminate\\Http\\Request))
#26 /Users/primesysindia/priyanshuprimesys/PersonalFolder/projects/pharmacy-erp-blueprint/doctor-erp/apps/admin-api/vendor/laravel/framework/src/Illuminate/Pipeline/Pipeline.php(219): Illuminate\\Http\\Middleware\\HandleCors->handle(Object(Illuminate\\Http\\Request), Object(Closure))
#27 /Users/primesysindia/priyanshuprimesys/PersonalFolder/projects/pharmacy-erp-blueprint/doctor-erp/apps/admin-api/vendor/laravel/framework/src/Illuminate/Http/Middleware/TrustProxies.php(58): Illuminate\\Pipeline\\Pipeline->{closure:{closure:Illuminate\\Pipeline\\Pipeline::carry():194}:195}(Object(Illuminate\\Http\\Request))
#28 /Users/primesysindia/priyanshuprimesys/PersonalFolder/projects/pharmacy-erp-blueprint/doctor-erp/apps/admin-api/vendor/laravel/framework/src/Illuminate/Pipeline/Pipeline.php(219): Illuminate\\Http\\Middleware\\TrustProxies->handle(Object(Illuminate\\Http\\Request), Object(Closure))
#29 /Users/primesysindia/priyanshuprimesys/PersonalFolder/projects/pharmacy-erp-blueprint/doctor-erp/apps/admin-api/vendor/laravel/framework/src/Illuminate/Foundation/Http/Middleware/InvokeDeferredCallbacks.php(22): Illuminate\\Pipeline\\Pipeline->{closure:{closure:Illuminate\\Pipeline\\Pipeline::carry():194}:195}(Object(Illuminate\\Http\\Request))
#30 /Users/primesysindia/priyanshuprimesys/PersonalFolder/projects/pharmacy-erp-blueprint/doctor-erp/apps/admin-api/vendor/laravel/framework/src/Illuminate/Pipeline/Pipeline.php(219): Illuminate\\Foundation\\Http\\Middleware\\InvokeDeferredCallbacks->handle(Object(Illuminate\\Http\\Request), Object(Closure))
#31 /Users/primesysindia/priyanshuprimesys/PersonalFolder/projects/pharmacy-erp-blueprint/doctor-erp/apps/admin-api/vendor/laravel/framework/src/Illuminate/Http/Middleware/ValidatePathEncoding.php(28): Illuminate\\Pipeline\\Pipeline->{closure:{closure:Illuminate\\Pipeline\\Pipeline::carry():194}:195}(Object(Illuminate\\Http\\Request))
#32 /Users/primesysindia/priyanshuprimesys/PersonalFolder/projects/pharmacy-erp-blueprint/doctor-erp/apps/admin-api/vendor/laravel/framework/src/Illuminate/Pipeline/Pipeline.php(219): Illuminate\\Http\\Middleware\\ValidatePathEncoding->handle(Object(Illuminate\\Http\\Request), Object(Closure))
#33 /Users/primesysindia/priyanshuprimesys/PersonalFolder/projects/pharmacy-erp-blueprint/doctor-erp/apps/admin-api/vendor/laravel/framework/src/Illuminate/Pipeline/Pipeline.php(137): Illuminate\\Pipeline\\Pipeline->{closure:{closure:Illuminate\\Pipeline\\Pipeline::carry():194}:195}(Object(Illuminate\\Http\\Request))
#34 /Users/primesysindia/priyanshuprimesys/PersonalFolder/projects/pharmacy-erp-blueprint/doctor-erp/apps/admin-api/vendor/laravel/framework/src/Illuminate/Foundation/Http/Kernel.php(175): Illuminate\\Pipeline\\Pipeline->then(Object(Closure))
#35 /Users/primesysindia/priyanshuprimesys/PersonalFolder/projects/pharmacy-erp-blueprint/doctor-erp/apps/admin-api/vendor/laravel/framework/src/Illuminate/Foundation/Http/Kernel.php(144): Illuminate\\Foundation\\Http\\Kernel->sendRequestThroughRouter(Object(Illuminate\\Http\\Request))
#36 /Users/primesysindia/priyanshuprimesys/PersonalFolder/projects/pharmacy-erp-blueprint/doctor-erp/apps/admin-api/vendor/laravel/framework/src/Illuminate/Foundation/Application.php(1227): Illuminate\\Foundation\\Http\\Kernel->handle(Object(Illuminate\\Http\\Request))
#37 /Users/primesysindia/priyanshuprimesys/PersonalFolder/projects/pharmacy-erp-blueprint/doctor-erp/apps/admin-api/public/index.php(20): Illuminate\\Foundation\\Application->handleRequest(Object(Illuminate\\Http\\Request))
#38 /Users/primesysindia/priyanshuprimesys/PersonalFolder/projects/pharmacy-erp-blueprint/doctor-erp/apps/admin-api/vendor/laravel/framework/src/Illuminate/Foundation/resources/server.php(23): require_once('/Users/primesys...')
#39 {main}
"} 
[2026-09-03 17:33:30] local.ERROR: Command "module:generate" is not defined.

Did you mean one of these?
    key:generate
    model:prune
    model:show
    module:composer-update
    module:delete
    module:disable
    module:dump
    module:enable
    module:install
    module:lang
    module:list
    module:list-commands
    module:make
    module:make-action
    module:make-cast
    module:make-channel
    module:make-class
    module:make-command
    module:make-component
    module:make-component-view
    module:make-controller
    module:make-enum
    module:make-event
    module:make-event-provider
    module:make-exception
    module:make-factory
    module:make-helper
    module:make-inertia-component
    module:make-inertia-page
    module:make-interface
    module:make-job
    module:make-listener
    module:make-mail
    module:make-middleware
    module:make-migration
    module:make-model
    module:make-notification
    module:make-observer
    module:make-policy
    module:make-provider
    module:make-replacement
    module:make-repository
    module:make-request
    module:make-resource
    module:make-rule
    module:make-scope
    module:make-seed
    module:make-service
    module:make-test
    module:make-trait
    module:make-view
    module:migrate
    module:migrate-fresh
    module:migrate-refresh
    module:migrate-reset
    module:migrate-rollback
    module:migrate-status
    module:model-show
    module:prune
    module:publish
    module:publish-config
    module:publish-inertia
    module:publish-migration
    module:publish-translation
    module:route-provider
    module:seed
    module:setup
    module:unuse
    module:update
    module:update-phpunit-coverage
    module:use
    module:v6:migrate {"exception":"[object] (Symfony\\Component\\Console\\Exception\\CommandNotFoundException(code: 0): Command \"module:generate\" is not defined.

Did you mean one of these?
    key:generate
    model:prune
    model:show
    module:composer-update
    module:delete
    module:disable
    module:dump
    module:enable
    module:install
    module:lang
    module:list
    module:list-commands
    module:make
    module:make-action
    module:make-cast
    module:make-channel
    module:make-class
    module:make-command
    module:make-component
    module:make-component-view
    module:make-controller
    module:make-enum
    module:make-event
    module:make-event-provider
    module:make-exception
    module:make-factory
    module:make-helper
    module:make-inertia-component
    module:make-inertia-page
    module:make-interface
    module:make-job
    module:make-listener
    module:make-mail
    module:make-middleware
    module:make-migration
    module:make-model
    module:make-notification
    module:make-observer
    module:make-policy
    module:make-provider
    module:make-replacement
    module:make-repository
    module:make-request
    module:make-resource
    module:make-rule
    module:make-scope
    module:make-seed
    module:make-service
    module:make-test
    module:make-trait
    module:make-view
    module:migrate
    module:migrate-fresh
    module:migrate-refresh
    module:migrate-reset
    module:migrate-rollback
    module:migrate-status
    module:model-show
    module:prune
    module:publish
    module:publish-config
    module:publish-inertia
    module:publish-migration
    module:publish-translation
    module:route-provider
    module:seed
    module:setup
    module:unuse
    module:update
    module:update-phpunit-coverage
    module:use
    module:v6:migrate at /Users/primesysindia/priyanshuprimesys/PersonalFolder/projects/pharmacy-erp-blueprint/doctor-erp/apps/admin-api/vendor/symfony/console/Application.php:785)
[stacktrace]
#0 /Users/primesysindia/priyanshuprimesys/PersonalFolder/projects/pharmacy-erp-blueprint/doctor-erp/apps/admin-api/vendor/symfony/console/Application.php(321): Symfony\\Component\\Console\\Application->find('module:generate')
#1 /Users/primesysindia/priyanshuprimesys/PersonalFolder/projects/pharmacy-erp-blueprint/doctor-erp/apps/admin-api/vendor/symfony/console/Application.php(218): Symfony\\Component\\Console\\Application->doRun(Object(Symfony\\Component\\Console\\Input\\ArgvInput), Object(Symfony\\Component\\Console\\Output\\ConsoleOutput))
#2 /Users/primesysindia/priyanshuprimesys/PersonalFolder/projects/pharmacy-erp-blueprint/doctor-erp/apps/admin-api/vendor/laravel/framework/src/Illuminate/Foundation/Console/Kernel.php(198): Symfony\\Component\\Console\\Application->run(Object(Symfony\\Component\\Console\\Input\\ArgvInput), Object(Symfony\\Component\\Console\\Output\\ConsoleOutput))
#3 /Users/primesysindia/priyanshuprimesys/PersonalFolder/projects/pharmacy-erp-blueprint/doctor-erp/apps/admin-api/vendor/laravel/framework/src/Illuminate/Foundation/Application.php(1242): Illuminate\\Foundation\\Console\\Kernel->handle(Object(Symfony\\Component\\Console\\Input\\ArgvInput), Object(Symfony\\Component\\Console\\Output\\ConsoleOutput))
#4 /Users/primesysindia/priyanshuprimesys/PersonalFolder/projects/pharmacy-erp-blueprint/doctor-erp/apps/admin-api/artisan(16): Illuminate\\Foundation\\Application->handleCommand(Object(Symfony\\Component\\Console\\Input\\ArgvInput))
#5 {main}
"} 
[2026-09-03 17:38:19] local.ERROR: The "--module" option does not exist. {"exception":"[object] (Symfony\\Component\\Console\\Exception\\RuntimeException(code: 0): The \"--module\" option does not exist. at /Users/primesysindia/priyanshuprimesys/PersonalFolder/projects/pharmacy-erp-blueprint/doctor-erp/apps/admin-api/vendor/symfony/console/Input/ArgvInput.php:226)
[stacktrace]
#0 /Users/primesysindia/priyanshuprimesys/PersonalFolder/projects/pharmacy-erp-blueprint/doctor-erp/apps/admin-api/vendor/symfony/console/Input/ArgvInput.php(153): Symfony\\Component\\Console\\Input\\ArgvInput->addLongOption('module', 'FinancialYear')
#1 /Users/primesysindia/priyanshuprimesys/PersonalFolder/projects/pharmacy-erp-blueprint/doctor-erp/apps/admin-api/vendor/symfony/console/Input/ArgvInput.php(88): Symfony\\Component\\Console\\Input\\ArgvInput->parseLongOption('--module=Financ...')
#2 /Users/primesysindia/priyanshuprimesys/PersonalFolder/projects/pharmacy-erp-blueprint/doctor-erp/apps/admin-api/vendor/symfony/console/Input/ArgvInput.php(77): Symfony\\Component\\Console\\Input\\ArgvInput->parseToken('--module=Financ...', true)
#3 /Users/primesysindia/priyanshuprimesys/PersonalFolder/projects/pharmacy-erp-blueprint/doctor-erp/apps/admin-api/vendor/symfony/console/Input/Input.php(53): Symfony\\Component\\Console\\Input\\ArgvInput->parse()
#4 /Users/primesysindia/priyanshuprimesys/PersonalFolder/projects/pharmacy-erp-blueprint/doctor-erp/apps/admin-api/vendor/symfony/console/Command/Command.php(238): Symfony\\Component\\Console\\Input\\Input->bind(Object(Symfony\\Component\\Console\\Input\\InputDefinition))
#5 /Users/primesysindia/priyanshuprimesys/PersonalFolder/projects/pharmacy-erp-blueprint/doctor-erp/apps/admin-api/vendor/laravel/framework/src/Illuminate/Console/Command.php(261): Symfony\\Component\\Console\\Command\\Command->run(Object(Symfony\\Component\\Console\\Input\\ArgvInput), Object(Illuminate\\Console\\OutputStyle))
#6 /Users/primesysindia/priyanshuprimesys/PersonalFolder/projects/pharmacy-erp-blueprint/doctor-erp/apps/admin-api/vendor/symfony/console/Application.php(1144): Illuminate\\Console\\Command->run(Object(Symfony\\Component\\Console\\Input\\ArgvInput), Object(Symfony\\Component\\Console\\Output\\ConsoleOutput))
#7 /Users/primesysindia/priyanshuprimesys/PersonalFolder/projects/pharmacy-erp-blueprint/doctor-erp/apps/admin-api/vendor/symfony/console/Application.php(379): Symfony\\Component\\Console\\Application->doRunCommand(Object(Nwidart\\Modules\\Commands\\Database\\MigrateCommand), Object(Symfony\\Component\\Console\\Input\\ArgvInput), Object(Symfony\\Component\\Console\\Output\\ConsoleOutput))
#8 /Users/primesysindia/priyanshuprimesys/PersonalFolder/projects/pharmacy-erp-blueprint/doctor-erp/apps/admin-api/vendor/symfony/console/Application.php(218): Symfony\\Component\\Console\\Application->doRun(Object(Symfony\\Component\\Console\\Input\\ArgvInput), Object(Symfony\\Component\\Console\\Output\\ConsoleOutput))
#9 /Users/primesysindia/priyanshuprimesys/PersonalFolder/projects/pharmacy-erp-blueprint/doctor-erp/apps/admin-api/vendor/laravel/framework/src/Illuminate/Foundation/Console/Kernel.php(198): Symfony\\Component\\Console\\Application->run(Object(Symfony\\Component\\Console\\Input\\ArgvInput), Object(Symfony\\Component\\Console\\Output\\ConsoleOutput))
#10 /Users/primesysindia/priyanshuprimesys/PersonalFolder/projects/pharmacy-erp-blueprint/doctor-erp/apps/admin-api/vendor/laravel/framework/src/Illuminate/Foundation/Application.php(1242): Illuminate\\Foundation\\Console\\Kernel->handle(Object(Symfony\\Component\\Console\\Input\\ArgvInput), Object(Symfony\\Component\\Console\\Output\\ConsoleOutput))
#11 /Users/primesysindia/priyanshuprimesys/PersonalFolder/projects/pharmacy-erp-blueprint/doctor-erp/apps/admin-api/artisan(16): Illuminate\\Foundation\\Application->handleCommand(Object(Symfony\\Component\\Console\\Input\\ArgvInput))
#12 {main}
"} 
[2026-09-03 17:42:54] local.ERROR: You must select at least one module {"exception":"[object] (Laravel\\Prompts\\Exceptions\\NonInteractiveValidationException(code: 0): You must select at least one module at /Users/primesysindia/priyanshuprimesys/PersonalFolder/projects/pharmacy-erp-blueprint/doctor-erp/apps/admin-api/vendor/laravel/prompts/src/Concerns/Interactivity.php:32)
[stacktrace]
#0 /Users/primesysindia/priyanshuprimesys/PersonalFolder/projects/pharmacy-erp-blueprint/doctor-erp/apps/admin-api/vendor/laravel/prompts/src/Prompt.php(114): Laravel\\Prompts\\Prompt->default()
#1 /Users/primesysindia/priyanshuprimesys/PersonalFolder/projects/pharmacy-erp-blueprint/doctor-erp/apps/admin-api/vendor/laravel/prompts/src/helpers.php(235): Laravel\\Prompts\\Prompt->prompt()
#2 /Users/primesysindia/priyanshuprimesys/PersonalFolder/projects/pharmacy-erp-blueprint/doctor-erp/apps/admin-api/vendor/nwidart/laravel-modules/src/Commands/BaseCommand.php(112): Laravel\\Prompts\\multisearch('Select Modules', Object(Closure), '', 5, 'You must select...')
#3 /Users/primesysindia/priyanshuprimesys/PersonalFolder/projects/pharmacy-erp-blueprint/doctor-erp/apps/admin-api/vendor/laravel/framework/src/Illuminate/Console/Concerns/PromptsForMissingInput.php(29): Nwidart\\Modules\\Commands\\BaseCommand->promptForMissingArguments(Object(Symfony\\Component\\Console\\Input\\ArgvInput), Object(Illuminate\\Console\\OutputStyle))
#4 /Users/primesysindia/priyanshuprimesys/PersonalFolder/projects/pharmacy-erp-blueprint/doctor-erp/apps/admin-api/vendor/symfony/console/Command/Command.php(264): Illuminate\\Console\\Command->interact(Object(Symfony\\Component\\Console\\Input\\ArgvInput), Object(Illuminate\\Console\\OutputStyle))
#5 /Users/primesysindia/priyanshuprimesys/PersonalFolder/projects/pharmacy-erp-blueprint/doctor-erp/apps/admin-api/vendor/laravel/framework/src/Illuminate/Console/Command.php(261): Symfony\\Component\\Console\\Command\\Command->run(Object(Symfony\\Component\\Console\\Input\\ArgvInput), Object(Illuminate\\Console\\OutputStyle))
#6 /Users/primesysindia/priyanshuprimesys/PersonalFolder/projects/pharmacy-erp-blueprint/doctor-erp/apps/admin-api/vendor/symfony/console/Application.php(1144): Illuminate\\Console\\Command->run(Object(Symfony\\Component\\Console\\Input\\ArgvInput), Object(Symfony\\Component\\Console\\Output\\ConsoleOutput))
#7 /Users/primesysindia/priyanshuprimesys/PersonalFolder/projects/pharmacy-erp-blueprint/doctor-erp/apps/admin-api/vendor/symfony/console/Application.php(379): Symfony\\Component\\Console\\Application->doRunCommand(Object(Nwidart\\Modules\\Commands\\Actions\\DumpCommand), Object(Symfony\\Component\\Console\\Input\\ArgvInput), Object(Symfony\\Component\\Console\\Output\\ConsoleOutput))
#8 /Users/primesysindia/priyanshuprimesys/PersonalFolder/projects/pharmacy-erp-blueprint/doctor-erp/apps/admin-api/vendor/symfony/console/Application.php(218): Symfony\\Component\\Console\\Application->doRun(Object(Symfony\\Component\\Console\\Input\\ArgvInput), Object(Symfony\\Component\\Console\\Output\\ConsoleOutput))
#9 /Users/primesysindia/priyanshuprimesys/PersonalFolder/projects/pharmacy-erp-blueprint/doctor-erp/apps/admin-api/vendor/laravel/framework/src/Illuminate/Foundation/Console/Kernel.php(198): Symfony\\Component\\Console\\Application->run(Object(Symfony\\Component\\Console\\Input\\ArgvInput), Object(Symfony\\Component\\Console\\Output\\ConsoleOutput))
#10 /Users/primesysindia/priyanshuprimesys/PersonalFolder/projects/pharmacy-erp-blueprint/doctor-erp/apps/admin-api/vendor/laravel/framework/src/Illuminate/Foundation/Application.php(1242): Illuminate\\Foundation\\Console\\Kernel->handle(Object(Symfony\\Component\\Console\\Input\\ArgvInput), Object(Symfony\\Component\\Console\\Output\\ConsoleOutput))
#11 /Users/primesysindia/priyanshuprimesys/PersonalFolder/projects/pharmacy-erp-blueprint/doctor-erp/apps/admin-api/artisan(16): Illuminate\\Foundation\\Application->handleCommand(Object(Symfony\\Component\\Console\\Input\\ArgvInput))
#12 {main}
"} 
[2026-09-03 17:42:59] local.ERROR: You must select at least one module {"exception":"[object] (Laravel\\Prompts\\Exceptions\\NonInteractiveValidationException(code: 0): You must select at least one module at /Users/primesysindia/priyanshuprimesys/PersonalFolder/projects/pharmacy-erp-blueprint/doctor-erp/apps/admin-api/vendor/laravel/prompts/src/Concerns/Interactivity.php:32)
[stacktrace]
#0 /Users/primesysindia/priyanshuprimesys/PersonalFolder/projects/pharmacy-erp-blueprint/doctor-erp/apps/admin-api/vendor/laravel/prompts/src/Prompt.php(114): Laravel\\Prompts\\Prompt->default()
#1 /Users/primesysindia/priyanshuprimesys/PersonalFolder/projects/pharmacy-erp-blueprint/doctor-erp/apps/admin-api/vendor/laravel/prompts/src/helpers.php(235): Laravel\\Prompts\\Prompt->prompt()
#2 /Users/primesysindia/priyanshuprimesys/PersonalFolder/projects/pharmacy-erp-blueprint/doctor-erp/apps/admin-api/vendor/nwidart/laravel-modules/src/Commands/BaseCommand.php(112): Laravel\\Prompts\\multisearch('Select Modules', Object(Closure), '', 5, 'You must select...')
#3 /Users/primesysindia/priyanshuprimesys/PersonalFolder/projects/pharmacy-erp-blueprint/doctor-erp/apps/admin-api/vendor/laravel/framework/src/Illuminate/Console/Concerns/PromptsForMissingInput.php(29): Nwidart\\Modules\\Commands\\BaseCommand->promptForMissingArguments(Object(Symfony\\Component\\Console\\Input\\ArgvInput), Object(Illuminate\\Console\\OutputStyle))
#4 /Users/primesysindia/priyanshuprimesys/PersonalFolder/projects/pharmacy-erp-blueprint/doctor-erp/apps/admin-api/vendor/symfony/console/Command/Command.php(264): Illuminate\\Console\\Command->interact(Object(Symfony\\Component\\Console\\Input\\ArgvInput), Object(Illuminate\\Console\\OutputStyle))
#5 /Users/primesysindia/priyanshuprimesys/PersonalFolder/projects/pharmacy-erp-blueprint/doctor-erp/apps/admin-api/vendor/laravel/framework/src/Illuminate/Console/Command.php(261): Symfony\\Component\\Console\\Command\\Command->run(Object(Symfony\\Component\\Console\\Input\\ArgvInput), Object(Illuminate\\Console\\OutputStyle))
#6 /Users/primesysindia/priyanshuprimesys/PersonalFolder/projects/pharmacy-erp-blueprint/doctor-erp/apps/admin-api/vendor/symfony/console/Application.php(1144): Illuminate\\Console\\Command->run(Object(Symfony\\Component\\Console\\Input\\ArgvInput), Object(Symfony\\Component\\Console\\Output\\ConsoleOutput))
#7 /Users/primesysindia/priyanshuprimesys/PersonalFolder/projects/pharmacy-erp-blueprint/doctor-erp/apps/admin-api/vendor/symfony/console/Application.php(379): Symfony\\Component\\Console\\Application->doRunCommand(Object(Nwidart\\Modules\\Commands\\Actions\\DumpCommand), Object(Symfony\\Component\\Console\\Input\\ArgvInput), Object(Symfony\\Component\\Console\\Output\\ConsoleOutput))
#8 /Users/primesysindia/priyanshuprimesys/PersonalFolder/projects/pharmacy-erp-blueprint/doctor-erp/apps/admin-api/vendor/symfony/console/Application.php(218): Symfony\\Component\\Console\\Application->doRun(Object(Symfony\\Component\\Console\\Input\\ArgvInput), Object(Symfony\\Component\\Console\\Output\\ConsoleOutput))
#9 /Users/primesysindia/priyanshuprimesys/PersonalFolder/projects/pharmacy-erp-blueprint/doctor-erp/apps/admin-api/vendor/laravel/framework/src/Illuminate/Foundation/Console/Kernel.php(198): Symfony\\Component\\Console\\Application->run(Object(Symfony\\Component\\Console\\Input\\ArgvInput), Object(Symfony\\Component\\Console\\Output\\ConsoleOutput))
#10 /Users/primesysindia/priyanshuprimesys/PersonalFolder/projects/pharmacy-erp-blueprint/doctor-erp/apps/admin-api/vendor/laravel/framework/src/Illuminate/Foundation/Application.php(1242): Illuminate\\Foundation\\Console\\Kernel->handle(Object(Symfony\\Component\\Console\\Input\\ArgvInput), Object(Symfony\\Component\\Console\\Output\\ConsoleOutput))
#11 /Users/primesysindia/priyanshuprimesys/PersonalFolder/projects/pharmacy-erp-blueprint/doctor-erp/apps/admin-api/artisan(16): Illuminate\\Foundation\\Application->handleCommand(Object(Symfony\\Component\\Console\\Input\\ArgvInput))
#12 {main}
"} 
